pattern,quality,support,pattern_delta,error_class_0,error_class_1,size_class_0,size_class_1,std_class_0,std_class_1,dataset_size,max_gap,support_penalty,sigmoid_offset
"[{'1044'}, {'22571'}]",0.8367651417045269,135,0.6321099428153585,0.7497972863561967,0.11768734354083821,17,118,0.14588120489098272,0.07328969497232443,6785,1,0.0,2
"[{'1044'}, {'22571'}, {'10085'}]",0.8171091425945357,131,0.6380896485532107,0.7524837162345648,0.11439406768135403,16,115,0.14996240001536743,0.06567472960015058,6785,1,0.0,2
"[{'22571'}, {'10085'}]",0.8171091425945357,131,0.6380896485532107,0.7524837162345648,0.11439406768135403,16,115,0.14996240001536743,0.06567472960015058,6785,1,0.0,2
"[{'6101'}, {'2075'}]",0.7763981986429123,71,0.5441497789865191,0.6748425178229809,0.13069273883646185,16,55,0.18662993346714415,0.08064273398512853,6785,1,0.0,2
[{'9951'}],0.7603868554190817,82,0.5081947006172303,0.6674558911472559,0.1592611905300256,16,66,0.15817497403643704,0.11164708187413118,6785,1,0.0,2
[{'4689'}],0.6620356766466245,63,0.5499908042450746,0.6689532299836477,0.11896242573857307,15,48,0.23435630772912983,0.08240923002333098,6785,1,0.0,2
[{'16939'}],0.5728088585342055,146,0.490200184607828,0.6336889550089836,0.14348877040115562,35,111,0.22172383660646014,0.10790071857376603,6785,1,0.0,2
"[{'2317'}, {'2308'}]",0.5394988166159933,60,0.44989149865101685,0.5989434737712145,0.14905197512019763,16,44,0.20846652781971822,0.11074724620240899,6785,1,0.0,2
[{'12581'}],0.5386375280592822,168,0.42172218335760336,0.5860677007234322,0.1643455173658288,53,115,0.20710122701659114,0.10807589512956123,6785,1,0.0,2
[{'9040'}],0.4746488284654591,265,0.3955259767016829,0.5651881058553332,0.16966212915365028,76,189,0.1940358768214874,0.11174403794034933,6785,1,0.0,2
"[{'3021'}, {'7207'}]",0.43617425921201514,96,0.4096242806149854,0.5857215834160646,0.17609730280107921,24,72,0.2156381937736158,0.12100066209261572,6785,1,0.0,2
"[{'3348'}, {'2007'}]",0.41964367179671663,73,0.432804225302162,0.6453760957176035,0.21257187041544146,11,62,0.1945378618476958,0.1359514035314767,6785,1,0.0,2
[{'5223'}],0.39623949515557527,201,0.38129927073965963,0.5501005448626749,0.16880127412301524,66,135,0.22917100562449347,0.13110137126682392,6785,1,0.0,2
[{'5637'}],0.3925231650832562,208,0.3926368601845973,0.5619570141037306,0.16932015391913327,54,154,0.2172338496671987,0.10689609977116589,6785,1,0.0,2
"[{'1037'}, {'2304'}]",0.3322718692527259,67,0.3005143074592572,0.5118328623828434,0.21131855492358623,21,46,0.18212561757134815,0.1588839048848012,6785,1,0.0,2
[{'6101'}],0.30161408011080587,234,0.33829340318430345,0.5081141733310439,0.16982077014674046,77,157,0.23205340938546337,0.12697126681023915,6785,1,0.0,2
[{'2304'}],0.2889958919956114,233,0.30723969318874345,0.5161115238026007,0.20887183061385728,67,166,0.213949758801463,0.14073924393505735,6785,1,0.0,2
"[{'28616'}, {'15707'}, {'26942'}]",0.25924034521445133,110,0.3502600216692737,0.5262054507770846,0.17594542910781089,31,79,0.29143589201925,0.1145135891566891,6785,1,0.0,2
"[{'15707'}, {'26942'}]",0.25924034521445133,110,0.3502600216692737,0.5262054507770846,0.17594542910781089,31,79,0.29143589201925,0.1145135891566891,6785,1,0.0,2
[{'2317'}],0.24694930003696366,458,0.30564813517749323,0.4845144543518771,0.1788663191743839,134,324,0.2296722805803608,0.12718904732964437,6785,1,0.0,2
"[{'2138'}, {'2002'}]",0.23711512611109417,87,0.2919778244533846,0.49056217193603513,0.1985843474826505,25,62,0.2382979744408161,0.15325887961319878,6785,1,0.0,2
"[{'2075'}, {'2308'}]",0.22598671533008832,105,0.37634498020588714,0.5061252251840554,0.12978024497816834,26,79,0.32574771611452424,0.10155942889370842,6785,1,0.0,2
"[{'1010'}, {'8398'}]",0.22446285579938868,91,0.3084166148254225,0.4530971783238488,0.14468056349842637,37,54,0.2634536143646441,0.11311094726572883,6785,1,0.0,2
"[{'8398'}, {'1037'}]",0.2188809714390614,73,0.346336031614831,0.4807895856599013,0.1344535540450703,18,55,0.2785899653362807,0.09870897863086255,6785,1,0.0,2
[{'5305'}],0.21749904546678595,98,0.40603921040297425,0.5175557206658756,0.1115165102629014,17,81,0.30431850887756595,0.07543458424060766,6785,1,0.0,2
[{'3021'}],0.2133841095586755,200,0.2817890643743992,0.4602711728378518,0.17848210846345255,73,127,0.2639727148840763,0.12833982494070123,6785,1,0.0,2
"[{'1996'}, {'2317'}]",0.2118543495872562,80,0.28225512696163996,0.4635158181190491,0.18126069115740912,24,56,0.24741443144150366,0.15665187898020105,6785,1,0.0,2
"[{'4424'}, {'6101'}]",0.21135823505435608,112,0.23562874243415863,0.4434738086491096,0.207845066214951,41,71,0.20259018345330823,0.14759615958300143,6785,1,0.0,2
[{'1008'}],0.21077695720110268,98,0.35883182016950027,0.4521291193862756,0.09329729921677533,30,68,0.2999654680555511,0.051393842412901194,6785,1,0.0,2
"[{'2016'}, {'2003'}, {'1037'}]",0.20825660383081768,80,0.3063333667038629,0.4600811416748911,0.15374777497102818,32,48,0.3105808042655868,0.15204146435918411,6785,1,0.0,2
"[{'28616'}, {'15707'}]",0.20246858164848322,168,0.27776086779083575,0.46377305159794874,0.18601218380711296,58,110,0.28631950869577927,0.13203458937868376,6785,1,0.0,2
"[{'1996'}, {'2277'}]",0.19729189684745876,151,0.19072652323800188,0.15789885639722617,0.34862537963522805,106,45,0.1530047653169098,0.23649469897076741,6785,1,0.0,2
"[{'8398'}, {'2003'}]",0.1964535361820211,158,0.31897609047666575,0.46087037187975805,0.14189428140309232,37,121,0.27281362827937067,0.1154400375560503,6785,1,0.0,2
"[{'8991'}, {'18400'}]",0.1944830878521847,85,0.2973412527487828,0.45599159598350525,0.15865034323472244,20,65,0.2531820013707303,0.09130470194749991,6785,1,0.0,2
"[{'2008'}, {'8398'}]",0.1943720796265114,95,0.26943337970819226,0.4517805556456248,0.18234717593743252,30,65,0.2687868278532566,0.14628116484491038,6785,1,0.0,2
"[{'2060'}, {'2308'}]",0.1912987046063228,64,0.22542805358888166,0.4631887052494746,0.23776065166059293,26,38,0.27839060413501,0.17355387764984162,6785,1,0.0,2
"[{'2002'}, {'1005'}, {'1055'}]",0.19111544632878485,138,0.28038037301480834,0.43510538746010174,0.15472501444529338,55,83,0.28855584219437047,0.1544481402387398,6785,1,0.0,2
[{'2277'}],0.19103616912428814,225,0.18312342813075413,0.16668164850242675,0.3498050766331809,155,70,0.15658908274846015,0.2512364565342305,6785,1,0.0,2
"[{'8398'}, {'1005'}]",0.19050772573640268,143,0.2621792193163525,0.4470721399242228,0.18489292060787027,55,88,0.29061467389671436,0.1463193572725709,6785,1,0.0,2
[{'4126'}],0.18837056008595263,113,0.222060177716959,0.43425950715723244,0.21219932944027345,46,67,0.23633654516271901,0.13628485999990966,6785,1,0.0,2
"[{'2002'}, {'1055'}]",0.1882073520572335,140,0.27579440894935814,0.43163443968764376,0.15584003073828562,56,84,0.28708105403134787,0.15386175551078066,6785,1,0.0,2
"[{'1010'}, {'1996'}, {'1010'}]",0.18562475734470116,61,0.1597653517789311,0.18947434508138233,0.3492396968603134,36,25,0.1646927649735685,0.26320484591652576,6785,1,0.0,2
"[{'1998'}, {'2010'}]",0.18537053862777028,118,0.258857910707475,0.42266044311407136,0.1638025324065964,41,77,0.24686415159120884,0.1289776447355406,6785,1,0.0,2
"[{'4424'}, {'1012'}]",0.18249087311298695,72,0.20082918269610978,0.4455485797446707,0.24471939704856094,23,49,0.22385542326886795,0.17382473412042165,6785,1,0.0,2
"[{'3348'}, {'1012'}]",0.18141250446591103,91,0.20693781387187746,0.4434429540791932,0.23650514020731575,34,57,0.24852183842631614,0.1930260876102936,6785,1,0.0,2
[{'6905'}],0.18137685088388414,167,0.22538708613206035,0.42005013469868985,0.1946630485666295,71,96,0.23938195106043406,0.14036609042439827,6785,1,0.0,2
"[{'8398'}, {'1012'}]",0.1806288475556549,139,0.25891136330314524,0.40305174697529184,0.14414038367214657,55,84,0.2359976853877923,0.1247016114928151,6785,1,0.0,2
"[{'2054'}, {'2002'}]",0.17727710525701884,67,0.21493699456806536,0.436978906944946,0.22204191237688065,27,40,0.2694543311844219,0.16287790852280185,6785,1,0.0,2
[{'18520'}],0.17648649967620908,301,0.2583421744598975,0.4220095293223858,0.16366735486248832,100,201,0.27116781009638674,0.1248646436419998,6785,1,0.0,2
"[{'2002'}, {'2000'}]",0.17629855302957068,90,0.24410742859948764,0.4089893583546985,0.16488192975521088,33,57,0.24221034099337038,0.14030887423407082,6785,1,0.0,2
"[{'2016'}, {'1005'}, {'1055'}]",0.17612249229085486,101,0.22218841460164426,0.416682711802423,0.19449429720077874,48,53,0.2528768850971504,0.17260129368669633,6785,1,0.0,2
"[{'8398'}, {'1005'}, {'1055'}]",0.17582157702117648,122,0.24788744249665143,0.42429551957769596,0.17640807708104453,47,75,0.28545823955559885,0.12871282613723112,6785,1,0.0,2
"[{'2024'}, {'2074'}]",0.17469894984699083,72,0.2089016718324274,0.44570511649362743,0.23680344466120004,32,40,0.29617244958375666,0.23198759935702162,6785,1,0.0,2
"[{'2031'}, {'2017'}]",0.17437401497551722,63,0.25544161298151674,0.41673765280123415,0.1612960398197174,29,34,0.297603337641985,0.09716088851240834,6785,1,0.0,2
[{'2730'}],0.17427507128923214,110,0.23139691393336526,0.4159182668056177,0.18452135287225246,46,64,0.2627181156677133,0.13894152216052938,6785,1,0.0,2
"[{'8398'}, {'1055'}]",0.1742742555986618,127,0.2408399906594951,0.4238263919639091,0.182986401304414,48,79,0.2809659858159471,0.12996057226826735,6785,1,0.0,2
"[{'2075'}, {'1012'}]",0.1741849367377567,95,0.24830593708236118,0.4105255972180102,0.162219660135649,36,59,0.2612803476364591,0.14158753414462028,6785,1,0.0,2
"[{'3789'}, {'2005'}]",0.17326859571660158,102,0.23907730636037575,0.4178968975093307,0.17881959114895493,41,61,0.2768011039059784,0.18140576587172585,6785,1,0.0,2
"[{'2084'}, {'2273'}]",0.17267526087278973,71,0.13788779962318715,0.2012185581367124,0.33910635775989956,44,27,0.1979594328083475,0.2489360620756312,6785,1,0.0,2
"[{'2068'}, {'1996'}]",0.17262119213198754,81,0.2231077231723359,0.42356726503930986,0.20045954186697396,32,49,0.2710966962468216,0.19934323552360414,6785,1,0.0,2
[{'8398'}],0.17223004721155133,900,0.2480735069848244,0.4171383471756771,0.16906484019085272,296,604,0.26656996097281144,0.14762309627394457,6785,1,0.0,2
"[{'2023'}, {'2406'}]",0.1721873308104548,67,0.2198482305541927,0.4123360837499301,0.19248785319573739,33,34,0.25750495712276955,0.21432084285024897,6785,1,0.0,2
[{'6687'}],0.17200199199987673,60,0.1578243133425713,0.18443580865859982,0.3422601220011711,35,25,0.20595306758486112,0.30356384373761086,6785,1,0.0,2
[{'4424'}],0.1708147277343948,398,0.19093201936298124,0.413536232719953,0.22260421335697175,148,250,0.21591579907832875,0.1555657293081841,6785,1,0.0,2
"[{'10469'}, {'2015'}]",0.16845743315803716,93,0.20662446520402672,0.4021863721703228,0.1955619069662961,38,55,0.22842153442185884,0.1397884268340353,6785,1,0.0,2
[{'10166'}],0.16842093412370437,70,0.23278604498084046,0.4087298109661788,0.1759437659853383,32,38,0.280031010088017,0.16528391172262644,6785,1,0.0,2
"[{'2228'}, {'1005'}]",0.16734621822043944,65,0.24899275964956583,0.4028494851115872,0.15385672546202137,34,31,0.2916141509515849,0.07449412627820699,6785,1,0.0,2
"[{'2016'}, {'1005'}]",0.16608737589710523,179,0.21272365084577713,0.4020734472309842,0.18934979638520708,85,94,0.2531078234307778,0.15175061986663138,6785,1,0.0,2
"[{'1012'}, {'8398'}]",0.16603563146350095,207,0.2478506695817969,0.39728001199784824,0.14942934241605133,61,146,0.23541027877487974,0.12265107139412361,6785,1,0.0,2
[{'5152'}],0.16570996654993198,186,0.20625842712828696,0.4099247543173924,0.20366632718910543,57,129,0.2255605845896758,0.14224795208893948,6785,1,0.0,2
"[{'1997'}, {'4424'}]",0.16508690398269113,94,0.1527011567528868,0.40408902970098315,0.25138787294809634,42,52,0.18686219236898877,0.15409657428807075,6785,1,0.0,2
"[{'2002'}, {'2003'}]",0.16488035282858085,162,0.25366890747789983,0.40488001083334285,0.15121110335544305,54,108,0.28215473967034727,0.1238440240490361,6785,1,0.0,2
"[{'1999'}, {'2010'}]",0.16383668071129515,88,0.22358180166532593,0.3962367105608185,0.17265490889549256,48,40,0.2616507618616344,0.11492993185924581,6785,1,0.0,2
"[{'2002'}, {'2001'}]",0.16359079780148603,189,0.2046377745064109,0.40355166249178553,0.19891388798537463,74,115,0.24732340231845817,0.1872108684905937,6785,1,0.0,2
[{'5130'}],0.16357786337760996,89,0.2878867565792482,0.41939617019324077,0.13150941361399257,21,68,0.30047035279978523,0.08078344154409015,6785,1,0.0,2
"[{'999'}, {'999'}, {'999'}]",0.16320582114028026,85,0.2554374465892522,0.4107807449720524,0.1553432983828002,27,58,0.3012339427509025,0.17244084064224252,6785,1,0.0,2
"[{'2111'}, {'1010'}]",0.16268320107933423,109,0.21883918167245034,0.3990167643664018,0.18017758269395148,53,56,0.27104704485572784,0.15213000807770946,6785,1,0.0,2
"[{'1037'}, {'1029'}]",0.16228630728403287,80,0.19309295846697982,0.407615863933013,0.2145229054660332,39,41,0.2603491630847392,0.15297158419404147,6785,1,0.0,2
[{'8991'}],0.16214365763812133,99,0.23773196036951938,0.40666802026904547,0.1689360598995261,26,73,0.24714971302879812,0.12315871933785238,6785,1,0.0,2
"[{'2002'}, {'1005'}]",0.1616198373112447,224,0.22353907643422835,0.39902241832466534,0.175483341890437,93,131,0.2750722707952991,0.1599161798359818,6785,1,0.0,2
"[{'2003'}, {'1037'}, {'1012'}]",0.1615107084850813,81,0.20789767215809515,0.40248528267106704,0.19458761051297188,31,50,0.2574852779440667,0.20143636848143548,6785,1,0.0,2
[{'28616'}],0.16142384329190262,237,0.21278737396911943,0.4058651174513661,0.19307774348224668,98,139,0.27925638029666194,0.14757822227120682,6785,1,0.0,2
"[{'999'}, {'1045'}]",0.16006701673038792,70,0.23002822566579148,0.39367881326964405,0.16365058760385257,33,37,0.28539102862976623,0.15782732816055256,6785,1,0.0,2
[{'7207'}],0.15990143426060863,298,0.22257818243605348,0.39895680426347135,0.17637862182741787,99,199,0.25943799067899387,0.12836979112316058,6785,1,0.0,2
"[{'1037'}, {'9129'}]",0.15862203672515507,63,0.2439366341532801,0.40558194763520183,0.16164531348192174,17,46,0.2757582467850491,0.16787645676650706,6785,1,0.0,2
"[{'2216'}, {'2308'}]",0.15781315175191624,61,0.20816591053560216,0.39860246498738566,0.1904365544517835,31,30,0.285543035431795,0.1694513975914313,6785,1,0.0,2
"[{'2308'}, {'1998'}, {'2336'}]",0.15695322955668095,86,0.20015056663307182,0.40014453526390226,0.19999396863083044,38,48,0.2803821448559292,0.19466596381898008,6785,1,0.0,2
[{'2740'}],0.1569054566405944,144,0.1148657514428606,0.21621326357126236,0.33107901501412296,95,49,0.2014717182287155,0.25374888157198217,6785,1,0.0,2
"[{'1037'}, {'2450'}, {'2040'}]",0.15676638376181076,82,0.1842932451124254,0.39938358776271343,0.21509034265028804,44,38,0.25963933031231634,0.2117474624679595,6785,1,0.0,2
"[{'1998'}, {'2002'}]",0.156485612178128,118,0.2056416824063119,0.3908849880927139,0.185243305686402,45,73,0.2550089369638453,0.16621947346874236,6785,1,0.0,2
"[{'2023'}, {'2450'}, {'2003'}]",0.15633686993779883,66,0.20766832472062574,0.32507108747959135,0.11740276275896559,15,51,0.204106766215079,0.10555573538720897,6785,1,0.0,2
[{'2923'}],0.1562046208011323,234,0.21145731777372495,0.4144649711293234,0.20300765335559845,71,163,0.2924005308871542,0.19059359306328114,6785,1,0.0,2
"[{'2108'}, {'1037'}]",0.1550548541716963,97,0.18614768228438464,0.40049840528063657,0.21435072299625194,41,56,0.2711129213068371,0.2053631455681085,6785,1,0.0,2
"[{'2017'}, {'2024'}, {'1037'}]",0.15474518048575317,66,0.2533040943183005,0.39872209215536714,0.14541799783706666,16,50,0.27528727834381633,0.10174357621573993,6785,1,0.0,2
"[{'1012'}, {'2016'}, {'2003'}]",0.15454520214436,60,0.22294420521688516,0.3970948042856021,0.17415059906871697,22,38,0.303269981187191,0.18985899541669304,6785,1,0.0,2
"[{'2020'}, {'1012'}]",0.15368048012701357,61,0.08679901087384728,0.26618494345423055,0.35298395432807783,34,27,0.23115441096345885,0.26489065011181834,6785,1,0.0,2
"[{'2138'}, {'1005'}]",0.15304878703634536,81,0.21769382787699051,0.38028896645163046,0.16259513857463995,33,48,0.26935592298797845,0.11421229620094457,6785,1,0.0,2
[{'7928'}],0.1527853064130597,161,0.18451653928428455,0.388378507471171,0.20386196818688643,69,92,0.2543823301185592,0.16237165079994453,6785,1,0.0,2
[{'2102'}],0.15266818921071,253,0.19445056342572428,0.38762787904809504,0.19317731562237075,102,151,0.26219176727205457,0.16910705273236326,6785,1,0.0,2
"[{'2498'}, {'2000'}]",0.15247064441599228,76,0.192349196816025,0.39162728367816835,0.19927808686214335,42,34,0.2790107234847787,0.16516895179529573,6785,1,0.0,2
[{'10469'}],0.15230171784981314,210,0.1815651763941269,0.38574780631496247,0.20418262992083558,83,127,0.24084213390696732,0.16292621908164026,6785,1,0.0,2
"[{'1037'}, {'2210'}]",0.15222719892019973,65,0.168118741138172,0.3928785343413,0.224759793203128,27,38,0.24413171356689514,0.1787890718144113,6785,1,0.0,2
"[{'2017'}, {'2025'}]",0.15170317137611353,94,0.20088838874899628,0.3795574271055155,0.1786690383565192,43,51,0.26290292725856,0.14513906407520644,6785,1,0.0,2
"[{'2100'}, {'1012'}]",0.15137250630913554,63,0.1808885466469371,0.3134247597468936,0.1325362130999565,23,40,0.2144362064344688,0.07297565498700491,6785,1,0.0,2
[{'2032'}],0.15111218734693563,436,0.2130497497977555,0.373175125505243,0.1601253757074875,175,261,0.25465365764538783,0.1299834730407077,6785,1,0.0,2
"[{'2005'}, {'8398'}]",0.15074487892862165,77,0.17265922699494582,0.381083732651126,0.20842450565618018,31,46,0.22888009650307642,0.2103545651143751,6785,1,0.0,2
"[{'2043'}, {'2002'}]",0.1501918353619044,90,0.16298754546791314,0.3959200346842408,0.23293248921632767,40,50,0.2625680223324655,0.20628360925870848,6785,1,0.0,2
"[{'999'}, {'999'}]",0.14998905196798223,136,0.22563685245958032,0.3726286131377314,0.14699176067815106,51,85,0.2699767944749638,0.15394117057245138,6785,1,0.0,2
"[{'2000'}, {'2010'}]",0.14947764841492506,99,0.1534650816874845,0.3909886819975717,0.2375236003100872,49,50,0.24363524039082482,0.19266264517394383,6785,1,0.0,2
"[{'2017'}, {'2215'}]",0.14875863348486948,117,0.2142784779782964,0.3661634548118821,0.1518849768335857,54,63,0.25978474437066207,0.09313545548297913,6785,1,0.0,2
"[{'2308'}, {'2037'}]",0.14875463519300933,64,0.21666044543962926,0.37063707679044455,0.1539766313508153,32,32,0.28001814250679646,0.14397923856345027,6785,1,0.0,2
"[{'2785'}, {'1997'}]",0.14848245220829293,95,0.16821082596813802,0.3888917807012032,0.2206809547330652,39,56,0.26093175573265065,0.19733507365651984,6785,1,0.0,2
"[{'1012'}, {'2115'}]",0.14815162992211997,154,0.18220010691117342,0.38160067479141424,0.19940056788024083,61,93,0.2612454981946494,0.18204143183847005,6785,1,0.0,2
"[{'2097'}, {'2025'}]",0.1480542193969438,64,0.1892713968331615,0.37375519070774316,0.18448379387458166,40,24,0.24360335465155714,0.11472727627535581,6785,1,0.0,2
"[{'2027'}, {'1005'}, {'2128'}]",0.14798429152781314,87,0.18664076735858756,0.37618441311152356,0.189543645752936,38,49,0.26012275807368473,0.16204232343650626,6785,1,0.0,2
"[{'1010'}, {'2308'}, {'1010'}]",0.14757214899630647,64,0.1764698970702387,0.3744311380770899,0.1979612410068512,31,33,0.24780413837573098,0.152442354652014,6785,1,0.0,2
"[{'1029'}, {'2017'}]",0.14753353588493764,177,0.19092035906279786,0.3710551518201828,0.18013479275738492,75,102,0.25180873417174726,0.16701831868855685,6785,1,0.0,2
"[{'2010'}, {'1010'}]",0.14748676469274408,79,0.16569576922517557,0.3809958426998212,0.2153000734746456,39,40,0.2519037755604347,0.17007761261392895,6785,1,0.0,2
"[{'2017'}, {'1005'}, {'2128'}]",0.14731166958989514,222,0.19527268902584577,0.3710115452848592,0.17573885625901342,103,119,0.26406754714987796,0.16475364555659827,6785,1,0.0,2
"[{'1012'}, {'2002'}, {'1005'}]",0.1471626556695528,65,0.2050394999806757,0.3845273586256163,0.17948785864494063,21,44,0.2864554735498823,0.17542695529692057,6785,1,0.0,2
[{'3233'}],0.14700761079383343,101,0.196694967044672,0.36468954319539276,0.16799457615072078,46,55,0.24672026195573118,0.12524166071532303,6785,1,0.0,2
"[{'2016'}, {'2003'}]",0.14699658080012123,226,0.20229123033064364,0.3693087132290957,0.16701748289845206,94,132,0.26423607325186116,0.16014814157225624,6785,1,0.0,2
[{'2785'}],0.14699620010184425,120,0.16511038970734393,0.3848284251242876,0.21971803541694368,50,70,0.2586007390430016,0.20012568304975478,6785,1,0.0,2
"[{'2442'}, {'2022'}]",0.1469350092999662,95,0.18150553213602375,0.38072210877406887,0.19921657663804512,41,54,0.27491123760036923,0.14068002247170733,6785,1,0.0,2
"[{'2014'}, {'3129'}]",0.14640789712856084,75,0.19444520771503448,0.3762998804450035,0.18185467272996902,29,46,0.27547278635303984,0.15637751293719873,6785,1,0.0,2
"[{'2032'}, {'1012'}]",0.14620899915224345,130,0.19428951981885018,0.3672384905971979,0.1729489707783477,57,73,0.2571009882069903,0.14856198974574833,6785,1,0.0,2
[{'8840'}],0.14610668810337918,84,0.20130863096784143,0.3687993044800618,0.16749067351222038,34,50,0.26694648299194534,0.14231674174699152,6785,1,0.0,2
"[{'1010'}, {'2002'}]",0.14571577527727772,224,0.16800894948490364,0.38365440632937087,0.21564545684446723,106,118,0.27830535668488665,0.20125905258793728,6785,1,0.0,2
[{'3348'}],0.14535756761817517,514,0.15865244542930457,0.3819286089003738,0.2232761634710692,183,331,0.2401944295960352,0.18183884444844428,6785,1,0.0,2
"[{'2008'}, {'2017'}]",0.1451666236199194,189,0.171162910437397,0.3676824487270193,0.19651953828962226,94,95,0.23985123738621808,0.1484331669051025,6785,1,0.0,2
[{'3789'}],0.14515924553318701,195,0.18118757483990572,0.3705581988158979,0.1893706239759922,95,100,0.26333588922839285,0.17352375676307902,6785,1,0.0,2
[{'4122'}],0.14507125151640338,121,0.18985317151923226,0.37080031324107693,0.18094714172184467,53,68,0.2735521257701769,0.16855538867942893,6785,1,0.0,2
"[{'1996'}, {'2157'}, {'2000'}]",0.14491281369458997,72,0.07294215614491323,0.2593944255024829,0.3323365816473961,47,25,0.20932926904350457,0.23253809748519844,6785,1,0.0,2
"[{'1012'}, {'2017'}, {'1005'}]",0.14479159140703282,133,0.17241816800502366,0.36878850647518713,0.19637033847016347,62,71,0.24728020487588157,0.1929598938205812,6785,1,0.0,2
"[{'1049'}, {'1037'}]",0.14464805827868168,60,0.18071939757892067,0.37654064238071444,0.19582124480179378,25,35,0.27985377284848395,0.18907677265508493,6785,1,0.0,2
"[{'2054'}, {'1005'}, {'1055'}]",0.1445153176980635,84,0.17095776286734868,0.37786153213758217,0.2069037692702335,38,46,0.2753292203053279,0.16700351606029326,6785,1,0.0,2
"[{'2016'}, {'1037'}]",0.14437151820067398,152,0.20058948547386238,0.3662096136783967,0.16562012820453434,61,91,0.27266418229060924,0.16037302088867336,6785,1,0.0,2
"[{'1998'}, {'2059'}]",0.14361580773651064,100,0.17408712085294453,0.37230252296380373,0.1982154021108592,46,54,0.2720638838253996,0.17290106848433484,6785,1,0.0,2
"[{'2014'}, {'2000'}]",0.14359466363277484,68,0.14015128905219693,0.396524702757597,0.25637341370540007,40,28,0.2775035488181321,0.2304633589074101,6785,1,0.0,2
"[{'2002'}, {'1005'}, {'1056'}]",0.14348164832984908,80,0.16977851786829254,0.3688678121244585,0.19908929425616598,37,43,0.25560674946508966,0.16290025888174825,6785,1,0.0,2
"[{'2005'}, {'1996'}, {'1997'}]",0.14342693143721338,90,0.08362051635049286,0.22147234987157086,0.3050928662220637,48,42,0.2019266459827078,0.2482879883063779,6785,1,0.0,2
"[{'1012'}, {'2017'}, {'1005'}, {'1056'}]",0.14327247301172805,72,0.1605743483959378,0.3703976415775039,0.2098232931815661,33,39,0.2481591558506153,0.20476699646466467,6785,1,0.0,2
"[{'1005'}, {'1055'}, {'1999'}]",0.1430808348643009,68,0.08406188517034827,0.21567722274498505,0.2997391079153333,33,35,0.21569541057035524,0.24160290356111683,6785,1,0.0,2
"[{'1045'}, {'3984'}]",0.14303203944926415,93,0.1935306971497608,0.3738045913703514,0.1802738942205906,33,60,0.2903353505395883,0.13375786094515843,6785,1,0.0,2
[{'2240'}],0.14302326693251835,70,0.1806754469258809,0.36938005842660604,0.18870461150072515,38,32,0.2782004496081064,0.156723553419685,6785,1,0.0,2
"[{'1005'}, {'2128'}]",0.14298254918179965,358,0.1822320126276813,0.36307377670617663,0.18084176407849534,170,188,0.25965683227874764,0.16066963871683268,6785,1,0.0,2
[{'2125'}],0.14289061170428802,267,0.18845988086423765,0.36616896325261283,0.17770908238837518,101,166,0.2650977847604129,0.1543797441076728,6785,1,0.0,2
"[{'2273'}, {'2040'}]",0.14248394210923712,97,0.19002296610773986,0.3654538148215839,0.17543084871384404,35,62,0.26383080959381106,0.09940199080290026,6785,1,0.0,2
"[{'1005'}, {'1056'}, {'2131'}]",0.14241393460398502,69,0.1661429608861605,0.3665549263358116,0.2004119654496511,30,39,0.25013336147756265,0.13148754803320314,6785,1,0.0,2
[{'3129'}],0.14203310741529698,146,0.17644986899142973,0.3699985287975574,0.19354865980612768,69,77,0.2860980430330011,0.1806396700444061,6785,1,0.0,2
"[{'1012'}, {'2079'}, {'2017'}]",0.14195999603555712,72,0.13592574372887611,0.37844811752438545,0.24252237379550934,36,36,0.24545959812148002,0.20767766502327825,6785,1,0.0,2
"[{'2024'}, {'2017'}]",0.1418715685844099,145,0.1606226680564812,0.3659434976891197,0.2053208296326385,58,87,0.2394590834338096,0.1669182018455915,6785,1,0.0,2
"[{'2017'}, {'1037'}]",0.14182824970062527,174,0.18967718088980787,0.35672318913480816,0.1670460082450003,68,106,0.246389615873601,0.13342407058334357,6785,1,0.0,2
"[{'1012'}, {'2017'}, {'2024'}]",0.14161643706468763,94,0.200339197388273,0.3558555243385805,0.15551632695030748,37,57,0.25971614278698596,0.12363477971269382,6785,1,0.0,2
"[{'1998'}, {'2017'}]",0.14160062723707906,211,0.17896343718892263,0.36553036596304106,0.18656692877411843,81,130,0.26442142727639206,0.15850299385856456,6785,1,0.0,2
"[{'2040'}, {'2003'}]",0.14152592142236098,117,0.18057612730495967,0.3251597316407446,0.1445836043357849,67,50,0.25446170797658285,0.09927203026083117,6785,1,0.0,2
"[{'2017'}, {'2024'}]",0.1413981432419393,414,0.18716119719177896,0.3622549241874367,0.17509372699565776,160,254,0.2672795493525789,0.14558091512969007,6785,1,0.0,2
"[{'1997'}, {'2024'}]",0.1413158227837431,75,0.13867121998752865,0.38600767318691526,0.2473364531993866,35,40,0.2782179503780892,0.19577594974617607,6785,1,0.0,2
"[{'2057'}, {'2342'}]",0.1407828589905758,79,0.09681962767944619,0.16233408749103545,0.25915371517048164,45,34,0.16803198282754997,0.2655556126499605,6785,1,0.0,2
"[{'2007'}, {'2008'}]",0.14033169227919454,87,0.1556013573964055,0.3756866147502875,0.22008525735388199,39,48,0.2884841132475127,0.1560731292318547,6785,1,0.0,2
"[{'2040'}, {'1005'}, {'1056'}]",0.1402977318160722,81,0.1710234734963513,0.36832427843050525,0.19730080493415394,33,48,0.28300103904190843,0.17290850590133341,6785,1,0.0,2
"[{'1997'}, {'2010'}]",0.14028334545888496,120,0.1743990232728965,0.35737901757348256,0.18297999430058606,53,67,0.25315145941537326,0.1604219372773127,6785,1,0.0,2
"[{'2450'}, {'2040'}]",0.1402728267830698,177,0.15626405949102176,0.3648167558098107,0.20855269631878895,89,88,0.25587315834996993,0.18964254692291846,6785,1,0.0,2
"[{'2010'}, {'1012'}]",0.1402425282525248,127,0.18679028869295172,0.33894639020716705,0.15215610151421533,54,73,0.23540399264429515,0.12284935771673544,6785,1,0.0,2
"[{'2017'}, {'1012'}]",0.1401266518361248,234,0.16838389610413448,0.35931046522944887,0.1909265691253144,107,127,0.25492207670914824,0.16263677839538043,6785,1,0.0,2
[{'2210'}],0.14003235804473121,213,0.18259237864651673,0.35621713478233397,0.17362475613581724,97,116,0.26483975432936196,0.13830169099147216,6785,1,0.0,2
[{'2644'}],0.1398470721574064,164,0.16759451153701632,0.35876752409166185,0.19117301255464553,69,95,0.25031609959461815,0.171597393965852,6785,1,0.0,2
"[{'2053'}, {'1012'}]",0.13984529034576712,111,0.16998070045637573,0.35722262503808005,0.18724192458170433,57,54,0.25431469545678514,0.1642549275442827,6785,1,0.0,2
"[{'1997'}, {'2009'}]",0.13954132858193927,78,0.14303409107225507,0.3726627128198743,0.22962862174761922,40,38,0.2676777010610967,0.20997148156917952,6785,1,0.0,2
"[{'2024'}, {'1000'}]",0.1395327098333673,64,0.1210993056294889,0.39090067069781453,0.26980136506832564,38,26,0.27970433211758955,0.22792970318839437,6785,1,0.0,2
"[{'1005'}, {'1055'}, {'1037'}]",0.13942412334942478,302,0.1776600756825348,0.3501331795086252,0.1724731038260904,141,161,0.24104536241680008,0.14565239723112136,6785,1,0.0,2
[{'2002'}],0.13939949730153497,1141,0.16941931342356223,0.35769560177301624,0.188276288349454,485,656,0.25489326643845406,0.16584752159526348,6785,1,0.0,2
"[{'2429'}, {'2000'}]",0.13931947704337844,62,0.07819181839940409,0.21956791707447598,0.29775973547388007,35,27,0.1822535320458116,0.25463437894707414,6785,1,0.0,2
"[{'2308'}, {'2027'}]",0.13926923975242544,60,0.16877157887073876,0.36495522423474874,0.19618364536400998,27,33,0.2869213341162474,0.13938707000994582,6785,1,0.0,2
"[{'2017'}, {'2228'}]",0.138990037602004,136,0.1546425449071202,0.36249516916180413,0.20785262425468393,63,73,0.25869964761224995,0.1884977224944616,6785,1,0.0,2
"[{'1998'}, {'2336'}]",0.13897717085253894,112,0.13515621460355715,0.37702319370927634,0.2418669791057192,54,58,0.27340554151461965,0.22217573948598254,6785,1,0.0,2
"[{'1055'}, {'1037'}]",0.13880817904906578,316,0.17383715186528523,0.3501331795086252,0.17629602764334,141,175,0.24104536241680008,0.1510606705622727,6785,1,0.0,2
"[{'1037'}, {'1000'}]",0.13874980978211385,181,0.15358293664087888,0.357365597817269,0.20378266117639013,91,90,0.2425204428341992,0.15720307491772878,6785,1,0.0,2
"[{'1037'}, {'2450'}, {'1010'}]",0.13842775274747895,114,0.14229151159246653,0.3664017242808191,0.22411021268835254,63,51,0.2564770745350798,0.1874895007468595,6785,1,0.0,2
"[{'1012'}, {'2002'}]",0.13818909146717512,332,0.1701951770864957,0.35337642147097476,0.18318124438447905,129,203,0.24668624646854723,0.1705460655337821,6785,1,0.0,2
"[{'2018'}, {'2000'}]",0.1381194370902927,93,0.12473844050740202,0.37594813962156576,0.25120969911416374,48,45,0.2598314235122369,0.21144665510617408,6785,1,0.0,2
"[{'2015'}, {'1998'}]",0.13804499965409087,232,0.19059492202543163,0.3494320777157005,0.15883715569026888,106,126,0.272204693298723,0.1087120629626072,6785,1,0.0,2
"[{'2008'}, {'2057'}]",0.1380048171636182,89,0.07703985139666081,0.22667676305361822,0.30371661445027903,51,38,0.18994433768991736,0.2813458498522721,6785,1,0.0,2
[{'2162'}],0.13799431461088033,110,0.1794108455620145,0.3519529787202676,0.1725421331582531,48,62,0.26561590854597183,0.12961080178444706,6785,1,0.0,2
"[{'1998'}, {'2123'}, {'1005'}, {'1056'}]",0.13796044279083178,61,0.17323820194576206,0.3617821926517146,0.1885439907059525,28,33,0.30128455594603715,0.16439971700141934,6785,1,0.0,2
"[{'1005'}, {'1037'}]",0.137758727090147,363,0.18066281324083155,0.34692106414021867,0.16625825089938712,165,198,0.25028546727144896,0.134735264313366,6785,1,0.0,2
[{'2010'}],0.13774844427923322,864,0.15619266337069462,0.3563068921580391,0.2001142287873445,373,491,0.2502499679523225,0.17527532458391407,6785,1,0.0,2
[{'999'}],0.1376934701326385,856,0.1827213031203379,0.3515957686790683,0.16887446555873037,359,497,0.27032694603035834,0.1558848804936358,6785,1,0.0,2
"[{'1996'}, {'2308'}, {'2040'}]",0.13749249300680835,60,0.19031259343028067,0.3471010180811087,0.15678842465082804,30,30,0.27036231144789197,0.10829927006740227,6785,1,0.0,2
"[{'1029'}, {'2008'}]",0.13740752436663192,83,0.11894893817037172,0.3695647453791217,0.25061580720875,38,45,0.23611209403541017,0.2016603986383278,6785,1,0.0,2
"[{'1012'}, {'2016'}]",0.137157952893829,348,0.16914649520742395,0.3485609515162999,0.17941445630887595,167,181,0.250478605916786,0.16015538316577582,6785,1,0.0,2
"[{'2045'}, {'1005'}, {'1055'}]",0.13712334235214294,94,0.17421150122707935,0.34585195430079285,0.1716404530737135,49,45,0.24621730407975717,0.15102788339366147,6785,1,0.0,2
"[{'2002'}, {'2038'}]",0.13687972124245085,101,0.17434781870802527,0.34311622793370106,0.1687684092256758,47,54,0.2364297940346893,0.12671527975608057,6785,1,0.0,2
"[{'1029'}, {'1012'}]",0.13678680901554813,94,0.12400020380250432,0.3770803992890499,0.2530801954865456,44,50,0.27953737506610093,0.21895012405613193,6785,1,0.0,2
"[{'1998'}, {'1045'}, {'1005'}]",0.13628309535204114,63,0.09286960715597325,0.36891651451587676,0.2760469073599035,30,33,0.28290236115986694,0.23724237247548938,6785,1,0.0,2
"[{'1012'}, {'1005'}, {'1055'}, {'1037'}]",0.13626170736929774,99,0.16786301766942235,0.3471190238681932,0.17925600619877086,48,51,0.2545229870879322,0.15891427445160694,6785,1,0.0,2
"[{'2003'}, {'1037'}, {'2450'}]",0.13615019950044308,85,0.16719017700689823,0.3519681498217277,0.18477797281482947,39,46,0.2755324333754706,0.17936243520623,6785,1,0.0,2
"[{'1010'}, {'2017'}]",0.13609794087087643,484,0.15369560254913808,0.3526787233228485,0.19898312077371041,216,268,0.2557676631438326,0.1681385214412406,6785,1,0.0,2
[{'2568'}],0.13606272138600167,107,0.15754740183572932,0.34861901912976195,0.19107161729403263,54,53,0.24822118000727583,0.1553679488225304,6785,1,0.0,2
"[{'1037'}, {'2450'}, {'1998'}]",0.13604520116495375,70,0.15869725865970177,0.3148341972280193,0.15613693856831753,37,33,0.22757142965835875,0.14587414398651202,6785,1,0.0,2
"[{'1997'}, {'1029'}]",0.1359334656870042,60,0.12723769504448462,0.3626030560197501,0.2353653609752655,29,31,0.25076729978233264,0.18959155179468548,6785,1,0.0,2
"[{'1005'}, {'1056'}, {'2017'}]",0.13587351318586696,85,0.13564492660717492,0.36452485836650195,0.22887993175932703,38,47,0.2726709060807237,0.17073501471246383,6785,1,0.0,2
"[{'2001'}, {'1012'}]",0.1358429425700022,124,0.10917812599800525,0.36517448015511034,0.2559963541571051,60,64,0.2577052953184619,0.21657808636012368,6785,1,0.0,2
"[{'2065'}, {'2017'}, {'1005'}]",0.13564039492733293,67,0.17166786002548962,0.3469632211569193,0.17529536113142968,37,30,0.2661532602211449,0.16916353919500188,6785,1,0.0,2
"[{'1029'}, {'2054'}]",0.13561283542936897,103,0.13677067689283595,0.36016200945295135,0.2233913325601154,58,45,0.2612334745698561,0.1733013076694788,6785,1,0.0,2
"[{'2040'}, {'1005'}]",0.13551278569073197,117,0.15788716218177826,0.35225288073221844,0.1943657185504402,48,69,0.26413802687027127,0.18028513358654094,6785,1,0.0,2
"[{'2004'}, {'2017'}]",0.13549415029727224,72,0.15090856659136223,0.34828989570205277,0.19738132911069053,37,35,0.2440383554978017,0.15112327774894643,6785,1,0.0,2
"[{'2336'}, {'1012'}]",0.13535450083089937,75,0.09157660089129971,0.35833857485721277,0.26676197396591306,43,32,0.25572960488858776,0.2525847256185817,6785,1,0.0,2
"[{'11324'}, {'2015'}]",0.13535388659695027,77,0.06633886577067324,0.2161685455666513,0.28250741133732454,49,28,0.20132696229532118,0.213276158197917,6785,1,0.0,2
"[{'2017'}, {'1005'}]",0.1352437966484898,490,0.15298459856544613,0.3480337421163852,0.19504914355093908,231,259,0.24930615620854205,0.1721795696921874,6785,1,0.0,2
"[{'2000'}, {'1997'}]",0.13513112271928857,63,0.06875475319288257,0.2248810168083121,0.2936357700011947,41,22,0.20108580103940601,0.24768169575328347,6785,1,0.0,2
"[{'1010'}, {'1999'}, {'1996'}]",0.13506920053439606,65,0.055712752180492014,0.23705255785366383,0.29276531003415585,41,24,0.2009478441578342,0.2046327817804267,6785,1,0.0,2
"[{'2023'}, {'1997'}]",0.13504533888833112,83,0.15238834612986496,0.3487997497121493,0.19641140358228432,45,38,0.253682259520055,0.1838674777789972,6785,1,0.0,2
"[{'2026'}, {'1012'}]",0.13497780609237267,92,0.1515159778057309,0.3466975252247519,0.195181547419021,54,38,0.23834239842715585,0.1694232588425053,6785,1,0.0,2
"[{'2003'}, {'1997'}]",0.13491544020539137,111,0.15489435458581569,0.3507647455459641,0.1958703909601484,62,49,0.2669394111476304,0.1252772270220292,6785,1,0.0,2
"[{'1997'}, {'2308'}, {'1998'}]",0.13479885109819192,65,0.1477826488006747,0.34739125426858664,0.19960860546791193,32,33,0.24529629072025527,0.19357143366555163,6785,1,0.0,2
"[{'3348'}, {'1010'}]",0.13477734053318846,84,0.12377611540696201,0.3552592469050604,0.23148313149809838,34,50,0.22601800906120809,0.1954120587986199,6785,1,0.0,2
"[{'2054'}, {'1037'}]",0.1347269594883884,138,0.15417552397007023,0.3040049886521028,0.14982946468203256,49,89,0.2558707290628986,0.12933289363385703,6785,1,0.0,2
"[{'2273'}, {'2024'}]",0.134670032428623,149,0.12805905155151404,0.36013484536342216,0.23207579381190813,71,78,0.26222045875740213,0.20046900379288077,6785,1,0.0,2
"[{'2115'}, {'1012'}]",0.13460549264722332,140,0.15223880702992618,0.3470332416247076,0.19479443459478143,67,73,0.25367222778412096,0.17669791302514226,6785,1,0.0,2
"[{'1056'}, {'2131'}]",0.1344223806058198,73,0.14935118598919928,0.3465523999748808,0.19720121398568152,33,40,0.24770217596527414,0.13137274823631126,6785,1,0.0,2
"[{'2000'}, {'2039'}]",0.13430031943116597,95,0.14629625366793741,0.34855195002423395,0.20225569635629653,45,50,0.2549591202954133,0.1843781174881074,6785,1,0.0,2
"[{'2060'}, {'1012'}]",0.13415008918308002,93,0.12883316692622268,0.3566876420130332,0.22785447508681053,42,51,0.2570573355715512,0.18294613033611706,6785,1,0.0,2
"[{'4122'}, {'2000'}]",0.134133342492693,84,0.15489027209290104,0.34484379444467395,0.1899535223517729,38,46,0.2535878414096595,0.19111597811513936,6785,1,0.0,2
"[{'1045'}, {'2025'}]",0.1341300310229515,142,0.09091469046285167,0.3494089307701763,0.25849424030732465,68,74,0.24733377617854418,0.2264591398183202,6785,1,0.0,2
[{'4165'}],0.13403949765538986,64,0.12649719131962997,0.3525269212982347,0.22602972997860474,31,33,0.24007792644315692,0.21022409757630997,6785,1,0.0,2
"[{'2054'}, {'2017'}]",0.13398800475622102,172,0.1551961110513141,0.34329163403004065,0.18809552297872656,87,85,0.2513042605770954,0.157561086505083,6785,1,0.0,2
"[{'2040'}, {'2000'}]",0.13397948051097763,126,0.1384616515590003,0.350369974081196,0.2119083225221957,67,59,0.25375996341342355,0.1726139609462623,6785,1,0.0,2
"[{'1012'}, {'2017'}, {'2064'}]",0.13396223177946262,65,0.13906748743898453,0.34976473091929045,0.2106972434803059,27,38,0.24630857565367462,0.18759193734354448,6785,1,0.0,2
"[{'2308'}, {'2007'}]",0.13389841363410773,62,0.1639212780011197,0.3191765579394996,0.15525527993837993,32,30,0.27434973348829783,0.159651448997234,6785,1,0.0,2
"[{'1045'}, {'1049'}]",0.13386868772202853,374,0.13535705248053756,0.3516138318364181,0.21625677935588053,179,195,0.25566123128500734,0.191895588770837,6785,1,0.0,2
"[{'2023'}, {'2003'}, {'1996'}]",0.13382228277670932,86,0.12253450576967576,0.2773077952626504,0.15477328949297467,38,48,0.2060431422253029,0.13840862800568612,6785,1,0.0,2
"[{'1010'}, {'2008'}, {'1005'}, {'1055'}]",0.13358557723108336,66,0.14519717189698264,0.34835223900154233,0.2031550671045597,40,26,0.2528990281751299,0.15460001630838274,6785,1,0.0,2
"[{'1037'}, {'2450'}, {'2003'}]",0.13357459237859015,60,0.14119621308950275,0.3448031054666409,0.20360689237713814,26,34,0.23743274827359603,0.18050053156590734,6785,1,0.0,2
"[{'2043'}, {'2001'}]",0.13336844989325972,60,0.07084063219281533,0.35292389166766197,0.28208325947484664,29,31,0.27708983243310364,0.27664118704695057,6785,1,0.0,2
"[{'2065'}, {'1005'}]",0.13333942079737285,78,0.12977870280217185,0.35074392823796524,0.2209652254357934,38,40,0.25050874371439036,0.16477899335805862,6785,1,0.0,2
"[{'1045'}, {'2017'}]",0.13324359453538656,83,0.15137063455357533,0.3474904697489094,0.19611983519533407,37,46,0.2749593326611212,0.1728074443122774,6785,1,0.0,2
"[{'1037'}, {'2450'}, {'1012'}]",0.13321692208085018,140,0.14822694713870682,0.3495733435451984,0.2013463964064916,50,90,0.2599241523044362,0.164644272947495,6785,1,0.0,2
[{'5796'}],0.13314937892283626,105,0.10071715480426818,0.3474698163293026,0.24675266152503444,54,51,0.23917993346379887,0.2073124020186466,6785,1,0.0,2
"[{'1045'}, {'1005'}, {'1049'}]",0.1330540803027183,357,0.1361583500920839,0.3477331091617716,0.21157475906968767,174,183,0.25446553485722034,0.18924530128089898,6785,1,0.0,2
"[{'1005'}, {'1049'}]",0.1330540803027183,357,0.1361583500920839,0.3477331091617716,0.21157475906968767,174,183,0.25446553485722034,0.18924530128089898,6785,1,0.0,2
"[{'2024'}, {'1998'}]",0.1329760017562862,100,0.10777359795091407,0.2572765011739518,0.14950290322303772,56,44,0.2172774521525913,0.10333071828166968,6785,1,0.0,2
[{'2554'}],0.13294337295738073,163,0.06309274365802148,0.34195570631693767,0.2788629626589162,93,70,0.24014974153831237,0.2218296733598986,6785,1,0.0,2
"[{'1012'}, {'1010'}, {'1045'}]",0.13293663286795024,77,0.08160250622666243,0.34831904856996104,0.2667165423432986,44,33,0.26603262069033484,0.2204936499215729,6785,1,0.0,2
"[{'1005'}, {'2025'}]",0.13290186965638748,260,0.12695990600968907,0.353705354953106,0.22674544894341694,142,118,0.2629862341945421,0.19117811252789488,6785,1,0.0,2
"[{'2308'}, {'2005'}]",0.132898675461863,109,0.15224639428779485,0.3124795235693455,0.16023312928155065,45,64,0.23070218446737797,0.15025364576262867,6785,1,0.0,2
[{'2075'}],0.13289499766565055,659,0.1571770057695555,0.34188457937253747,0.18470757360298196,272,387,0.2583882749182059,0.14713588074761091,6785,1,0.0,2
"[{'2008'}, {'1055'}]",0.13286259968609637,324,0.14417431620007307,0.3435225983384562,0.19934828213838315,163,161,0.25290357309413874,0.16452659578316542,6785,1,0.0,2
"[{'2115'}, {'2003'}]",0.13286197870676178,74,0.11976146066403445,0.3603333542423864,0.24057189357835193,31,43,0.270171025675066,0.20229533971762276,6785,1,0.0,2
[{'2613'}],0.13284632669637367,204,0.1389453813150438,0.3496118997120195,0.2106665183969757,90,114,0.2685920069899568,0.19120117803762463,6785,1,0.0,2
"[{'2015'}, {'2308'}]",0.13283140968309864,69,0.15798186226819086,0.3443085040536619,0.18632664178547106,31,38,0.27900281536301785,0.14861772991649194,6785,1,0.0,2
"[{'1012'}, {'2040'}]",0.132796130565055,103,0.12763923613561523,0.2842078117860688,0.15656857565045357,45,58,0.21904418991035626,0.14640812036502837,6785,1,0.0,2
"[{'2035'}, {'1997'}]",0.13269836289496045,171,0.14515352703998208,0.3034638814255595,0.15831035438557745,100,71,0.23609564373943626,0.12030921509615526,6785,1,0.0,2
"[{'1055'}, {'1996'}]",0.13256092833728597,187,0.16809846663365918,0.3328927204660747,0.16479425383241553,92,95,0.2400995163280492,0.11873073956922356,6785,1,0.0,2
"[{'2005'}, {'2037'}]",0.13252453488115318,83,0.153525441641852,0.313006863093529,0.15948142145167699,39,44,0.25090534959300587,0.13276356858412242,6785,1,0.0,2
"[{'1005'}, {'1055'}, {'1996'}]",0.13247414027981985,181,0.16627002350431078,0.33013866709338296,0.1638686435890722,90,91,0.23911599185772764,0.12032928671720844,6785,1,0.0,2
"[{'2006'}, {'1998'}]",0.13245559980569316,82,0.15548368822838765,0.34113938571550906,0.1856556974871214,39,43,0.2673529057475095,0.1548186334277439,6785,1,0.0,2
"[{'2000'}, {'1996'}, {'1997'}]",0.13231334110850707,170,0.05314881521212489,0.24490048580812018,0.29804930102024507,103,67,0.20661364723390416,0.2529291257520891,6785,1,0.0,2
"[{'2450'}, {'2003'}]",0.13225720707085004,185,0.16453939574156803,0.32521645148517564,0.1606770557436076,64,121,0.24047026977412267,0.15708612982695114,6785,1,0.0,2
"[{'1012'}, {'1010'}, {'1996'}]",0.13217525633629737,66,0.05060456488538995,0.22602374383381435,0.2766283087192043,35,31,0.19830986362368483,0.20141846421393253,6785,1,0.0,2
"[{'2123'}, {'1005'}, {'1056'}, {'2113'}]",0.13210463380820492,77,0.12484501502099069,0.3473007308319211,0.2224557158109304,40,37,0.24758764228422378,0.12867441869797058,6785,1,0.0,2
"[{'2040'}, {'1037'}]",0.13210288878739965,83,0.17300972544962503,0.3356053434545174,0.1625956180048924,32,51,0.25789491562437733,0.10630840730074695,6785,1,0.0,2
"[{'1005'}, {'1996'}]",0.132010385233711,182,0.14948189946044474,0.31279430497023797,0.16331240550979323,90,92,0.22647582268110356,0.11786718393763933,6785,1,0.0,2
[{'2287'}],0.1319786590094346,96,0.06679703772745346,0.21763400852002882,0.2844310462474823,66,30,0.1862394716362014,0.254728156199374,6785,1,0.0,2
"[{'2308'}, {'1045'}]",0.13193909997123582,77,0.12280388515402224,0.3526590945613053,0.22985520940728305,36,41,0.2693485125880042,0.20184115907210531,6785,1,0.0,2
"[{'2114'}, {'1012'}]",0.13186792652735618,75,0.13884723909262917,0.3359554523649888,0.19710821327235964,39,36,0.22368654065807195,0.14264713527556666,6785,1,0.0,2
[{'2343'}],0.1318632661554042,258,0.15582203067535041,0.3395905083387482,0.1837684776633978,98,160,0.25620442550571726,0.1724445277082575,6785,1,0.0,2
"[{'2043'}, {'2027'}]",0.13166226199677677,98,0.1535076422958958,0.338668381985353,0.18516073968945718,49,49,0.26683657155156165,0.13426290820190714,6785,1,0.0,2
"[{'2023'}, {'2450'}]",0.13162270645866267,252,0.12966057084200985,0.28872545109581704,0.1590648802538072,97,155,0.21797711079464516,0.14968310334433924,6785,1,0.0,2
"[{'2323'}, {'2031'}]",0.13162167134068647,84,0.07003326467042892,0.2184004617973845,0.1483671971269556,47,37,0.18397571082279995,0.12789941610304764,6785,1,0.0,2
"[{'1010'}, {'2007'}]",0.13162053974271462,133,0.040974855333894444,0.27448955596220204,0.3154644112960965,82,51,0.23746722328715766,0.22885631023180006,6785,1,0.0,2
"[{'1029'}, {'2003'}]",0.13154255052277067,152,0.11668478353983824,0.3553404203719563,0.23865563683211805,72,80,0.27569624709744356,0.17215325918100272,6785,1,0.0,2
"[{'1003'}, {'1997'}]",0.13154120281537676,108,0.05270496395361776,0.2433142200769747,0.29601918403059246,68,40,0.22501594573398642,0.25453417335172807,6785,1,0.0,2
"[{'2017'}, {'1005'}, {'1056'}]",0.13151518342704802,213,0.13389882388389965,0.3417830181490515,0.20788419426515184,97,116,0.24883503109541658,0.1742122311503184,6785,1,0.0,2
[{'1003'}],0.13149901438039088,176,0.05657852173873887,0.2333800401035193,0.28995856184225816,111,65,0.21925472771915036,0.25752025232373427,6785,1,0.0,2
"[{'2308'}, {'1999'}, {'1996'}]",0.13149640049098488,93,0.047190556919266435,0.16687086423666314,0.21406142115592958,58,35,0.15131568778265583,0.203713888709821,6785,1,0.0,2
"[{'1998'}, {'1005'}]",0.13147097133870803,254,0.1422779740585435,0.3403478067368269,0.1980698326782834,130,124,0.2597306871128735,0.173568510066509,6785,1,0.0,2
"[{'1997'}, {'2115'}]",0.13146229566115628,78,0.15127650882656635,0.3333963418379426,0.18211983301137624,40,38,0.23731634493084047,0.17865196356031035,6785,1,0.0,2
"[{'1012'}, {'2045'}, {'2024'}]",0.13145488774063172,93,0.04594539508463874,0.27090625254617584,0.3168516476308146,62,31,0.23201547486723778,0.25643036928991036,6785,1,0.0,2
"[{'1010'}, {'2003'}, {'1037'}]",0.13145063155415906,84,0.10286787339510062,0.3501740311582883,0.2473061577631877,45,39,0.2783340152865043,0.22268216656420106,6785,1,0.0,2
"[{'2123'}, {'1056'}, {'2113'}]",0.13145053973734946,81,0.11860961958129956,0.3473007308319211,0.22869111125062153,40,41,0.24758764228422378,0.1271038104493316,6785,1,0.0,2
"[{'1012'}, {'2515'}]",0.13143213311084798,67,0.10958192902870517,0.35744761790220553,0.24786568887350036,26,41,0.2864810981638269,0.1693158720746443,6785,1,0.0,2
"[{'2000'}, {'2017'}]",0.1314143083897641,106,0.1470120463392928,0.3358754881012898,0.18886344176199701,52,54,0.24513803488115932,0.15290189775369217,6785,1,0.0,2
"[{'2016'}, {'1996'}]",0.13136442037161758,77,0.15359782449280224,0.339062295605739,0.18546447111293674,45,32,0.267671978673346,0.14245262991946378,6785,1,0.0,2
"[{'1998'}, {'2014'}]",0.13132310613759232,112,0.13976604319920663,0.3018017615068634,0.16203571830765676,53,59,0.2318451038765967,0.12372315538360572,6785,1,0.0,2
"[{'2045'}, {'2003'}, {'1037'}]",0.13132284380336276,84,0.04496005209735954,0.25925254370444095,0.3042125958018005,52,32,0.2413502031867568,0.21766056204854625,6785,1,0.0,2
"[{'2308'}, {'1011'}]",0.13131073443067587,85,0.10442872055934496,0.2600023380302368,0.15557361747089185,47,38,0.20649503201719482,0.08735156491625948,6785,1,0.0,2
"[{'2053'}, {'1010'}]",0.13105157305930554,155,0.13045103585968412,0.343850978265206,0.21339994240552188,75,80,0.2636141399516223,0.1903062016788872,6785,1,0.0,2
"[{'2033'}, {'1012'}]",0.13103930967793145,114,0.16431194854496242,0.33677566384381435,0.17246371529885193,47,67,0.2792251655641961,0.16381399735389895,6785,1,0.0,2
"[{'2219'}, {'1012'}]",0.1310127802662319,67,0.06091646141212281,0.34712754572049165,0.28621108430836883,39,28,0.2892291479413284,0.24308965818439207,6785,1,0.0,2
"[{'8398'}, {'1010'}]",0.13101021546414995,86,0.14934255828460058,0.32860530068476995,0.17926274240016937,30,56,0.19582021607184538,0.15174139903730655,6785,1,0.0,2
[{'2442'}],0.13093003128550332,204,0.12838212396589363,0.34290409885873696,0.21452197489284333,99,105,0.2573585613854017,0.17187657924083838,6785,1,0.0,2
"[{'2066'}, {'1037'}]",0.1308846457695911,128,0.1567008021449423,0.33512731364300086,0.17842651149805855,43,85,0.23932516042432175,0.1581424027620883,6785,1,0.0,2
[{'4687'}],0.13088375301044358,127,0.12004900610507097,0.34796579220496554,0.22791678609989457,68,59,0.2640692170244484,0.20258106061082168,6785,1,0.0,2
"[{'2009'}, {'2003'}, {'2025'}]",0.1308281624586278,70,0.04487834187845391,0.26243662772079307,0.307314969599247,42,28,0.23735498381976372,0.2623834738411719,6785,1,0.0,2
"[{'2017'}, {'2064'}, {'1005'}]",0.130795991879967,63,0.12200531919892785,0.34641657179842394,0.2244112525994961,24,39,0.24930584058767383,0.21198580500445285,6785,1,0.0,2
"[{'2009'}, {'2038'}]",0.13079445583072458,64,0.06125428617769291,0.20550101612591082,0.2667553023036037,36,28,0.13184231449278674,0.23620678310562498,6785,1,0.0,2
"[{'1012'}, {'2079'}]",0.1307454077388146,183,0.12973629684057286,0.3403770429392656,0.2106407460986927,90,93,0.2513397644549203,0.17807375663682706,6785,1,0.0,2
"[{'1007'}, {'1996'}]",0.1307276283369227,68,0.05390236531302592,0.19420316040908037,0.24810552572210628,38,30,0.1747035061961432,0.2028390205279588,6785,1,0.0,2
"[{'1998'}, {'2015'}]",0.13071666008644073,102,0.15289933512114592,0.33447124128756317,0.18157190616641725,46,56,0.25889805936352056,0.17427593095790156,6785,1,0.0,2
[{'3383'}],0.13071368459700622,133,0.04331092652456278,0.24748790121980405,0.29079882774436683,76,57,0.18855969108150153,0.2227701528915205,6785,1,0.0,2
"[{'1010'}, {'1999'}]",0.13070074603960902,295,0.04296847356960937,0.2635358196147327,0.3065042931843421,179,116,0.2270378679679244,0.25060165337911233,6785,1,0.0,2
"[{'2017'}, {'2123'}, {'1005'}, {'1056'}]",0.13069087109339536,120,0.13673535234670883,0.33629839290534297,0.19956304055863414,62,58,0.24387795045145086,0.1609625072749798,6785,1,0.0,2
"[{'2017'}, {'2123'}, {'1005'}]",0.13069087109339536,120,0.13673535234670883,0.33629839290534297,0.19956304055863414,62,58,0.24387795045145086,0.1609625072749798,6785,1,0.0,2
"[{'2079'}, {'2017'}]",0.1306620323261779,208,0.13108159033818428,0.3398955351519353,0.20881394481375104,103,105,0.25326873304119357,0.18173127235999867,6785,1,0.0,2
"[{'2065'}, {'2017'}]",0.1306543445993429,320,0.12764731869101525,0.3400013188365847,0.21235400014556943,160,160,0.24735034379733647,0.16869952566853622,6785,1,0.0,2
"[{'2003'}, {'2006'}]",0.13064368054883788,77,0.13235795377857157,0.3425260565347142,0.21016810275614262,45,32,0.2622664994748817,0.1574302639282286,6785,1,0.0,2
"[{'1012'}, {'2014'}]",0.1306042203966986,71,0.15234293840159244,0.337246456493934,0.18490351809234154,30,41,0.27303802627684237,0.1545859546129871,6785,1,0.0,2
"[{'1005'}, {'2131'}]",0.13057868398472938,72,0.13112100195139648,0.34026998188346624,0.20914897993206977,32,40,0.2539375710738455,0.14555207677769366,6785,1,0.0,2
"[{'1005'}, {'1056'}, {'2113'}]",0.13055944810801307,108,0.12832280342208588,0.34140498138833464,0.21308217796624876,57,51,0.2570566065561675,0.155075465763909,6785,1,0.0,2
"[{'2017'}, {'2064'}, {'1005'}, {'1056'}]",0.1305232490608501,62,0.11852687674068046,0.34641657179842394,0.22788969505774348,24,38,0.24930584058767383,0.21365551027073812,6785,1,0.0,2
[{'2128'}],0.13049664423686103,478,0.14158376095357833,0.3344622961187785,0.19287853516520015,226,252,0.24581920827920223,0.17197873355989576,6785,1,0.0,2
"[{'2000'}, {'2147'}]",0.13047850072032885,70,0.06752009677390258,0.19228170476853845,0.25980180154244104,40,30,0.17952397249761873,0.262865483266472,6785,1,0.0,2
"[{'2000'}, {'2005'}]",0.1304260460737924,135,0.12661773302741056,0.28511386546419887,0.1584961324367883,82,53,0.24014118022844735,0.11594853122952381,6785,1,0.0,2
[{'5525'}],0.1304157827563488,84,0.1325742405703944,0.34009617471542114,0.20752193414502673,39,45,0.26132317443010944,0.15923295958683314,6785,1,0.0,2
[{'3842'}],0.13039336721209097,81,0.1251966648960069,0.341848176849239,0.21665151195323212,34,47,0.2507806016814787,0.19288201422392692,6785,1,0.0,2
"[{'1997'}, {'2068'}]",0.13032960522902776,116,0.11581572790807673,0.34543678391787963,0.2296210560098029,59,57,0.25629162601137506,0.1984480913847684,6785,1,0.0,2
"[{'1010'}, {'2035'}]",0.13030839952947787,137,0.11912971776711129,0.34544829424056744,0.22631857647345616,72,65,0.26355457510961466,0.18925260531167426,6785,1,0.0,2
"[{'2025'}, {'2008'}]",0.13026834722443842,91,0.08412977986133918,0.33491814579322654,0.25078836593188736,53,38,0.26149029569327004,0.20407925494219545,6785,1,0.0,2
"[{'2000'}, {'2131'}]",0.13026670863215978,206,0.11702826652229167,0.3469012043295571,0.22987293780726545,104,102,0.2674642835053946,0.2022040478415057,6785,1,0.0,2
"[{'2107'}, {'1037'}]",0.13025854213920499,93,0.14510763453882794,0.33654551953077316,0.19143788499194522,50,43,0.2687812256532569,0.1638200178510013,6785,1,0.0,2
"[{'1029'}, {'1005'}]",0.1302316024478268,157,0.12339720098132878,0.3405632616518295,0.2171660606705007,73,84,0.24954838425578266,0.20242205360721277,6785,1,0.0,2
"[{'2182'}, {'1012'}]",0.13021977879027596,82,0.14895760555836285,0.33087341030212963,0.18191580474376678,44,38,0.24237132556536023,0.12149026734008231,6785,1,0.0,2
"[{'1005'}, {'1055'}, {'1997'}]",0.13019775177070517,96,0.15705303136432777,0.3290339295820492,0.17198089821772142,41,55,0.24028893896796572,0.16172785391313596,6785,1,0.0,2
"[{'2065'}, {'1037'}]",0.1301947275408104,91,0.05429404410414207,0.3307972994561379,0.2765032553519958,52,39,0.24873827548132185,0.18748777061092933,6785,1,0.0,2
[{'2196'}],0.1301894630868168,412,0.1313928510219166,0.33852330123509594,0.20713045021317933,199,213,0.25666573604175075,0.18685462638098507,6785,1,0.0,2
"[{'1056'}, {'2113'}]",0.1301733952142293,113,0.1237469384806198,0.34140498138833464,0.21765804290771484,57,56,0.2570566065561675,0.15137188606908755,6785,1,0.0,2
"[{'1012'}, {'1045'}, {'1005'}, {'1056'}]",0.13013448208864073,135,0.08568322168756357,0.3290891334303279,0.24340591174276435,67,68,0.24083852567406563,0.20722756346793622,6785,1,0.0,2
"[{'2017'}, {'2008'}]",0.13012926443592865,159,0.09977092785317271,0.3385694384840982,0.2387985106309255,84,75,0.2534950310569168,0.18272383091536773,6785,1,0.0,2
[{'2412'}],0.13011222603348663,228,0.13438754784530532,0.3371076584825742,0.20272011063726886,116,112,0.25663393890510827,0.18798234267917682,6785,1,0.0,2
"[{'1010'}, {'2017'}, {'2024'}]",0.1300583520980946,89,0.15444753881169376,0.3359780894858497,0.1815305506741559,35,54,0.27598664915031057,0.1380410925869104,6785,1,0.0,2
[{'2720'}],0.12996644696314733,117,0.09507488893820473,0.3289438401822184,0.23386895124401366,61,56,0.21829732192159895,0.17753106264882076,6785,1,0.0,2
"[{'2308'}, {'2003'}]",0.12995865093285625,105,0.13977711708570015,0.3374832768221291,0.19770615973642894,49,56,0.27167874034644296,0.19436987331356168,6785,1,0.0,2
"[{'2005'}, {'2014'}]",0.1299580057022084,82,0.13890556175636046,0.3365366267548366,0.19763106499847613,44,38,0.2642484573197379,0.16406984653259568,6785,1,0.0,2
"[{'2131'}, {'1037'}]",0.12988404998788164,71,0.1270978350248002,0.2902409526120339,0.1631431175872337,28,43,0.22026533778098156,0.15052619900882208,6785,1,0.0,2
[{'2227'}],0.1298242218435942,148,0.14150672235853598,0.33150521914164227,0.1899984967831063,75,73,0.24355531870795802,0.15368552515812028,6785,1,0.0,2
"[{'2119'}, {'1998'}]",0.1298216577233831,70,0.03700003784879902,0.2661169403936805,0.3031169782424795,41,29,0.2261165135189349,0.22978565037808346,6785,1,0.0,2
"[{'2166'}, {'1012'}]",0.1297961269832369,99,0.12495452859876893,0.33984349460386837,0.21488896600509944,61,38,0.246115845804414,0.19799209850358515,6785,1,0.0,2
[{'2406'}],0.1297574753791013,266,0.14176153408967324,0.3348272050048892,0.19306567091521598,127,139,0.2651714238514261,0.17459710604572565,6785,1,0.0,2
"[{'2008'}, {'2450'}]",0.12975091111674802,121,0.12147791424032411,0.33742407065900887,0.21594615641868475,55,66,0.23936503815736365,0.14209031890352225,6785,1,0.0,2
"[{'1012'}, {'1012'}, {'2017'}]",0.129696947089233,60,0.13836108446458348,0.3018975226351848,0.16353643817060134,26,34,0.24758770671859495,0.09787857447948403,6785,1,0.0,2
"[{'1011'}, {'1999'}]",0.12969505689204536,73,0.05878913650051698,0.32554816197426545,0.26675902547374847,42,31,0.2477553019152222,0.22619957014304876,6785,1,0.0,2
"[{'2017'}, {'2031'}]",0.12967004113356798,212,0.13436791795886993,0.33543005542686355,0.20106213746799362,104,108,0.25729167257022434,0.15045906056459366,6785,1,0.0,2
[{'2114'}],0.1296529961038511,389,0.1256655277629124,0.3364527248282065,0.21078719706529409,188,201,0.2463787506091557,0.16314267539951843,6785,1,0.0,2
"[{'1010'}, {'2111'}]",0.12963919897023465,75,0.1596217569353933,0.32820984521290153,0.16858808827750824,41,34,0.25445367320239826,0.148066901575093,6785,1,0.0,2
"[{'1012'}, {'2003'}, {'1996'}]",0.1295989894932925,119,0.1556549664163357,0.32372794344798844,0.16807297703165275,67,52,0.23994076326268293,0.12513798950346078,6785,1,0.0,2
"[{'2043'}, {'1996'}]",0.1295824697881288,99,0.13059563337262708,0.3372030226807845,0.20660738930815742,57,42,0.2562587453421633,0.15047197395062725,6785,1,0.0,2
"[{'2131'}, {'1996'}]",0.12957708706881554,79,0.11495622587359808,0.3476800055188291,0.23272377964523103,34,45,0.2779798433617983,0.18951423571942258,6785,1,0.0,2
"[{'1010'}, {'2016'}]",0.12956907189295505,222,0.11345159862099621,0.34056487285751635,0.22711327423652014,123,99,0.24190720900623874,0.20050095384882569,6785,1,0.0,2
"[{'1029'}, {'2024'}]",0.12953629037763645,79,0.1326437114571878,0.3309163631394852,0.19827265168229738,43,36,0.22924735576654062,0.17049001720487406,6785,1,0.0,2
"[{'2041'}, {'1997'}]",0.1295342823145883,227,0.09749253002018818,0.332333346677793,0.23484081665760484,111,116,0.23890006055886692,0.20576553626942204,6785,1,0.0,2
[{'2821'}],0.12949373308734094,155,0.14630512627089193,0.3265871388501808,0.1802820125792889,61,94,0.21771946608428785,0.14768805781858815,6785,1,0.0,2
"[{'2450'}, {'1010'}]",0.1294808274475231,231,0.11228292081979799,0.34525185058946195,0.23296892976966396,115,116,0.26739201417363767,0.18766038149994357,6785,1,0.0,2
"[{'2065'}, {'2002'}]",0.12946405080220433,61,0.12188573093824856,0.33831379886554636,0.2164280679272978,23,38,0.23815005198213118,0.18223665418208207,6785,1,0.0,2
"[{'1037'}, {'2450'}, {'1055'}]",0.12936577991667322,93,0.04060719022482778,0.20408399145711553,0.16347680123228775,55,38,0.15183261800101,0.11511566603792749,6785,1,0.0,2
[{'4314'}],0.1293565721628496,140,0.11599770575941482,0.33904100692382566,0.22304330116441085,54,86,0.23452312023286626,0.21064572523293482,6785,1,0.0,2
"[{'1000'}, {'1029'}]",0.12934973217435067,134,0.11006869099776748,0.34161862627818035,0.23154993528041287,65,69,0.2521279306437547,0.19448783190645788,6785,1,0.0,2
"[{'1012'}, {'2008'}, {'1055'}]",0.12928510910360758,128,0.13443070109046643,0.33563668919461115,0.20120598810414472,56,72,0.2640429457930049,0.17223743413760173,6785,1,0.0,2
"[{'1996'}, {'2755'}]",0.12927792377662187,113,0.06821290911737876,0.3228818006933697,0.25466889157599093,62,51,0.2525145220836377,0.22197643982071283,6785,1,0.0,2
"[{'3348'}, {'2964'}]",0.12926562913380915,63,0.04336306005866536,0.32986731683054277,0.2865042567718774,31,32,0.20170736607443765,0.24760596967234813,6785,1,0.0,2
"[{'2174'}, {'1010'}]",0.129260633435411,80,0.037148837397495915,0.26420350804924964,0.30135234544674555,50,30,0.23102224428831558,0.22290984933866315,6785,1,0.0,2
"[{'1012'}, {'2053'}]",0.12922745972467886,216,0.08663342429685142,0.3238417432092282,0.2372083189123768,98,118,0.22942238069465123,0.20655861975300094,6785,1,0.0,2
"[{'2450'}, {'1005'}, {'1055'}]",0.12921908771467003,159,0.05865990634434795,0.22466004197942277,0.16600013563507482,102,57,0.16163334505666505,0.11926955399019307,6785,1,0.0,2
[{'2041'}],0.12917867084303988,851,0.12866930639145913,0.3351040654827063,0.2064347590912472,411,440,0.2559851495705164,0.17723136708634882,6785,1,0.0,2
"[{'2000'}, {'2000'}]",0.12917777735879604,216,0.054092812372578514,0.3282783619231648,0.27418554955058627,126,90,0.26249876671810746,0.23220913815649122,6785,1,0.0,2
"[{'1012'}, {'1045'}, {'1005'}, {'1049'}]",0.12913027502566732,148,0.1343777724158238,0.32920585857594714,0.19482808616012334,68,80,0.2313400805496667,0.1409311713421177,6785,1,0.0,2
"[{'1012'}, {'2069'}]",0.129102187985538,99,0.09035592861839381,0.3299927568816124,0.23963682826321858,47,52,0.25743622915729514,0.2092826323902421,6785,1,0.0,2
"[{'1010'}, {'2023'}]",0.12901933409641902,142,0.06770518142729998,0.23135934211313725,0.16365416068583727,78,64,0.18412994080982206,0.1311399996294255,6785,1,0.0,2
"[{'2003'}, {'2074'}]",0.12900239318213183,120,0.0843666920538449,0.3266252089364856,0.24225851688264072,51,69,0.251608575243752,0.2293964181265099,6785,1,0.0,2
"[{'2003'}, {'2009'}]",0.12900234991432427,133,0.07843365963758323,0.3267754927530127,0.24834183311542948,59,74,0.2661597934406964,0.2316489158912612,6785,1,0.0,2
[{'2111'}],0.12898062721650308,1007,0.13026539888520233,0.33264704336496914,0.2023816444797668,506,501,0.24976430450083295,0.17481455328848441,6785,1,0.0,2
"[{'1010'}, {'1045'}, {'1005'}, {'1056'}]",0.12897248170305944,84,0.04438982096811134,0.33440479077398777,0.29001496980587643,48,36,0.2652782859149261,0.24778691724179713,6785,1,0.0,2
"[{'1010'}, {'2030'}]",0.12895695417003228,326,0.06678090474737641,0.31846741161478515,0.25168650686740873,176,150,0.24325537472343692,0.19535989353581706,6785,1,0.0,2
"[{'1997'}, {'2111'}]",0.12895560284010593,130,0.10558409166986318,0.3342483966784962,0.22866430500863302,59,71,0.23011139159595045,0.18409765067329145,6785,1,0.0,2
"[{'2111'}, {'2024'}]",0.128951244363916,94,0.1400917776644338,0.33012872286464856,0.19003694520021477,46,48,0.2529517720808883,0.16306119955915663,6785,1,0.0,2
"[{'3348'}, {'2923'}]",0.12890706111081404,103,0.11824189951663375,0.34799983184183797,0.22975793232520422,31,72,0.26320867050080343,0.2225190273154628,6785,1,0.0,2
"[{'2755'}, {'2008'}]",0.12887171634828098,108,0.07209337080518402,0.3201009486491481,0.2480075778439641,60,48,0.24640393133878577,0.22795689438648234,6785,1,0.0,2
[{'2529'}],0.1288199701649621,183,0.07823326622205828,0.3206411239873503,0.242407857765292,97,86,0.24293958894563425,0.21526343149180524,6785,1,0.0,2
"[{'2008'}, {'2323'}]",0.12880803882258027,68,0.1106326358791973,0.33614181270822885,0.22550917682903154,40,28,0.22667886947227905,0.1522426827829353,6785,1,0.0,2
[{'3572'}],0.12879780366398522,60,0.05388192853166002,0.3155384860518906,0.2616565575202306,36,24,0.22608030634468707,0.14440251497042608,6785,1,0.0,2
"[{'1012'}, {'2017'}]",0.1287892687961353,771,0.13329397582017802,0.33184761460611084,0.19855363878593282,359,412,0.2542913196842623,0.17590516105608506,6785,1,0.0,2
"[{'2009'}, {'2052'}]",0.1287779626470233,80,0.052196193138694835,0.32402729186350887,0.27183109872481404,46,34,0.25714809595704363,0.2457357296802875,6785,1,0.0,2
"[{'1998'}, {'2016'}]",0.12875005142187188,88,0.12419251171213766,0.3304644370587861,0.20627192534664843,41,47,0.22981342632636972,0.18630975885755133,6785,1,0.0,2
"[{'1012'}, {'2273'}]",0.1287347581270807,137,0.10260821448218438,0.33161796391010284,0.22900974942791846,75,62,0.23081549164841172,0.22073404576238537,6785,1,0.0,2
"[{'2450'}, {'1012'}]",0.1287341533596744,291,0.1497926666880604,0.3288130771679183,0.1790204104798579,120,171,0.2590210170101153,0.1545541664390386,6785,1,0.0,2
"[{'2046'}, {'1996'}]",0.12869208961599754,97,0.08747360961777823,0.32783567905426025,0.24036206943648203,55,42,0.25970426062839674,0.1596781438226815,6785,1,0.0,2
"[{'1005'}, {'1056'}, {'1012'}]",0.12867183409808575,121,0.06956635641480235,0.32084728086340253,0.2512809244486002,69,52,0.2554547456039656,0.17250136779296182,6785,1,0.0,2
"[{'2138'}, {'2003'}]",0.1286602163254065,91,0.09779695091101359,0.33142919880601596,0.23363224789500237,53,38,0.24650191980592606,0.1980677890604791,6785,1,0.0,2
"[{'2450'}, {'1000'}]",0.12864978117630493,85,0.13232040883717583,0.33539523282910094,0.2030748239919251,34,51,0.26846665254415764,0.13453937994890933,6785,1,0.0,2
"[{'1029'}, {'1005'}, {'1055'}]",0.1286154358075462,72,0.12508033684917264,0.33107500342708646,0.20599466657791382,33,39,0.2377497641162331,0.1556272471051758,6785,1,0.0,2
"[{'1037'}, {'2158'}]",0.12860081954282113,340,0.12945518452395763,0.3306381402169159,0.20118295569295827,167,173,0.24537095142942125,0.18318405847948482,6785,1,0.0,2
"[{'1998'}, {'2023'}]",0.12859548172273816,76,0.08501297819682144,0.23928807582706213,0.1542750976302407,32,44,0.2188789377576589,0.10081900254840381,6785,1,0.0,2
"[{'2008'}, {'2001'}]",0.1285755677743464,151,0.06364055850788164,0.3158354769019704,0.25219491839408875,76,75,0.24461509852200522,0.2083234432926977,6785,1,0.0,2
"[{'2027'}, {'2064'}]",0.1285737379877235,89,0.09579455839899867,0.3311063231757054,0.2353117647767067,39,50,0.2570927408604517,0.2219166765759963,6785,1,0.0,2
"[{'2023'}, {'2003'}, {'1037'}]",0.12855747995060918,92,0.13968720363719123,0.33117967950446264,0.19149247586727142,42,50,0.26763982657252816,0.15618235324371985,6785,1,0.0,2
"[{'1024'}, {'1013'}, {'1013'}, {'7479'}, {'1012'}]",0.12855224064086443,71,0.08265309816656202,0.3242513978710541,0.2415982997044921,39,32,0.25775695897765044,0.16825179221896253,6785,1,0.0,2
"[{'1024'}, {'1013'}, {'1013'}, {'7479'}]",0.12855224064086443,71,0.08265309816656202,0.3242513978710541,0.2415982997044921,39,32,0.25775695897765044,0.16825179221896253,6785,1,0.0,2
"[{'1013'}, {'1013'}, {'7479'}]",0.12855224064086443,71,0.08265309816656202,0.3242513978710541,0.2415982997044921,39,32,0.25775695897765044,0.16825179221896253,6785,1,0.0,2
"[{'1996'}, {'2087'}]",0.1285454141279117,174,0.07727519991781173,0.3160336885308282,0.23875848861301646,89,85,0.2288127983821869,0.19471775648362516,6785,1,0.0,2
"[{'1997'}, {'2037'}]",0.12853735732255206,142,0.04648191578019478,0.3264800353153121,0.27999811953511733,84,58,0.25647361213564157,0.2449791799425082,6785,1,0.0,2
"[{'1012'}, {'2027'}, {'1005'}]",0.12851007385453034,61,0.1557619337903129,0.32900593906641007,0.17324400527609718,25,36,0.27651320506862764,0.1462439260083096,6785,1,0.0,2
"[{'2339'}, {'2024'}]",0.12850107381699724,60,0.1377700162430604,0.3322772406041622,0.1945072243611018,30,30,0.2748662407881265,0.15416622197605784,6785,1,0.0,2
[{'2302'}],0.12850088045973154,211,0.08920314683257016,0.3240976286561866,0.2348944818236164,114,97,0.24090108584741554,0.20811210634335026,6785,1,0.0,2
"[{'1521'}, {'1055'}]",0.12847603602814944,143,0.07553546510773973,0.3184703592264998,0.24293489411876007,69,74,0.2462249856654128,0.17803595010799592,6785,1,0.0,2
"[{'2052'}, {'2031'}, {'2042'}]",0.12846596915720815,61,0.15006586722629045,0.32119574571649234,0.1711298784902019,30,31,0.23199272049200606,0.11062175076406332,6785,1,0.0,2
[{'2066'}],0.12845253024365275,1064,0.13600430439494676,0.3301365155474109,0.19413221115246415,472,592,0.25525651445918446,0.16809212992741246,6785,1,0.0,2
"[{'2008'}, {'1005'}, {'1055'}]",0.12843859654932702,377,0.12902966823370574,0.33037183057299996,0.20134216233929422,189,188,0.24712374270999451,0.1754108434084257,6785,1,0.0,2
"[{'1997'}, {'2026'}]",0.12843605815106107,67,0.04417114852439791,0.3153226169801894,0.27115146845579147,42,25,0.21386372486511665,0.21214011701695595,6785,1,0.0,2
"[{'1037'}, {'1998'}]",0.1284317406207851,265,0.1442915118704095,0.3288294764665457,0.1845379645961362,117,148,0.26205810379412436,0.14230338337271503,6785,1,0.0,2
"[{'1037'}, {'1010'}]",0.12843068317486941,491,0.1331996420647285,0.3306822374304558,0.19748259536572732,235,256,0.25687124901108455,0.17957366771470692,6785,1,0.0,2
"[{'2054'}, {'1005'}]",0.12840901963824028,122,0.12450790173344076,0.3320991236716509,0.20759122193821014,60,62,0.24966068043544615,0.1706861371673169,6785,1,0.0,2
"[{'2040'}, {'2024'}]",0.12839823406821524,163,0.13448213880314872,0.3329191911408956,0.19843705233774686,87,76,0.27418649787231864,0.15729448932048384,6785,1,0.0,2
"[{'2001'}, {'1010'}]",0.12838637535996897,83,0.04848615138502843,0.32044542796081965,0.2719592765757912,45,38,0.25305897532314237,0.20231209559799435,6785,1,0.0,2
"[{'1056'}, {'1012'}]",0.12838399462593336,133,0.0868081253345154,0.32557228421919965,0.23876415888468425,73,60,0.259088677432789,0.16643029838243803,6785,1,0.0,2
"[{'1012'}, {'2059'}]",0.1283318471058122,102,0.06878130996262119,0.3168047037389543,0.24802339377633312,45,57,0.2482292467256747,0.2112399880025012,6785,1,0.0,2
[{'11324'}],0.12832882514965782,237,0.04383899882456668,0.22452829442187852,0.2683672932464452,153,84,0.20239754263713214,0.2016857210285397,6785,1,0.0,2
"[{'5796'}, {'1012'}]",0.12831995382368555,62,0.05304319878261554,0.3072303216214533,0.25418712283883776,27,35,0.21123999362453186,0.21301351656096829,6785,1,0.0,2
[{'4847'}],0.1283096663830289,139,0.15559997001250814,0.32600786106687196,0.17040789105436382,71,68,0.2684084284252666,0.1279697972968594,6785,1,0.0,2
"[{'1012'}, {'2228'}]",0.128299235710885,95,0.10222687198702235,0.3346637702650494,0.23243689827802705,54,41,0.26170806924517837,0.17558392524662259,6785,1,0.0,2
"[{'1998'}, {'1000'}]",0.1282968350097108,130,0.06523707784869318,0.3129828734737303,0.24774579562503715,72,58,0.23563268729095468,0.2033214886421846,6785,1,0.0,2
"[{'1996'}, {'2755'}, {'2008'}]",0.128193203980914,93,0.08501288152106526,0.32282436533637765,0.2378114838153124,53,40,0.250857526552735,0.2135851813369452,6785,1,0.0,2
"[{'1012'}, {'2008'}, {'1005'}, {'1055'}]",0.12818231552678636,126,0.13048916696958077,0.33134875767703714,0.20085959070745638,58,68,0.26156145466975156,0.17588105519159886,6785,1,0.0,2
"[{'2052'}, {'2000'}]",0.1281713406884675,76,0.051726903046379585,0.21165516387139047,0.26338206691777005,42,34,0.1828609742033521,0.24479275578179777,6785,1,0.0,2
"[{'2068'}, {'1010'}]",0.12809451819946335,74,0.0862961326901977,0.3202672465830236,0.23397111389282588,37,37,0.23939848281673415,0.22783183717665262,6785,1,0.0,2
"[{'1012'}, {'1012'}, {'1012'}, {'1045'}]",0.12807425890230142,78,0.05436079013041961,0.3104436590503424,0.25608286891992277,39,39,0.22762136789579845,0.23516325488769974,6785,1,0.0,2
"[{'1029'}, {'1045'}]",0.1280485947465751,222,0.09029986816514732,0.32281737369114316,0.23251750552599584,113,109,0.24248668659397388,0.18499378839495575,6785,1,0.0,2
"[{'2347'}, {'1005'}]",0.12803548756123484,90,0.08785630491749014,0.32421297236130786,0.23635666744381773,39,51,0.2553968930929791,0.17303469511212813,6785,1,0.0,2
"[{'1029'}, {'1010'}]",0.12801522953913136,109,0.0798686770489282,0.3139145337775642,0.23404585672863598,51,58,0.22299768685796567,0.21805624442282284,6785,1,0.0,2
"[{'2000'}, {'2007'}]",0.12801473692954166,180,0.10607605672339054,0.3348990895665518,0.22882303284316124,101,79,0.254571136712932,0.18458599830866515,6785,1,0.0,2
"[{'1996'}, {'2187'}]",0.12798898879682097,74,0.13060970924356402,0.32657168082454624,0.19596197158098222,34,40,0.2355887621323789,0.10777010208073681,6785,1,0.0,2
"[{'2017'}, {'2123'}, {'1056'}]",0.12798855616044016,125,0.12844118716039288,0.3277049788245649,0.19926379166417202,66,59,0.23991764913740987,0.15960886020811293,6785,1,0.0,2
[{'2878'}],0.1279855855600837,106,0.11665127289521951,0.33540413472801445,0.21875286183279494,60,46,0.260022519881141,0.16246795105192433,6785,1,0.0,2
"[{'2450'}, {'1999'}]",0.12797287601057014,124,0.05939618028515786,0.3125608416704031,0.25316466138524524,65,59,0.24699537533269925,0.232361273330368,6785,1,0.0,2
"[{'2113'}, {'2054'}]",0.12795891676658058,67,0.06486660429010432,0.30690985662596565,0.24204325233586133,35,32,0.2192816781874447,0.17627804963072333,6785,1,0.0,2
"[{'2273'}, {'1010'}]",0.12793280725313447,155,0.0888631865619077,0.3262951890657465,0.2374320025038388,83,72,0.27141097711378204,0.18334830894002974,6785,1,0.0,2
"[{'2006'}, {'1037'}]",0.1279266351319406,162,0.09602102343549673,0.3252769393225511,0.22925591588705435,75,87,0.23786749403511845,0.183100032179105,6785,1,0.0,2
"[{'1037'}, {'2450'}, {'1037'}]",0.12792209767341353,61,0.11476604656506609,0.2800007363160451,0.16523468975097902,30,31,0.2362228387144879,0.10876739340696646,6785,1,0.0,2
"[{'1012'}, {'1006'}]",0.12790051430842672,86,0.037217121320930635,0.323583948198292,0.28636682687736137,45,41,0.24279597663288643,0.24390362090709122,6785,1,0.0,2
[{'2182'}],0.12789042940665427,345,0.0750739482996865,0.3139325775286203,0.2388586292289338,186,159,0.2377220928126763,0.20196922382317195,6785,1,0.0,2
"[{'1012'}, {'2061'}, {'1010'}]",0.12788769211836126,65,0.04187697047988573,0.22427603453397751,0.26615300501386324,35,30,0.20204531026659092,0.2137535308882815,6785,1,0.0,2
"[{'2003'}, {'1037'}, {'1997'}]",0.12784836239939623,76,0.10114915617508652,0.2669570418291314,0.16580788565404486,43,33,0.2022558027001632,0.12421722974437646,6785,1,0.0,2
[{'2498'}],0.12783572890530917,272,0.12202049195927714,0.33335686943522,0.2113363774759429,132,140,0.26824297572545275,0.173514382076846,6785,1,0.0,2
"[{'1000'}, {'1045'}]",0.12781597504838096,210,0.10695951837780218,0.33367808083338396,0.22671856245558178,98,112,0.24911317804780164,0.1781858568594315,6785,1,0.0,2
"[{'2003'}, {'2004'}]",0.1278130757395743,76,0.1407966029410269,0.3235879452789531,0.18279134233792624,34,42,0.23613691091972416,0.13528338262029097,6785,1,0.0,2
"[{'2005'}, {'1998'}]",0.12781060670314995,119,0.06201316524465267,0.3140731862548626,0.2520600210102099,66,53,0.25519775407425865,0.22444871088051965,6785,1,0.0,2
"[{'1996'}, {'2111'}]",0.1277694225851318,151,0.11184492761890091,0.3279104089240233,0.21606548130512238,75,76,0.21597127063652016,0.1829925279768813,6785,1,0.0,2
"[{'3849'}, {'2000'}]",0.12776766767124717,72,0.04456296835288212,0.19999625288288703,0.24455922123576915,44,28,0.18393067307682942,0.20248599236556794,6785,1,0.0,2
"[{'1012'}, {'2027'}, {'2024'}]",0.12776632627970955,80,0.14490933812525877,0.32806977419101674,0.18316043606575796,46,34,0.2748149495497617,0.19701672651829605,6785,1,0.0,2
"[{'1997'}, {'2008'}]",0.1277585785826173,143,0.11059848450984508,0.33245489427021574,0.22185640976037066,70,73,0.24012883635200807,0.1753085518565407,6785,1,0.0,2
"[{'2006'}, {'1012'}]",0.12768556560872232,190,0.12324242917028969,0.3300125779795278,0.20677014880923814,97,93,0.25388254786793885,0.1703596619946328,6785,1,0.0,2
"[{'2009'}, {'1996'}]",0.1276633880177042,155,0.09012220370849328,0.32332694636923925,0.23320474266074598,91,64,0.24950515262146133,0.23331530907103332,6785,1,0.0,2
"[{'2008'}, {'1005'}, {'1056'}]",0.12764704241561423,64,0.12875390767905057,0.3229241626446738,0.1941702549656232,34,30,0.21712906679377764,0.19943132695005686,6785,1,0.0,2
"[{'1006'}, {'1007'}]",0.12764532094505976,109,0.05935058668255805,0.307769912481308,0.24841932579874992,55,54,0.23601996094743005,0.2018740261882903,6785,1,0.0,2
"[{'1005'}, {'2222'}]",0.12763582276829832,143,0.07170623910181967,0.2421099433747979,0.17040370427297824,77,66,0.185994601476724,0.1607044631441938,6785,1,0.0,2
"[{'2158'}, {'1010'}]",0.1276112520462739,86,0.0821213839701844,0.31891257382101484,0.23679118985083045,45,41,0.25701173483137435,0.2018881857111316,6785,1,0.0,2
[{'2158'}],0.12760987848397548,688,0.13034956951651894,0.32751871450589254,0.1971691449893736,325,363,0.25285099262854865,0.17029506603961347,6785,1,0.0,2
"[{'1045'}, {'2123'}, {'1005'}, {'1056'}]",0.1275726938253635,250,0.06675745810374434,0.3119402711325493,0.24518281302880496,122,128,0.2516087349577031,0.18803803000401248,6785,1,0.0,2
"[{'1045'}, {'2123'}, {'1005'}]",0.1275698632104292,251,0.06678475426505953,0.3119402711325493,0.24515551686748976,122,129,0.2516087349577031,0.18730803705021576,6785,1,0.0,2
[{'2812'}],0.12756474359580072,170,0.12080516917647938,0.3285275003922883,0.2077223312158089,93,77,0.2406800004901647,0.17553978983650115,6785,1,0.0,2
"[{'1998'}, {'2035'}]",0.12756370458338273,119,0.1398187504105625,0.32316949936960426,0.18335074895904177,56,63,0.24001405476298282,0.12764421291777378,6785,1,0.0,2
"[{'2009'}, {'2001'}]",0.12755974419324725,226,0.049483029464030326,0.313380053021418,0.2638970235573877,129,97,0.2503657703008251,0.21814393384524566,6785,1,0.0,2
"[{'1012'}, {'2111'}]",0.12755049049807096,111,0.1120496377544325,0.3350393209056776,0.22298968315124512,61,50,0.2622537162262328,0.2041282027213461,6785,1,0.0,2
"[{'1012'}, {'1045'}, {'2123'}, {'1005'}]",0.12751563356015064,89,0.05084477775175161,0.3059941550923718,0.2551493773406202,45,44,0.23072579879041488,0.1855773908558238,6785,1,0.0,2
"[{'2025'}, {'1010'}]",0.12751489529240337,107,0.13188570175305525,0.29943827843027454,0.1675525766772193,70,37,0.23678749710177444,0.11771501711966495,6785,1,0.0,2
"[{'1012'}, {'1045'}, {'2123'}, {'1005'}, {'1056'}]",0.12750327528724087,88,0.050531108702415006,0.3059941550923718,0.2554630463899568,45,43,0.23072579879041488,0.18771133462140663,6785,1,0.0,2
"[{'2111'}, {'2000'}]",0.12748297507252807,67,0.08871502254956537,0.3227713616830962,0.23405633913353086,35,32,0.26377228341011827,0.21062046147482352,6785,1,0.0,2
"[{'2033'}, {'1010'}]",0.12746089729135654,71,0.05990411727538997,0.30927138272672894,0.24936726545133897,40,31,0.2436848442849903,0.19866982428672297,6785,1,0.0,2
"[{'1045'}, {'2123'}]",0.1274581659635488,269,0.06228904058619733,0.3106526682296625,0.24836362764346515,130,139,0.2526378250008832,0.19500479921418815,6785,1,0.0,2
"[{'2347'}, {'1005'}, {'1056'}]",0.12745512498041536,89,0.08306190503378647,0.3194185724776042,0.23635666744381773,38,51,0.25699732205022136,0.17303469511212813,6785,1,0.0,2
"[{'2024'}, {'1012'}]",0.12742508480670564,224,0.12872439276040631,0.2967317352912067,0.1680073425308004,113,111,0.25369032089058685,0.1413807177662173,6785,1,0.0,2
"[{'2008'}, {'1012'}]",0.12742257034249943,266,0.08679885628171119,0.3206857019173565,0.23388684563564532,134,132,0.2593180983625981,0.20330305883561334,6785,1,0.0,2
"[{'1010'}, {'2070'}]",0.1274071928120482,70,0.042422931265709674,0.32826501368842226,0.2858420824227126,47,23,0.2386869375099608,0.2587359829468342,6785,1,0.0,2
"[{'1045'}, {'2113'}]",0.1273902588522442,117,0.10240730668422501,0.3281445345492102,0.2257372278649852,64,53,0.24191637489936585,0.1924879861688462,6785,1,0.0,2
"[{'2006'}, {'2308'}]",0.12738648507938494,122,0.1306989557272786,0.2995185107670047,0.1688195550397261,55,67,0.24833185733926202,0.1348468888578567,6785,1,0.0,2
"[{'1005'}, {'1055'}, {'2025'}]",0.1273822272523762,160,0.12508753973836173,0.32860455395919935,0.20351701422083762,98,62,0.24438699137473488,0.16077261592782163,6785,1,0.0,2
"[{'2001'}, {'1996'}]",0.1273815826753204,169,0.06163377654513996,0.30823569219898095,0.246601915653841,88,81,0.24390498420232434,0.20087253372101616,6785,1,0.0,2
"[{'1012'}, {'2123'}, {'1005'}]",0.1273745585031878,213,0.11884902724497581,0.32775393650745566,0.20890490926247984,92,121,0.23481675089176152,0.19998271888567126,6785,1,0.0,2
"[{'1029'}, {'1998'}]",0.12736249023136592,94,0.06782214284151586,0.24103063746140554,0.17320849461988969,39,55,0.18134013301661492,0.11782015534178093,6785,1,0.0,2
"[{'2017'}, {'2115'}]",0.12733752057738754,84,0.13174839238994396,0.30092150438576937,0.1691731119958254,32,52,0.236495769186821,0.13899833415235313,6785,1,0.0,2
"[{'2006'}, {'2037'}]",0.12731798967452174,69,0.07154783426105768,0.31016680098524907,0.2386189667241914,41,28,0.23365158897702318,0.15850297524181592,6785,1,0.0,2
"[{'1012'}, {'2123'}, {'1005'}, {'1056'}]",0.12731086190989108,212,0.11781703302825705,0.32775393650745566,0.2099369034791986,92,120,0.23481675089176152,0.20049313485840034,6785,1,0.0,2
"[{'2006'}, {'1996'}, {'1012'}]",0.12728873907821467,64,0.10935175930342031,0.27966111132668126,0.17030935202326095,36,28,0.196683808656683,0.1494338022084786,6785,1,0.0,2
"[{'1045'}, {'2123'}, {'1056'}]",0.1272837254748114,266,0.06675925138161815,0.3105711374373641,0.24381188605574594,128,138,0.2531438160519754,0.18820886775622303,6785,1,0.0,2
"[{'1998'}, {'2006'}]",0.12727402603464627,69,0.08353115181730253,0.314748861723476,0.23121770990617346,36,33,0.23650230508217698,0.19291180719884318,6785,1,0.0,2
"[{'1997'}, {'1996'}, {'1010'}]",0.12726813564597977,91,0.03844678995812814,0.22749801367521286,0.265944803633341,50,41,0.2089144941787195,0.20944726842743874,6785,1,0.0,2
"[{'2147'}, {'1012'}]",0.12725280302068823,63,0.047445668446782385,0.2020909646525979,0.2495366330993803,44,19,0.1982704518387831,0.19559649151094768,6785,1,0.0,2
"[{'2037'}, {'2219'}]",0.12720581264261605,127,0.07256924969398756,0.31247526077904564,0.23990601108505807,69,58,0.25435133865182685,0.20998404746938412,6785,1,0.0,2
"[{'2015'}, {'1997'}]",0.12720471027951263,96,0.11182611521171487,0.327543835601081,0.21571772038936615,46,50,0.2280457675438016,0.15265687689690666,6785,1,0.0,2
"[{'1996'}, {'2040'}]",0.12720254149635604,192,0.13604823655771964,0.3079003707258677,0.17185213416814804,98,94,0.23486507032445275,0.15433625835326784,6785,1,0.0,2
"[{'1055'}, {'2074'}]",0.12715548344318928,61,0.12028470250603915,0.2913490516635088,0.17106434915746963,26,35,0.21159530489320455,0.16393558745191572,6785,1,0.0,2
"[{'2025'}, {'2022'}]",0.12714421246186283,126,0.11130519770273578,0.3317290134145878,0.22042381571185204,64,62,0.25530261397910126,0.17073757994328523,6785,1,0.0,2
"[{'1037'}, {'2450'}, {'1005'}]",0.12711990513830454,99,0.06456760932366948,0.23717834741661423,0.17261073809294475,57,42,0.19264586849755172,0.15542710482619926,6785,1,0.0,2
"[{'1012'}, {'1045'}, {'1996'}]",0.1271039559622748,71,0.09129737609527944,0.3246024151037379,0.23330503900845845,41,30,0.2726050035712861,0.1946264822286186,6785,1,0.0,2
"[{'1012'}, {'1045'}, {'1005'}]",0.12709911389744016,350,0.110702101967284,0.3292107809136605,0.21850867894637652,169,181,0.23928412049801542,0.17332689746710486,6785,1,0.0,2
"[{'2007'}, {'1010'}]",0.1270953338849631,118,0.11961529259052539,0.32683510188427234,0.20721980929374695,54,64,0.2410884440206209,0.17622853037432862,6785,1,0.0,2
"[{'2018'}, {'1037'}]",0.12709276047443452,100,0.05936085142465769,0.30267070220750675,0.24330985078284906,57,43,0.22390300623495285,0.21876338009916066,6785,1,0.0,2
"[{'1998'}, {'2040'}]",0.12707879593283902,109,0.07992861935406961,0.24527543244351233,0.1653468130894427,56,53,0.20832267803923035,0.12272539664478653,6785,1,0.0,2
"[{'2000'}, {'1000'}]",0.12706244711440215,146,0.02999446034601272,0.2705606887186015,0.3005551490646142,81,65,0.22009605808704444,0.24783058916411857,6785,1,0.0,2
"[{'1012'}, {'1005'}, {'2025'}]",0.12704520836199681,75,0.09455333314949257,0.3222002795243517,0.22764694637485913,47,28,0.23322756448048762,0.1689761748261516,6785,1,0.0,2
"[{'2008'}, {'2000'}]",0.12702906265899994,124,0.1196564392419594,0.2905703402111228,0.17091390096916342,71,53,0.21534161879750752,0.13423717985004943,6785,1,0.0,2
[{'2040'}],0.12702116688416726,1693,0.13071488440698534,0.3245956803843545,0.19388079597736915,809,884,0.25054042587207986,0.16402881821993912,6785,1,0.0,2
[{'5020'}],0.1269937093440683,112,0.03353719797202648,0.27345879874318035,0.30699599671520683,74,38,0.21727909372724719,0.2690139113133809,6785,1,0.0,2
[{'2074'}],0.12696823893101322,1071,0.12406180459986288,0.32672340978705694,0.20266160518719406,504,567,0.2541880717004969,0.1804327287207332,6785,1,0.0,2
"[{'1999'}, {'2256'}]",0.12696701265909288,98,0.062076813560041494,0.3051378343684169,0.2430610208083754,52,46,0.24045833151000748,0.1847763339420928,6785,1,0.0,2
"[{'2008'}, {'1000'}]",0.1269646789401426,110,0.03623394593596457,0.3206587381660938,0.28442479223012923,60,50,0.2580673447054456,0.1874465808353268,6785,1,0.0,2
"[{'2009'}, {'1012'}]",0.12695346068448246,414,0.09885010162845326,0.3248645961644569,0.22601449453600364,207,207,0.2506868949869251,0.2021909210644364,6785,1,0.0,2
[{'2017'}],0.12694533023304283,2421,0.12874582037028398,0.32470340417280424,0.19595758380252026,1124,1297,0.2491326939694041,0.16862658400548128,6785,1,0.0,2
"[{'1012'}, {'2672'}]",0.12694475111330542,83,0.040174629289731284,0.21491697948911917,0.25509160877885045,46,37,0.1869846321888168,0.1929128098936112,6785,1,0.0,2
"[{'1045'}, {'2079'}]",0.12694301081971493,95,0.0827097374030541,0.31843723984504185,0.23572750244198776,54,41,0.2690138797843658,0.1950739979097291,6785,1,0.0,2
"[{'1000'}, {'1000'}, {'1012'}]",0.12693640807169543,108,0.04417843761812312,0.30453144039137886,0.26035300277325574,59,49,0.2314532654238833,0.21785838588371928,6785,1,0.0,2
[{'2843'}],0.12691053086852222,180,0.04456846897676264,0.3101803318838055,0.26561186290704286,89,91,0.255037040689651,0.22266663231125472,6785,1,0.0,2
"[{'2065'}, {'2009'}]",0.12689346539732985,96,0.0608146023271339,0.30015225189604927,0.23933764956891537,56,40,0.21434699117305175,0.2141295671217872,6785,1,0.0,2
[{'2056'}],0.1268659705417379,388,0.12658927736790496,0.32472309883701744,0.1981338214691125,209,179,0.2473572785239749,0.176647556113321,6785,1,0.0,2
"[{'1012'}, {'1045'}, {'2123'}, {'1056'}]",0.12686534964719753,95,0.05868935147762719,0.3008993069066646,0.24220995542903742,47,48,0.22708839009528362,0.18280510299556033,6785,1,0.0,2
"[{'2041'}, {'1996'}]",0.1268571832233795,135,0.09486839459118246,0.3215760251178461,0.22670763052666365,68,67,0.24882691344963748,0.19940718539527086,6785,1,0.0,2
"[{'1012'}, {'2123'}, {'1056'}]",0.12682600401162297,220,0.12051511723051214,0.3247435383419407,0.20422842111142855,94,126,0.23321794430392553,0.19734981010639263,6785,1,0.0,2
"[{'2450'}, {'2000'}]",0.12681068397788312,108,0.13785822979815596,0.32386670871214435,0.1860084789139884,66,42,0.2528300017046015,0.13594206386234112,6785,1,0.0,2
"[{'1037'}, {'1010'}, {'1998'}]",0.12681066520712395,63,0.07083993363711566,0.30914295216401416,0.2383030185268985,27,36,0.24841358463658206,0.21998801310990962,6785,1,0.0,2
"[{'2040'}, {'2001'}]",0.1268105218846568,79,0.04348046576875131,0.3003412431017274,0.2568607773329761,42,37,0.22025770507654918,0.20888710699525487,6785,1,0.0,2
[{'2612'}],0.12680628024365456,126,0.0641758641952859,0.30593656765995547,0.24176070346466957,64,62,0.2478199963870602,0.20301388730382575,6785,1,0.0,2
"[{'1012'}, {'1045'}, {'2123'}]",0.12678087573028002,96,0.045744575736409276,0.3008993069066646,0.25515473117025533,47,49,0.22708839009528362,0.2019379563114956,6785,1,0.0,2
"[{'1010'}, {'1045'}, {'1005'}]",0.12677829222125753,195,0.0747866128429365,0.31069451219895305,0.23590789935601655,102,93,0.2536910054447147,0.21190973604607813,6785,1,0.0,2
"[{'1012'}, {'1012'}, {'1045'}]",0.12677135612114365,104,0.05386678265550959,0.2986439871243559,0.24477720446884632,52,52,0.2222530628365936,0.2219170665433579,6785,1,0.0,2
[{'2016'}],0.12677005254677687,1053,0.13060287242618496,0.32314456043470846,0.1925416880085235,532,521,0.2476754431950117,0.17099588620985215,6785,1,0.0,2
"[{'2000'}, {'2079'}, {'2007'}]",0.126755731498983,90,0.09185444944864743,0.32021766941655766,0.22836321996791023,55,35,0.2438491764497349,0.20635424606758243,6785,1,0.0,2
"[{'1056'}, {'2215'}]",0.12675406241220785,87,0.03560439358784484,0.3029698919580907,0.26736549837024587,49,38,0.2095772104155808,0.20828258778256747,6785,1,0.0,2
"[{'2149'}, {'1012'}]",0.12674252115585385,70,0.05547317805761787,0.30805153681619746,0.2525783587585796,37,33,0.26430074690971106,0.22151015557734624,6785,1,0.0,2
"[{'2015'}, {'1010'}]",0.12673904461523944,297,0.11385634601163769,0.28285676510120833,0.16900041908957064,137,160,0.23359032239164584,0.1315207403528339,6785,1,0.0,2
"[{'2273'}, {'2000'}]",0.12673514578016112,95,0.099640206347966,0.32420436789592105,0.22456416154795505,48,47,0.24794941912115695,0.1994706067979971,6785,1,0.0,2
"[{'2129'}, {'1996'}]",0.12673414867859153,83,0.11649008746433062,0.3234261137743791,0.20693602631004845,42,41,0.22387962443283985,0.17254552658242517,6785,1,0.0,2
"[{'2037'}, {'1010'}]",0.12672196705589808,123,0.08898382448057121,0.3157758577101266,0.2267920332295554,67,56,0.23620488667602077,0.19790648983188147,6785,1,0.0,2
[{'3512'}],0.12668392836383496,73,0.1394482773433225,0.31805390888906043,0.17860563154573794,46,27,0.2097213504385564,0.09023793321446193,6785,1,0.0,2
"[{'1005'}, {'1056'}, {'2008'}]",0.12667817801104914,89,0.13748778137416254,0.3216146857636731,0.18412690438951054,41,48,0.24973033935688882,0.1471053380358044,6785,1,0.0,2
"[{'2000'}, {'2014'}]",0.12666136298777683,164,0.09856914915594356,0.32553916910870206,0.2269700199527585,72,92,0.2633227335543185,0.19857270455015705,6785,1,0.0,2
"[{'1000'}, {'1011'}]",0.12665856453619612,112,0.08525115735936098,0.3151417108157934,0.22989055345643242,59,53,0.2511536475254885,0.17681592955374748,6785,1,0.0,2
"[{'1012'}, {'2123'}]",0.12665152067471447,226,0.1178779920354151,0.3245876284393792,0.20670963640396411,96,130,0.23188740339834318,0.2037962903074591,6785,1,0.0,2
"[{'1010'}, {'1005'}, {'1055'}]",0.1266367249665362,252,0.10329530082152039,0.3249917426111555,0.2216964417896351,133,119,0.23507116443275763,0.1929996076308491,6785,1,0.0,2
"[{'1037'}, {'1011'}]",0.12662353478196076,197,0.12761920010057923,0.3002687637440183,0.17264956364343906,110,87,0.22555741913768698,0.14778556093852008,6785,1,0.0,2
"[{'2027'}, {'2031'}]",0.12662294620117506,197,0.11139258519045711,0.33215754742131515,0.22076496223085804,102,95,0.2755652966814719,0.18866265906378643,6785,1,0.0,2
"[{'1000'}, {'1012'}]",0.12660206201455407,481,0.06508603096335897,0.30224859276150606,0.2371625617981471,249,232,0.2329076394757317,0.18520985069640292,6785,1,0.0,2
"[{'2012'}, {'1037'}]",0.12658350084979827,88,0.0685024014201717,0.30129049232472543,0.23278809090455374,46,42,0.22053399306193855,0.18210575473804944,6785,1,0.0,2
"[{'2000'}, {'2175'}]",0.12657252076678,104,0.07035711568234293,0.30724467497704355,0.23688755929470062,58,46,0.24810223004703896,0.19293105733740448,6785,1,0.0,2
"[{'1997'}, {'2607'}]",0.12657005120687725,140,0.12477384714135664,0.32321834257697757,0.19844449543562093,79,61,0.23943963809515387,0.1455236854943964,6785,1,0.0,2
"[{'2055'}, {'1010'}]",0.1265688542060268,73,0.09131503980042355,0.31714205759944336,0.2258270177990198,33,40,0.2396903752336143,0.19269351822671354,6785,1,0.0,2
"[{'1012'}, {'2116'}]",0.1265679672647454,98,0.0498449896720895,0.30072719515380214,0.25088220548171264,59,39,0.22682461356900957,0.18922293585096492,6785,1,0.0,2
"[{'1010'}, {'2004'}]",0.12655686075384243,260,0.04740256000805243,0.3058607461298727,0.25845818612182025,157,103,0.24452005640158742,0.20202040241802177,6785,1,0.0,2
"[{'2000'}, {'2070'}]",0.12651389330975799,68,0.06939865086419472,0.30434185366441563,0.2349432028002209,41,27,0.2284655976021968,0.22406576368888614,6785,1,0.0,2
"[{'2003'}, {'2055'}]",0.1265039377746266,104,0.09727832635243736,0.3202165274322033,0.22293820107976595,50,54,0.23585538303171164,0.19686011318889138,6785,1,0.0,2
"[{'1010'}, {'2026'}]",0.12650375535280106,66,0.07205882234568545,0.3081439515185911,0.23608512917290564,43,23,0.225319395751655,0.23159387403351409,6785,1,0.0,2
"[{'2040'}, {'1996'}]",0.12650184126320296,101,0.06905586811162714,0.23926800917144175,0.1702121410598146,54,47,0.21835188796422722,0.13686999029536748,6785,1,0.0,2
"[{'1012'}, {'1045'}, {'2008'}]",0.12650134377966227,61,0.07786811219303164,0.30746592485478946,0.22959781266175783,35,26,0.2278946394024154,0.17385082795843465,6785,1,0.0,2
"[{'1045'}, {'2064'}]",0.126495901159634,141,0.11340802177282922,0.3258782187881677,0.21247019701533848,69,72,0.24187645684697456,0.18588861115759434,6785,1,0.0,2
[{'2711'}],0.12648555055383837,242,0.12456702508709647,0.3216850443566141,0.19711801926951764,121,121,0.23407573974128637,0.15239715751763702,6785,1,0.0,2
"[{'1037'}, {'2003'}]",0.1264845658187098,106,0.08512515302966622,0.3110739084727624,0.22594875544309617,51,55,0.2286125924656576,0.1992383042164444,6785,1,0.0,2
"[{'2030'}, {'1012'}]",0.1264555633632641,145,0.08790338416047491,0.3147245966094105,0.22682121244893558,76,69,0.24328529020648348,0.17956510880721394,6785,1,0.0,2
"[{'2987'}, {'1056'}]",0.12645460665716812,284,0.12086894852119656,0.32543312355267756,0.204564175031481,147,137,0.2557014972442829,0.17628812930445314,6785,1,0.0,2
"[{'2111'}, {'1012'}]",0.12643697344361315,112,0.13566968228788143,0.31776726149022577,0.18209757920234435,50,62,0.221171773178139,0.15096893710141335,6785,1,0.0,2
"[{'2450'}, {'1037'}]",0.12643665880683141,127,0.0973226645256493,0.2669620210664314,0.1696393565407821,57,70,0.2016181504791662,0.15744568780305007,6785,1,0.0,2
"[{'2191'}, {'1037'}]",0.12642699095761026,60,0.1080048136413097,0.3273620004455248,0.21935718680421512,30,30,0.24252319522748716,0.21696936034724362,6785,1,0.0,2
[{'2018'}],0.12642519627503848,582,0.07337825590999336,0.30554880138534385,0.2321705454753505,312,270,0.23666950416942945,0.18264301994484125,6785,1,0.0,2
"[{'2450'}, {'1996'}]",0.12641965234168745,104,0.09735473593519559,0.26377083647197913,0.16641610053678355,56,48,0.22973404780131007,0.13318608617492486,6785,1,0.0,2
[{'2755'}],0.12640679333334098,252,0.05501129791377643,0.302041129085359,0.2470298311715826,143,109,0.2442422076224419,0.2089915210167566,6785,1,0.0,2
"[{'1029'}, {'1029'}]",0.12639997683499446,149,0.1270029137479428,0.32481337110361747,0.19781045735567465,62,87,0.2586195825444056,0.1721986191480426,6785,1,0.0,2
[{'2219'}],0.12637387506035275,340,0.11329190876958695,0.32802239963156316,0.2147304908619762,163,177,0.26045673049400203,0.1901407992684542,6785,1,0.0,2
[{'2625'}],0.12633778169764498,192,0.03570778046793702,0.23520953466364167,0.2709173151315787,114,78,0.22014565131362468,0.22837707171213728,6785,1,0.0,2
"[{'2037'}, {'1998'}]",0.12631929267749156,105,0.08680542605948083,0.3113912413923108,0.22458581533282995,49,56,0.22748021789505418,0.2005858318849692,6785,1,0.0,2
"[{'2876'}, {'1005'}, {'1056'}]",0.12629649261064352,108,0.04592682955655597,0.2971234209158204,0.2511965913592644,55,53,0.22738904153815614,0.22103569864978231,6785,1,0.0,2
"[{'1037'}, {'2450'}]",0.12628449928038643,974,0.12006250263644311,0.3242694257383307,0.20420692310188757,479,495,0.2513785761221921,0.18223137043535667,6785,1,0.0,2
[{'3087'}],0.12628299737817497,225,0.10821737666731271,0.3270054661640615,0.2187880894967488,99,126,0.24185002033113853,0.1961354925427885,6785,1,0.0,2
[{'2108'}],0.1262794032595647,653,0.10159473081458595,0.3240731901914617,0.22247845937687574,324,329,0.25023393004052413,0.18429896639111498,6785,1,0.0,2
[{'2170'}],0.12627380429563723,181,0.11724140782618411,0.3267638436695443,0.2095224358433602,79,102,0.2601224683800921,0.18217747783833432,6785,1,0.0,2
"[{'1012'}, {'2031'}]",0.1262721060466614,233,0.09317646101836599,0.3186762328668122,0.2254997718484462,114,119,0.254170713869679,0.1901785831531634,6785,1,0.0,2
"[{'1045'}, {'1005'}, {'1056'}]",0.12625755568930333,380,0.05908350444488894,0.299979523046995,0.24089601860210605,184,196,0.24079778778341818,0.20407942349055563,6785,1,0.0,2
"[{'2024'}, {'1037'}]",0.1262547662797199,172,0.13826196933165458,0.3236336383590664,0.1853716690274118,69,103,0.2740364706007784,0.1634615776065974,6785,1,0.0,2
"[{'1045'}, {'1996'}]",0.12625417969197628,169,0.1103172204654056,0.3287531822682061,0.2184359618028005,94,75,0.2600372901208175,0.17985647182420098,6785,1,0.0,2
"[{'2028'}, {'1997'}]",0.12623050157723573,207,0.0484811557675251,0.30763858483922213,0.25915742907169703,133,74,0.2537265116747423,0.22745962152721375,6785,1,0.0,2
"[{'1010'}, {'1045'}, {'1005'}, {'1049'}]",0.1262051959481624,72,0.07648783025824427,0.3098147939358439,0.2333269636775996,35,37,0.2631689776653829,0.22503236580587915,6785,1,0.0,2
[{'2001'}],0.1262022574462431,1466,0.07245802567209322,0.30447597428178536,0.23201794860969213,762,704,0.24087096643566688,0.19807674373204656,6785,1,0.0,2
"[{'1999'}, {'1996'}, {'1997'}]",0.12619943225118618,160,0.055490245638154245,0.30186375470892074,0.2463735090707665,93,67,0.24824922928012177,0.18770154054663893,6785,1,0.0,2
"[{'2115'}, {'1010'}]",0.12619352722697919,94,0.09802438818137935,0.3183939733439022,0.22036958516252284,45,49,0.2257179404555141,0.17402098692805806,6785,1,0.0,2
[{'2202'}],0.12618174279735817,317,0.09307213632274616,0.3186743745834313,0.22560223826068512,176,141,0.2549082527644136,0.20244640538227787,6785,1,0.0,2
[{'2439'}],0.12616945267485494,103,0.1421271404279764,0.3194026160747447,0.1772754756467683,47,56,0.25610711518984547,0.13875438149165262,6785,1,0.0,2
"[{'2450'}, {'1998'}]",0.1261343006601819,155,0.13142984991005102,0.3049005644350517,0.17347071452500068,82,73,0.24129350730165489,0.15374621809632316,6785,1,0.0,2
"[{'2000'}, {'2079'}]",0.1261258051921835,293,0.04231251347806447,0.30327967957181984,0.26096716609375536,172,121,0.24377751883505444,0.23262936682201435,6785,1,0.0,2
[{'2060'}],0.12612005039733265,631,0.0701763628657345,0.30278650157247916,0.23261013870674466,316,315,0.24006213442359195,0.186243268824548,6785,1,0.0,2
"[{'2720'}, {'1012'}]",0.1261102945258749,90,0.11591645849998608,0.31885112076997757,0.2029346622699915,47,43,0.20769664172012167,0.15218592694418692,6785,1,0.0,2
"[{'1045'}, {'2001'}]",0.1261019669167966,129,0.0285242929420344,0.32041064683686604,0.29188635389483164,66,63,0.24865337776914612,0.23881643842264266,6785,1,0.0,2
"[{'1055'}, {'2025'}]",0.12609855470731912,168,0.11443167607788149,0.32541912454779787,0.21098744846991638,101,67,0.24406044857167056,0.1706810542168318,6785,1,0.0,2
"[{'2022'}, {'2005'}]",0.12608637366509232,74,0.048356564394738705,0.22173932303742663,0.17338275864268793,41,33,0.21515403500818212,0.1499643249755146,6785,1,0.0,2
"[{'1005'}, {'2074'}]",0.1260845942067593,101,0.1371493950418823,0.32110504813802737,0.18395565309614506,48,53,0.2665404294514041,0.1952891460593208,6785,1,0.0,2
"[{'2843'}, {'1997'}]",0.12607743338300773,118,0.04166757391165882,0.30575899186275773,0.2640914179510989,59,59,0.2609260988698133,0.21718034810185133,6785,1,0.0,2
[{'2987'}],0.1260588285628942,289,0.11432015193831338,0.32543312355267756,0.21111297161436418,147,142,0.2557014972442829,0.18748989641442565,6785,1,0.0,2
[{'2336'}],0.12605113578828026,340,0.08756154798275056,0.3139856562058451,0.22642410822309456,186,154,0.2515180669933198,0.2139018518471923,6785,1,0.0,2
"[{'2876'}, {'1005'}]",0.12605015126628732,109,0.04050530748636233,0.2971234209158204,0.25661811342945806,55,54,0.22738904153815614,0.22250808675984746,6785,1,0.0,2
"[{'2024'}, {'2183'}]",0.12604844166102927,66,0.11914121624648846,0.32139461295945304,0.20225339671296458,35,31,0.23469456391795882,0.20696845229623398,6785,1,0.0,2
"[{'1997'}, {'1997'}]",0.12603841246881275,87,0.10135315219582325,0.3220734870651873,0.22072033486936404,41,46,0.24138728760594264,0.1778270544075682,6785,1,0.0,2
[{'2512'}],0.12603726088534706,133,0.10037120503084412,0.32376331701874733,0.2233921119879032,75,58,0.2597306720923302,0.14449015768567333,6785,1,0.0,2
"[{'1998'}, {'2009'}]",0.12603690945406568,208,0.06017000734180522,0.30049826313966305,0.24032825579785783,116,92,0.24679528290893732,0.1968957344573105,6785,1,0.0,2
"[{'2066'}, {'1996'}]",0.12602996898507954,120,0.07676078653731544,0.3043208885599266,0.22756010202261118,55,65,0.2293987071296147,0.1607230905961476,6785,1,0.0,2
"[{'1996'}, {'2308'}, {'1005'}]",0.1260030001807305,77,0.08131351974551324,0.24825222752988338,0.16693870778437014,50,27,0.208424653727019,0.12833192785320188,6785,1,0.0,2
"[{'2017'}, {'1998'}]",0.12597785300318215,80,0.13178133509645115,0.31746619528737563,0.18568486019092448,29,51,0.2117502118527499,0.15367315651370012,6785,1,0.0,2
"[{'1997'}, {'2003'}]",0.12597430511450142,115,0.07732460946164221,0.302809304674156,0.2254846952125138,64,51,0.21716467956104213,0.20408814748886145,6785,1,0.0,2
"[{'1012'}, {'2292'}]",0.12597262466085804,68,0.03697024658322334,0.3130287534612067,0.27605850687798333,34,34,0.23840008434613005,0.2752484184490959,6785,1,0.0,2
[{'2185'}],0.12596691714680822,169,0.092492582387147,0.3134810379461238,0.2209884555589768,76,93,0.2232706860051426,0.20229415529248024,6785,1,0.0,2
"[{'2017'}, {'1029'}]",0.12596055584040097,90,0.1315753771409665,0.31364412137935327,0.18206874423838676,43,47,0.19566531886134683,0.11592241226423378,6785,1,0.0,2
"[{'2308'}, {'2008'}]",0.12595961525390836,96,0.08897996959217339,0.2529934786848332,0.1640135090926598,38,58,0.23410398791579654,0.12188141281312087,6785,1,0.0,2
"[{'2017'}, {'2113'}]",0.12595313050427945,130,0.06103747774924298,0.29793122091463636,0.23689374316539338,63,67,0.23746174788588112,0.188097633581706,6785,1,0.0,2
"[{'2035'}, {'2308'}]",0.125945416660061,124,0.12614343660827884,0.30059257629685676,0.17444913968857792,52,72,0.22153945324957,0.15266925771204412,6785,1,0.0,2
"[{'1010'}, {'2059'}]",0.12593941004307496,181,0.12740589171786,0.3005921850726008,0.17318629335474084,100,81,0.24194096060314974,0.11687139336025068,6785,1,0.0,2
"[{'1997'}, {'2000'}]",0.1259347827095387,112,0.0387967827808019,0.30045767613346613,0.26166089335266424,63,49,0.23561219104409203,0.21791934098854313,6785,1,0.0,2
"[{'2005'}, {'2000'}]",0.12592534332072639,147,0.13549738575386094,0.3203770985143094,0.18487971276044846,79,68,0.2620545091103628,0.14707216852266203,6785,1,0.0,2
"[{'2000'}, {'2115'}]",0.12592258050940977,139,0.11133952215066487,0.32402906894232286,0.212689546791658,66,73,0.2430346582255211,0.20993269011601634,6785,1,0.0,2
"[{'1010'}, {'2008'}]",0.12591775756302995,440,0.06651037168098892,0.299318289650338,0.2328079179693491,245,195,0.2323790082951146,0.1823158158933602,6785,1,0.0,2
"[{'2038'}, {'2000'}]",0.12591164400460833,148,0.12138501059233203,0.322786056198353,0.20140104560602096,86,62,0.24928395116154384,0.17876700233751813,6785,1,0.0,2
"[{'1037'}, {'2843'}]",0.12590067800835802,173,0.036729819018812115,0.3067939916077782,0.2700641725889661,85,88,0.2560160733894586,0.22495793670244285,6785,1,0.0,2
"[{'2336'}, {'1010'}]",0.12589726663214315,62,0.11803783779202834,0.2890687979983561,0.17103096020632777,33,29,0.2503885465166028,0.12426943198140153,6785,1,0.0,2
"[{'2003'}, {'2008'}]",0.12589650649723463,333,0.05336343039753577,0.29623402404800925,0.24287059365047348,189,144,0.2344881784012289,0.2039281689848677,6785,1,0.0,2
[{'2069'}],0.1258945726953915,650,0.05370464038435349,0.29795305332342203,0.24424841293906854,344,306,0.24640640414836537,0.21474156823064255,6785,1,0.0,2
[{'2151'}],0.12589179243677392,667,0.09836723048196905,0.31963846521891937,0.22127123473695032,343,324,0.24487114796595527,0.18402133303691218,6785,1,0.0,2
"[{'1998'}, {'1005'}, {'1055'}]",0.12588810625999244,106,0.06618662087567179,0.30434272949725893,0.23815610862158715,59,47,0.2644463268903283,0.21214663807255413,6785,1,0.0,2
[{'2087'}],0.12588764295826138,491,0.07555016917262167,0.30441544830909895,0.22886527913647728,269,222,0.23895628895170568,0.18727365658618358,6785,1,0.0,2
[{'2725'}],0.12587424517767898,196,0.10927685044756039,0.3261126444019653,0.21683579395440492,108,88,0.25340242541076424,0.20598521394715266,6785,1,0.0,2
[{'1521'}],0.12587014774783895,241,0.07252013209102479,0.30227197494743197,0.22975184285640718,116,125,0.23769049494083652,0.1722643051406586,6785,1,0.0,2
"[{'1037'}, {'2843'}, {'1997'}]",0.12586457671935694,116,0.03885602749664796,0.30575899186275773,0.2669029643661098,59,57,0.2609260988698133,0.22036667470237553,6785,1,0.0,2
"[{'2012'}, {'2560'}]",0.12586086674660038,111,0.0665268185170921,0.30399540207675985,0.23746858355966774,74,37,0.23653732680881343,0.1993382143688375,6785,1,0.0,2
[{'1523'}],0.12584811787391006,125,0.05626641923282247,0.2952260150303764,0.2389595957975539,62,63,0.23323991642781913,0.17916564997841994,6785,1,0.0,2
"[{'2450'}, {'1005'}]",0.12584314331168284,189,0.05698199683995142,0.2416627389257369,0.18468074208578547,115,74,0.17835493702385766,0.1804674137679555,6785,1,0.0,2
"[{'1998'}, {'1998'}]",0.12584045703261165,119,0.08789578871538409,0.2549839446605262,0.16708815594514212,59,60,0.22091040016257688,0.13919778917524853,6785,1,0.0,2
"[{'1010'}, {'1011'}]",0.12581854073476614,130,0.12035593632463032,0.29487898342666174,0.17452304710203143,63,67,0.22005028797128884,0.1329673033125669,6785,1,0.0,2
"[{'2074'}, {'2004'}]",0.12581684026093462,75,0.1317671992859749,0.3200958729966691,0.18832867371069417,38,37,0.2578353255107879,0.11690821544519953,6785,1,0.0,2
[{'2428'}],0.12580577722834227,386,0.12182016052982589,0.3215226164320484,0.1997024559022225,192,194,0.2505469786275337,0.15853805196967383,6785,1,0.0,2
"[{'1010'}, {'1005'}, {'1056'}]",0.12580283116303745,89,0.06304923507327936,0.29444097119326496,0.2313917361199856,49,40,0.216403638140396,0.16640857758790548,6785,1,0.0,2
"[{'2074'}, {'1996'}]",0.1258022782302351,105,0.045804935024697735,0.30405783208627857,0.25825289706158083,62,43,0.2646171584087233,0.2354994991687316,6785,1,0.0,2
"[{'1012'}, {'2450'}]",0.12579308690128405,132,0.1311362680828418,0.3071966959396377,0.17606042785679593,64,68,0.22186568975838072,0.17882301917098947,6785,1,0.0,2
"[{'2987'}, {'1005'}, {'1056'}]",0.12577021099240063,277,0.11679513608820763,0.32335174481930407,0.20655660873109644,145,132,0.2554442243506436,0.1790207826126161,6785,1,0.0,2
"[{'3424'}, {'1011'}]",0.1257681437582797,109,0.08303129809564655,0.3073751647376789,0.22434386664203235,53,56,0.23439989249096005,0.20460071120404286,6785,1,0.0,2
"[{'1010'}, {'2028'}]",0.12576685251816064,92,0.06338142422693116,0.31568335560815675,0.2523019313812256,70,22,0.25122873734562823,0.11678839368707586,6785,1,0.0,2
"[{'2987'}, {'1005'}]",0.12576008620434703,278,0.11657950389016658,0.32335174481930407,0.20677224092913749,145,133,0.2554442243506436,0.178363708541564,6785,1,0.0,2
"[{'2017'}, {'2022'}]",0.1257583434939786,76,0.1090044677572573,0.2789856479926543,0.169981180235397,33,43,0.24345043187951895,0.11048805762437039,6785,1,0.0,2
[{'2085'}],0.1257208754689687,471,0.11903727550334028,0.3221124154634965,0.20307513996015622,234,237,0.2527427909135965,0.16910920989642278,6785,1,0.0,2
[{'3012'}],0.12572015550658677,77,0.057274899352469294,0.29954397816990697,0.24226907881743767,43,34,0.25633174944155135,0.19018500548278472,6785,1,0.0,2
"[{'1998'}, {'1045'}]",0.12571552552635365,240,0.055063634407500395,0.294480465825588,0.23941683141808762,126,114,0.23459967141157323,0.20356997383283928,6785,1,0.0,2
"[{'1013'}, {'1012'}]",0.1257138317457419,124,0.05087804125950618,0.29622936139211936,0.24535132013261318,68,56,0.24358912543460323,0.20168577806772497,6785,1,0.0,2
[{'2572'}],0.12570747744470706,311,0.0874662615430023,0.31015807722347327,0.22269181568047097,166,145,0.2346198205585808,0.2055557893458514,6785,1,0.0,2
"[{'2612'}, {'1997'}]",0.12570527654704572,86,0.11656151445501525,0.32483523314737756,0.2082737186923623,46,40,0.26854213435184615,0.18581844418568355,6785,1,0.0,2
[{'3008'}],0.12569812348976628,74,0.04088962150980596,0.22214938254783984,0.2630390040576458,46,28,0.19771589298384884,0.2508055692216087,6785,1,0.0,2
"[{'2003'}, {'2023'}]",0.12569551858580663,81,0.08519473556015228,0.3084472555253241,0.22325251996517181,45,36,0.23161718040676765,0.19549896094442115,6785,1,0.0,2
"[{'1010'}, {'2097'}]",0.12568368937282312,117,0.0425617588656651,0.29784726766088315,0.25528550879521805,62,55,0.24588049671473006,0.19926554468303095,6785,1,0.0,2
"[{'2068'}, {'1012'}]",0.12567207871811367,210,0.12100639226364679,0.3208780661225319,0.1998716738588851,94,116,0.2457998145497253,0.16857961024817145,6785,1,0.0,2
"[{'1012'}, {'2216'}]",0.12566965067444166,61,0.05721483485923354,0.24495421152781038,0.18773937666857685,34,27,0.17974677709143297,0.11656059077666345,6785,1,0.0,2
"[{'1011'}, {'1005'}]",0.1256593939768053,74,0.05260111990877808,0.29501275550574063,0.24241163559696255,40,34,0.23999683927504326,0.16630298179083525,6785,1,0.0,2
"[{'2903'}, {'2008'}]",0.12564197803304994,85,0.08160535465120464,0.30845760088413954,0.2268522462329349,48,37,0.2502521549680823,0.15908814624495982,6785,1,0.0,2
"[{'1998'}, {'2450'}]",0.12564075155833376,71,0.11812053434244907,0.3267901495453857,0.20866961520293664,42,29,0.28235136541777295,0.17163676320048626,6785,1,0.0,2
"[{'2008'}, {'1005'}]",0.12562504896638688,488,0.1198843990121359,0.3200900735202172,0.20020567450808127,241,247,0.24138759204836882,0.1762838634039207,6785,1,0.0,2
"[{'2009'}, {'1029'}]",0.12561298077699512,64,0.05675434539951979,0.29606794619134497,0.23931360079182518,28,36,0.24179961550681903,0.17841878768823585,6785,1,0.0,2
"[{'2450'}, {'2001'}]",0.1256053472119759,83,0.027597862793955708,0.3073692876239156,0.27977142482995987,43,40,0.22047565390321958,0.2265267161641714,6785,1,0.0,2
"[{'1000'}, {'1000'}]",0.1256046634027141,601,0.06465681097611523,0.2982892877428058,0.23363247676669055,322,279,0.2436591877877755,0.19229654895230675,6785,1,0.0,2
"[{'1996'}, {'1012'}, {'1996'}]",0.12560003274077136,80,0.031067855237019326,0.2489914412627805,0.2800592964997998,53,27,0.2170773544422787,0.2293262876324814,6785,1,0.0,2
"[{'2000'}, {'2006'}]",0.1255982574593432,83,0.09329939131424125,0.31655049287513193,0.22325110156089067,51,32,0.24696979705763938,0.22597365516108744,6785,1,0.0,2
"[{'2061'}, {'1012'}]",0.12559189769997237,123,0.07491041426381884,0.3022892778647728,0.22737886360095394,61,62,0.23920558697969288,0.1953293073644725,6785,1,0.0,2
"[{'1024'}, {'1000'}]",0.1255913682692057,129,0.035635430314543776,0.2264704163614157,0.2621058466759595,74,55,0.1856613726840402,0.22786559209949614,6785,1,0.0,2
[{'2222'}],0.12558722292485044,148,0.05443528980270196,0.2421099433747979,0.18767465357209595,77,71,0.185994601476724,0.17589721557353433,6785,1,0.0,2
"[{'2308'}, {'1012'}]",0.1255847924268454,691,0.13442568033921093,0.31926274535208476,0.18483706501287384,321,370,0.2632739909056361,0.15992909683354878,6785,1,0.0,2
"[{'1996'}, {'2931'}]",0.12557885266755478,62,0.06985886733604485,0.2965357044977801,0.22667683716173526,35,27,0.21516360021057734,0.17536690670410016,6785,1,0.0,2
"[{'1037'}, {'1012'}]",0.12556831607587365,654,0.12096457416894862,0.3196418933886913,0.1986773192197427,306,348,0.24092604058747472,0.19041922775798378,6785,1,0.0,2
"[{'1012'}, {'1010'}]",0.1255682831663245,725,0.061774304874300745,0.29579279173049144,0.2340184868561907,384,341,0.23676950120911325,0.19422527000317108,6785,1,0.0,2
"[{'2021'}, {'1010'}]",0.12556569394982892,87,0.04465342565486061,0.2894329132269258,0.24477948757206522,46,41,0.21753186415680115,0.18660694167190775,6785,1,0.0,2
[{'2115'}],0.12555633258451115,1006,0.12188195461695944,0.31965857873792236,0.19777662412096292,460,546,0.242565189107999,0.17355599914466419,6785,1,0.0,2
"[{'1996'}, {'2168'}, {'1012'}]",0.12553147606136222,63,0.06001422886510155,0.29632222239632866,0.2363079935312271,37,26,0.23801159775011047,0.18148884078123648,6785,1,0.0,2
"[{'2003'}, {'2028'}]",0.12551722999096465,83,0.09031371169886182,0.32043559909132974,0.23012188739246792,56,27,0.27730369248117864,0.1991310810346765,6785,1,0.0,2
[{'2298'}],0.1255062243399692,215,0.1261950980949377,0.31939727544170066,0.19320217734676295,97,118,0.2502221585377639,0.18716301640905889,6785,1,0.0,2
[{'2043'}],0.12549921209378945,954,0.08217187202364434,0.30654257764531806,0.22437070562167372,484,470,0.24200377218788288,0.18669112525348489,6785,1,0.0,2
"[{'2000'}, {'2023'}]",0.12549395328905424,163,0.12640923827258874,0.3002895502434982,0.17388031197090945,91,72,0.24752901769184601,0.16023624387265847,6785,1,0.0,2
"[{'1045'}, {'2228'}]",0.12548762245981873,245,0.04836965066082988,0.2999665527157996,0.2515969020549697,146,99,0.26154702730248347,0.20108923451017882,6785,1,0.0,2
"[{'1012'}, {'1045'}, {'2228'}]",0.12548402779390155,91,0.034502816471186526,0.30941369113597,0.2749108746647835,55,36,0.26063879779780225,0.18685143215030225,6785,1,0.0,2
"[{'2039'}, {'2000'}]",0.12547669269279216,83,0.0964927591438241,0.31690791687544656,0.22041515773162246,51,32,0.23485832199737844,0.17152441350988815,6785,1,0.0,2
[{'8037'}],0.12546288803202763,67,0.1345697045326233,0.3074759244918823,0.17290621995925903,27,40,0.27071448611029847,0.10477054771752715,6785,1,0.0,2
"[{'2064'}, {'2017'}]",0.12545067028604606,75,0.03955165427420046,0.23268394189931096,0.1931322876251105,42,33,0.16248442544591565,0.14980869715849396,6785,1,0.0,2
"[{'1012'}, {'2009'}]",0.12543620780339843,831,0.07573983930327971,0.3031473745031532,0.2274075351998735,462,369,0.24488607103974122,0.1940141306944781,6785,1,0.0,2
[{'2292'}],0.12543276622305471,249,0.07329673653952648,0.2977793263745005,0.22448258983497402,118,131,0.21837700551899883,0.20270779941357553,6785,1,0.0,2
"[{'2106'}, {'2025'}]",0.12542301317151583,114,0.044949736640928606,0.291174851771858,0.24622511513092937,63,51,0.2284896361463615,0.19601388936461084,6785,1,0.0,2
"[{'1996'}, {'2017'}]",0.1254078937887621,65,0.10786362011463216,0.27958732060132885,0.1717237004866967,39,26,0.23046267786419675,0.14877978779076342,6785,1,0.0,2
"[{'1996'}, {'2006'}]",0.1254042909185425,91,0.11582257617534933,0.31953595845919586,0.20371338228384653,46,45,0.2367215612807731,0.17798411788780164,6785,1,0.0,2
"[{'1045'}, {'1005'}]",0.12538704540136492,881,0.09655993961890691,0.3163432114846192,0.21978327186571228,431,450,0.24535939719724326,0.18872262067256473,6785,1,0.0,2
"[{'1999'}, {'2023'}]",0.1253849561497249,186,0.11324037116866148,0.3208493603868227,0.20760898921816123,102,84,0.2406286429764604,0.16921738970132436,6785,1,0.0,2
[{'4593'}],0.12538027880815908,90,0.08031370158174209,0.30320462282924426,0.22289092124750218,42,48,0.228198059580431,0.1682686959694593,6785,1,0.0,2
"[{'2004'}, {'2092'}]",0.12534134515222212,114,0.07062119440640185,0.30264847279644347,0.2320272783900416,71,43,0.25125092509859165,0.19564923611712257,6785,1,0.0,2
[{'2941'}],0.12533520169812493,234,0.06115896653462355,0.29557233049656995,0.2344133639619464,129,105,0.2438103640127985,0.20399924631880628,6785,1,0.0,2
"[{'1996'}, {'2308'}, {'1005'}, {'1055'}]",0.1253304688378977,70,0.06415901259690607,0.24066993617948065,0.17651092358257459,47,23,0.20763697414189125,0.13413777059865536,6785,1,0.0,2
"[{'2057'}, {'2024'}]",0.12531946525815915,162,0.06300861347449985,0.29718178637571385,0.234173172901214,91,71,0.24911793477689192,0.20651572464380727,6785,1,0.0,2
"[{'2016'}, {'2038'}]",0.12531698076141115,91,0.1233177594479549,0.2995633926502494,0.1762456332022945,43,48,0.22175501970064423,0.14534288694836772,6785,1,0.0,2
[{'2039'}],0.1253152858866369,764,0.11505168417489506,0.3202488081836977,0.20519712400880266,388,376,0.24444412491935194,0.17650528960017037,6785,1,0.0,2
"[{'2017'}, {'1996'}]",0.12531386881851958,200,0.12633171826227563,0.31823237467379795,0.19190065641152232,105,95,0.2493371737843457,0.14916643540719512,6785,1,0.0,2
[{'2055'}],0.125309942738729,1332,0.120278205747576,0.31898858259357743,0.19871037684600143,652,680,0.2446626233359926,0.16894071462040497,6785,1,0.0,2
"[{'1045'}, {'1005'}, {'2310'}]",0.1253071802960016,114,0.041201216324543904,0.29042111425581624,0.24921989793127233,59,55,0.227849837942667,0.1797603649413391,6785,1,0.0,2
"[{'1029'}, {'1996'}]",0.12529213183332408,170,0.03375097324864729,0.2964300198273526,0.26267904657870533,90,80,0.23234748828214727,0.2126676364709147,6785,1,0.0,2
"[{'1005'}, {'1005'}]",0.12528766084753637,162,0.04269103769858981,0.2904017095441942,0.24771067184560439,77,85,0.23005560443759532,0.21461310952349597,6785,1,0.0,2
"[{'2066'}, {'1010'}]",0.1252851333934945,62,0.11809513633029464,0.31988435469824694,0.2017892183679523,29,33,0.24800063702708366,0.12607022283456149,6785,1,0.0,2
"[{'2011'}, {'1037'}]",0.12527879056594102,141,0.08369062790664639,0.30546860667246,0.22177797876581362,62,79,0.2299510625287405,0.17577187846044032,6785,1,0.0,2
"[{'1012'}, {'2011'}]",0.12527579097225386,66,0.06302882728214088,0.2985949290375556,0.2355661017554147,31,35,0.26274712748478246,0.16808313249747836,6785,1,0.0,2
"[{'2013'}, {'1996'}]",0.12527036498514416,272,0.0687736076889445,0.2981519764933571,0.22937836880441262,159,113,0.2379207205011733,0.1997598539984145,6785,1,0.0,2
"[{'2000'}, {'1037'}, {'2450'}]",0.12526656839435552,68,0.04755946288624768,0.2342260126666776,0.18666654978042993,29,39,0.19443841643839407,0.1724460677484251,6785,1,0.0,2
"[{'1000'}, {'2308'}]",0.12526124487526746,119,0.044893830636842436,0.29273089387764534,0.2478370632408029,60,59,0.24411070788248873,0.21215760260900712,6785,1,0.0,2
[{'2327'}],0.12525119669032247,71,0.04004474622556825,0.3012943976514396,0.26124965142587137,42,29,0.23271108836498686,0.26351187919390084,6785,1,0.0,2
[{'2068'}],0.12524978906457104,757,0.11741586690690134,0.3198774434352494,0.20246157652834804,354,403,0.24791866123881867,0.17810315424785098,6785,1,0.0,2
[{'2014'}],0.12524163235633817,1062,0.1219309930284678,0.31887708553994026,0.19694609251147246,518,544,0.24972912953151938,0.17449203948350206,6785,1,0.0,2
"[{'1010'}, {'2273'}]",0.12523109674259789,115,0.08273600482127882,0.30961040034890175,0.22687439552762292,71,44,0.26024215939673595,0.18353956472297067,6785,1,0.0,2
[{'3198'}],0.12522286935841706,93,0.08960899414630755,0.3153392693146746,0.22573027516836705,47,46,0.2882115222506414,0.1618754552307101,6785,1,0.0,2
"[{'2008'}, {'2035'}]",0.12521909699054243,83,0.05350477548743254,0.29252667487301726,0.2390218993855847,47,36,0.24050571110724508,0.21971876978698907,6785,1,0.0,2
"[{'2061'}, {'1045'}]",0.12521749395985995,66,0.024526366117325726,0.26858038782621874,0.29310675394354446,33,33,0.24768374845731286,0.24362122569276068,6785,1,0.0,2
"[{'2061'}, {'2172'}]",0.12519932932127625,83,0.07438468551892777,0.29974012745496553,0.22535544193603776,39,44,0.23647612460142994,0.21020876601475444,6785,1,0.0,2
"[{'1012'}, {'1996'}, {'2003'}]",0.12519707513889014,123,0.0666166564217455,0.29609435023023534,0.22947769380848984,65,58,0.23998200690095245,0.20895982154256965,6785,1,0.0,2
"[{'1012'}, {'2065'}]",0.12519666959859388,469,0.06698925000743788,0.2972820035359833,0.2302927535285454,267,202,0.2429599466033201,0.19157952960302518,6785,1,0.0,2
"[{'1012'}, {'2087'}]",0.12519653503611897,74,0.12947589745571522,0.3178568732641313,0.1883809758084161,46,28,0.24224478586971004,0.12156978445466679,6785,1,0.0,2
"[{'1045'}, {'2572'}]",0.12519259023051546,275,0.09780002407631427,0.31592694657290876,0.2181269224965945,147,128,0.2387730666808196,0.20276368593234648,6785,1,0.0,2
"[{'2000'}, {'2068'}]",0.12518291750810187,120,0.08797829137273203,0.3103657433469045,0.22238745197417245,57,63,0.2540167126194561,0.1839075080609421,6785,1,0.0,2
"[{'2308'}, {'1005'}, {'1056'}]",0.12517260863392177,71,0.0404073183553586,0.29083798382733317,0.25043066547197457,37,34,0.2332865061374386,0.19869392899104898,6785,1,0.0,2
[{'2213'}],0.12517025407681837,109,0.05205775499494694,0.2880839791737105,0.23602622417876354,57,52,0.22357653933962227,0.21471209870893548,6785,1,0.0,2
"[{'2000'}, {'2156'}]",0.1251692262604071,134,0.06138613781155047,0.24681692931856683,0.18543079150701636,67,67,0.2029140352322224,0.1738693625054531,6785,1,0.0,2
"[{'1998'}, {'2025'}]",0.12513854958620277,147,0.055266480512679406,0.29148616414608025,0.23621968363340085,82,65,0.2369953240151015,0.20340478237735338,6785,1,0.0,2
"[{'2064'}, {'1005'}, {'1056'}]",0.1251364093194246,283,0.11244089753576927,0.3204217724381916,0.2079808749024223,124,159,0.24368193080822492,0.1946719671843541,6785,1,0.0,2
[{'2093'}],0.12513498374361262,70,0.029633028904596986,0.23974716265996296,0.26938019156455995,45,25,0.21174475253251146,0.1935716248391149,6785,1,0.0,2
[{'1040'}],0.12513456894301073,194,0.10948113088318709,0.32021915132425866,0.21073802044107157,106,88,0.23730020184252584,0.1821514005960832,6785,1,0.0,2
"[{'1056'}, {'2008'}]",0.1251306518873944,93,0.13512676216488664,0.31555882148271386,0.18043205931782721,43,50,0.2469059711130003,0.14528372255685157,6785,1,0.0,2
"[{'2024'}, {'2025'}]",0.12512882446766604,240,0.055679802207014434,0.2928889081091948,0.2372091059021804,142,98,0.23976157880358462,0.20505342780240984,6785,1,0.0,2
[{'2964'}],0.12511539312481496,149,0.04108212876472467,0.2854232851553846,0.24434115639065995,81,68,0.20803622868964688,0.21225593841481966,6785,1,0.0,2
"[{'1012'}, {'2001'}]",0.12509161762415777,220,0.08049719403681052,0.3024777271825334,0.22198053314572289,115,105,0.23264087021095148,0.21085248435562934,6785,1,0.0,2
"[{'1055'}, {'2000'}]",0.12507854439892807,183,0.053665332312661185,0.2919195306452888,0.23825419833262762,108,75,0.23895593818379746,0.19374188997496716,6785,1,0.0,2
[{'2381'}],0.1250732506240955,162,0.08188827120231623,0.30346430536536945,0.22157603416305321,84,78,0.23409310960996074,0.17647342894785684,6785,1,0.0,2
"[{'1998'}, {'1997'}]",0.1250660619848647,240,0.05669163947443029,0.29014953518143066,0.23345789570700037,130,110,0.23137759852598702,0.2000655601785595,6785,1,0.0,2
"[{'1012'}, {'1012'}, {'1000'}]",0.1250456566638976,95,0.03673248334136203,0.2896258064678737,0.2528933231265117,56,39,0.2192200326747967,0.20037083919475154,6785,1,0.0,2
"[{'2084'}, {'1996'}]",0.12504165160464242,86,0.039736613274916344,0.2940206390036189,0.25428402572870257,46,40,0.2279249032113023,0.24974566200971288,6785,1,0.0,2
[{'2518'}],0.1250414133246522,238,0.054970658157098784,0.2908357387228358,0.23586508056573702,124,114,0.24034128946831074,0.21174353435322937,6785,1,0.0,2
"[{'2004'}, {'1037'}]",0.12504046926881104,410,0.053428001821559906,0.2895428380809137,0.23611483625935378,241,169,0.22818862500558326,0.17954228265560018,6785,1,0.0,2
"[{'1012'}, {'1045'}]",0.12502046046209417,1223,0.07489319866825112,0.2995253944346985,0.22463219576644738,626,597,0.24030541379175807,0.1917741097843006,6785,1,0.0,2
"[{'1005'}, {'1056'}, {'1037'}]",0.12499854916149271,150,0.1126866319097991,0.31964030627110235,0.20695367436130324,73,77,0.24684695453621522,0.18080050931500244,6785,1,0.0,2
[{'2030'}],0.12499758551711138,1582,0.05001703761808046,0.28903943992341147,0.239022402305331,837,745,0.23661321442168642,0.19665496481664854,6785,1,0.0,2
"[{'1010'}, {'2003'}, {'1996'}]",0.1249864516935762,69,0.06878859634426507,0.248888038945469,0.18009944260120392,44,25,0.20651264607695305,0.1630600515439958,6785,1,0.0,2
"[{'2228'}, {'1996'}]",0.12498609939493689,75,0.030983012661870035,0.29609676403924823,0.2651137513773782,40,35,0.23208770234746381,0.18642206313823262,6785,1,0.0,2
"[{'2038'}, {'1037'}]",0.12498438877736558,142,0.1021660653969039,0.3192432094913195,0.2170771440944156,68,74,0.2476414517583352,0.1852019560076161,6785,1,0.0,2
"[{'2052'}, {'2025'}]",0.1249776395449367,68,0.041952468448014923,0.2887072998675562,0.2467548314195413,42,26,0.21301456558983442,0.22130739206001235,6785,1,0.0,2
"[{'2064'}, {'1056'}]",0.12497648703597511,292,0.11213791958850294,0.3194355763893091,0.20729765680080614,131,161,0.24238461907848136,0.19361875431137468,6785,1,0.0,2
"[{'2003'}, {'2200'}]",0.12497246560530877,69,0.06628577286012904,0.24320261827891781,0.17691684541878877,42,27,0.2333351650136466,0.1219364182122308,6785,1,0.0,2
"[{'2079'}, {'1996'}]",0.12497074751982229,83,0.03975786393689984,0.29477842176414054,0.2550205578272407,46,37,0.2542161632144881,0.24101497533513266,6785,1,0.0,2
"[{'1037'}, {'2030'}]",0.12495723850759372,92,0.07054803483384128,0.296578713851731,0.22603067901788973,41,51,0.23661920623142343,0.2128155463604478,6785,1,0.0,2
"[{'2017'}, {'2079'}]",0.12493692005435532,93,0.12965558539144695,0.30277066002599895,0.173115074634552,32,61,0.26402011826423954,0.11697537288952667,6785,1,0.0,2
[{'2187'}],0.12493661535964702,194,0.11349116795763528,0.31703836217369,0.20354719421605474,97,97,0.2284999997203574,0.1670736767301668,6785,1,0.0,2
"[{'1012'}, {'2064'}, {'1005'}, {'1056'}]",0.12493447159055113,64,0.05351566639728844,0.2864148586522788,0.23289919225499034,32,32,0.2196903986272851,0.22168937909917152,6785,1,0.0,2
[{'2228'}],0.12493335472923925,655,0.09843040306797737,0.31704980750119993,0.21861940443322256,347,308,0.25643866207142213,0.19436448000539977,6785,1,0.0,2
[{'1057'}],0.12493257582245378,100,0.08074785559925576,0.29933903124873285,0.21859117564947708,54,46,0.20955345024040659,0.185590271019784,6785,1,0.0,2
"[{'2054'}, {'2024'}]",0.12492641378667635,77,0.033529970421377564,0.2943580490423412,0.26082807862096363,41,36,0.23845386063957494,0.23381639063982596,6785,1,0.0,2
[{'2293'}],0.12492346040322741,116,0.12328243096073407,0.31638220393536043,0.19309977297462635,49,67,0.23664169111429584,0.16104442829305798,6785,1,0.0,2
[{'3532'}],0.12492247352719735,163,0.11017836369517367,0.31892583672314473,0.20874747302797106,73,90,0.23595273623083626,0.18909037819187105,6785,1,0.0,2
[{'2065'}],0.12491863661440915,1361,0.06244151735844819,0.29197436270056937,0.22953284534212118,735,626,0.23528804885490753,0.1853931816996444,6785,1,0.0,2
"[{'2009'}, {'1055'}, {'2025'}]",0.12490552404901333,100,0.09363546149655319,0.3134590280723983,0.2198235665758451,58,42,0.2515064200280097,0.18430710215028842,6785,1,0.0,2
"[{'2040'}, {'2031'}]",0.12490243242638413,115,0.08998611361266412,0.30822297065917936,0.21823685704651524,56,59,0.2326607211422389,0.18034213940144178,6785,1,0.0,2
[{'2059'}],0.12488850866730564,537,0.09764294079655211,0.31617146005195357,0.21852851925540145,263,274,0.2562008262028417,0.19050048348700938,6785,1,0.0,2
[{'2033'}],0.1248858577737393,565,0.11418480488433733,0.31927994801239534,0.20509514312805802,275,290,0.2517712849423092,0.18214259730137117,6785,1,0.0,2
"[{'1037'}, {'1997'}, {'1012'}]",0.12488170168005695,69,0.06208137762852206,0.2431258180966744,0.18104444046815235,39,30,0.22937149805121798,0.1556413517216855,6785,1,0.0,2
"[{'2066'}, {'2000'}]",0.12487948238343541,87,0.06141336343469139,0.29667167539926287,0.23525831196457148,47,40,0.2707120569417871,0.22731354515088412,6785,1,0.0,2
"[{'2512'}, {'1011'}]",0.12487886445982824,91,0.07252738297646874,0.3011701341653079,0.22864275118883917,57,34,0.2527240613063771,0.14780926330373062,6785,1,0.0,2
"[{'1996'}, {'2157'}]",0.12486681308827303,147,0.07207321272641021,0.2990370790452458,0.22696386631883558,86,61,0.24833901391674595,0.18556087043670288,6785,1,0.0,2
"[{'1012'}, {'2129'}]",0.12486575609105431,178,0.12783971781844347,0.31306534763929006,0.1852256298208466,74,104,0.21437334590496337,0.14966416360447618,6785,1,0.0,2
[{'2469'}],0.12486432382635208,207,0.11945768751281041,0.31656696890214725,0.19710928138933684,112,95,0.23748490370449962,0.19144143431367222,6785,1,0.0,2
"[{'2027'}, {'1005'}, {'1056'}]",0.12486292885909475,153,0.06197042236633504,0.2919232644554641,0.22995284208912908,72,81,0.23927717098057932,0.23180067748225308,6785,1,0.0,2
"[{'2000'}, {'2022'}]",0.12485131688441307,834,0.05868702888791025,0.2901701395995045,0.23148311071159425,471,363,0.23361160262749595,0.2044442945736152,6785,1,0.0,2
"[{'2000'}, {'2054'}]",0.12484748559146637,90,0.07453756807743686,0.3041751505333488,0.22963758245591195,59,31,0.25924067333582745,0.20410046592323047,6785,1,0.0,2
"[{'2057'}, {'2323'}]",0.12483383940871991,62,0.06594576895268109,0.29083201266599423,0.22488624371331314,33,29,0.2194976095354497,0.1954903457847239,6785,1,0.0,2
"[{'2273'}, {'1998'}, {'2308'}]",0.12483229439002161,266,0.05578819235355256,0.2345194359172563,0.17873124356370373,183,83,0.21418141515187977,0.17858734372389745,6785,1,0.0,2
[{'2149'}],0.12481674937510608,392,0.046307620451439935,0.28820555165546125,0.2418979312040213,219,173,0.23797000463298307,0.2128512904594796,6785,1,0.0,2
"[{'1010'}, {'1012'}, {'1012'}]",0.12481027573757696,80,0.08235126063980239,0.3064979523081671,0.22414669166836473,44,36,0.2670246820620573,0.18876479176236163,6785,1,0.0,2
"[{'2308'}, {'2079'}]",0.12480610889927797,76,0.1299159977781145,0.3180053277235282,0.1880893299454137,38,38,0.27751324767615576,0.16274661681558317,6785,1,0.0,2
"[{'1012'}, {'2074'}]",0.12479653491381623,178,0.11274811079180458,0.28931679449430325,0.17656868370249867,82,96,0.21654196365516462,0.1567788004660663,6785,1,0.0,2
"[{'2134'}, {'1005'}]",0.12479092511528514,214,0.06432790622532925,0.28979622071312966,0.22546831448780041,107,107,0.22073518184429938,0.19425362598517792,6785,1,0.0,2
[{'2748'}],0.12477732152767745,245,0.07918557302354087,0.301587628970917,0.22240205594737614,133,112,0.243856211868568,0.19696295210678386,6785,1,0.0,2
[{'2505'}],0.12476610182810653,210,0.1098732359757382,0.32005082493991527,0.21017758896417707,103,107,0.2542302604628037,0.17216047494862755,6785,1,0.0,2
"[{'2009'}, {'2000'}]",0.12476547119141193,191,0.049360665539480014,0.287635149207057,0.238274483667577,123,68,0.2199263902078134,0.210998719316511,6785,1,0.0,2
"[{'2024'}, {'2061'}]",0.12473330527821831,67,0.0601057959959293,0.2901903707534075,0.23008457475747818,28,39,0.23266698529155855,0.21934492716517423,6785,1,0.0,2
"[{'1012'}, {'1005'}, {'1056'}]",0.1247192917585078,102,0.044993418521415335,0.2870498294843004,0.24205641096288508,47,55,0.2228106060121725,0.23782633405909603,6785,1,0.0,2
"[{'2000'}, {'2273'}]",0.12471243102108354,113,0.04853587775438459,0.2888191048055887,0.2402832270512041,60,53,0.24792345668001942,0.22728120952901104,6785,1,0.0,2
"[{'2000'}, {'1010'}]",0.12470500268969273,307,0.04895544117375819,0.2868544350932823,0.2378989939195241,178,129,0.23228598487054347,0.20608474154082887,6785,1,0.0,2
[{'2174'}],0.12470337626181321,121,0.022028332523952754,0.2753524967493155,0.29738082927326825,78,43,0.23211438317283234,0.21227040333831315,6785,1,0.0,2
[{'2420'}],0.12469964438466868,80,0.059611565262309846,0.2905809631214497,0.23096939785913986,47,33,0.23696614286992046,0.184062132333378,6785,1,0.0,2
[{'2026'}],0.1246940465969004,663,0.0667189941177323,0.29278121794503864,0.22606222382730634,372,291,0.23378170792669986,0.20298784954641175,6785,1,0.0,2
"[{'2027'}, {'2079'}]",0.12469388610263403,84,0.09646083745524894,0.31468194229780017,0.21822110484255122,37,47,0.25502619723563025,0.19034058839228685,6785,1,0.0,2
"[{'1056'}, {'1037'}]",0.12469007960948376,155,0.09705245714634655,0.31395845651626586,0.2169059993699193,75,80,0.24594208830054393,0.19269158848920453,6785,1,0.0,2
"[{'1012'}, {'2021'}]",0.12468588042315655,376,0.0482460330841914,0.2855363993693401,0.2372903662851487,202,174,0.2311361305421402,0.19637143106029026,6785,1,0.0,2
[{'2155'}],0.12467775169490257,187,0.03209809365705785,0.2367173916652423,0.26881548532230015,119,68,0.21255969695589638,0.2482008587652937,6785,1,0.0,2
[{'2424'}],0.12467034282788338,164,0.08993176727641808,0.3102354149550501,0.220303647678632,99,65,0.2518847382582329,0.1699686264997574,6785,1,0.0,2
"[{'1012'}, {'1037'}]",0.12466531884744295,467,0.06658792669275199,0.29296794334748183,0.22638001665472984,249,218,0.23939453548441975,0.18095079571230654,6785,1,0.0,2
"[{'2064'}, {'1005'}]",0.12465442466064755,290,0.11088886002007015,0.3181462946992654,0.20725743467919527,130,160,0.24198892441607767,0.19427694824702307,6785,1,0.0,2
"[{'2134'}, {'1005'}, {'1056'}]",0.12465335186087148,212,0.06573266609408984,0.28979622071312966,0.22406355461903982,107,105,0.22073518184429938,0.1948388377066177,6785,1,0.0,2
[{'2028'}],0.12464658197773709,989,0.056890009334672864,0.289052934469334,0.23216292513466114,580,409,0.2358976106998042,0.1900866568254099,6785,1,0.0,2
"[{'2003'}, {'2005'}]",0.12464348192944232,108,0.030919249005628507,0.22778903538326048,0.258708284388889,53,55,0.2163384610342392,0.22461328297097108,6785,1,0.0,2
[{'4487'}],0.12463876579822526,215,0.10077644568569596,0.3172678737901151,0.21649142810441915,112,103,0.252858145372689,0.16488738620362267,6785,1,0.0,2
"[{'1996'}, {'2007'}]",0.12463548216545138,102,0.05940003351618847,0.287579449514548,0.22817941599835953,54,48,0.22692349747936402,0.16728374272619956,6785,1,0.0,2
[{'2050'}],0.12462798420945782,134,0.07076844788555586,0.2943453018686601,0.22357685398310423,70,64,0.23439543039209917,0.20762518309901654,6785,1,0.0,2
"[{'2015'}, {'1999'}]",0.12462506448550464,96,0.03126580092300485,0.21308066939505246,0.2443464703180573,52,44,0.1818530442329688,0.19859683055950178,6785,1,0.0,2
"[{'1010'}, {'1045'}]",0.12462121965749888,713,0.04938815533531074,0.2865957253722145,0.23720757003690376,408,305,0.23523623456625942,0.1908384136553252,6785,1,0.0,2
"[{'1005'}, {'1040'}]",0.12460929031147396,125,0.08480234871633718,0.30335670709609985,0.21855435837976267,64,61,0.23398535375433743,0.18557507662153705,6785,1,0.0,2
"[{'2360'}, {'2008'}]",0.12460532336444205,85,0.026306309988574417,0.29594459171806065,0.26963828172948623,49,36,0.21984117288032418,0.20634253505786793,6785,1,0.0,2
"[{'2031'}, {'2053'}]",0.12460510026591268,113,0.07963694872062196,0.30231287638130394,0.22267592766068198,69,44,0.24466708713222685,0.19120381208198808,6785,1,0.0,2
"[{'2323'}, {'2025'}]",0.12460108975332142,67,0.06190721222332546,0.2852620547371251,0.22335484251379967,35,32,0.20449096235152406,0.1565276475031092,6785,1,0.0,2
"[{'2138'}, {'1997'}]",0.12459829383437775,139,0.10862161280118929,0.31856997703251083,0.20994836423132154,76,63,0.24369186693892694,0.1502308613060522,6785,1,0.0,2
"[{'2138'}, {'2027'}]",0.12459280742025572,146,0.06634086639536435,0.29355593275890424,0.22721506636353989,67,79,0.24733932594450506,0.1900665926981948,6785,1,0.0,2
"[{'2000'}, {'2360'}]",0.1245759563031594,134,0.06336126899805619,0.2883861571550369,0.2250248881569807,65,69,0.22254544702538612,0.20405303829531402,6785,1,0.0,2
[{'2052'}],0.12454977593150958,1026,0.0515235771625531,0.28580500685800875,0.23428142969545565,551,475,0.23534971320039078,0.20885458579091218,6785,1,0.0,2
"[{'1010'}, {'2074'}]",0.12454588113550688,148,0.13371371994626705,0.3136870771065935,0.17997335716032645,77,71,0.25082523513837407,0.11212207651673974,6785,1,0.0,2
[{'2070'}],0.12453778928533266,635,0.06220172380708486,0.2882591249240983,0.22605740111701342,341,294,0.22633131328942843,0.19686644877153628,6785,1,0.0,2
"[{'1996'}, {'2126'}]",0.12453688805954466,174,0.07988407603869532,0.3022265938120057,0.22234251777331035,99,75,0.25332339809045157,0.20012478370959974,6785,1,0.0,2
[{'2256'}],0.12450177646735146,556,0.04257899621250874,0.28390623278767857,0.24132723657516983,302,254,0.23025660110032747,0.20874868946912356,6785,1,0.0,2
"[{'1999'}, {'2026'}]",0.12449431342214358,106,0.06308594851573093,0.28869693817906694,0.225610989663336,61,45,0.22418727814585687,0.1605095771678091,6785,1,0.0,2
"[{'2043'}, {'2024'}]",0.12449171477079542,61,0.033148519418412625,0.2878657978028059,0.2547172783843933,30,31,0.23228731287508086,0.18914783377782457,6785,1,0.0,2
[{'3510'}],0.12448677499364226,91,0.02287294074385529,0.24870255354203677,0.27157549428589206,57,34,0.192065568732352,0.18438784490311885,6785,1,0.0,2
"[{'2339'}, {'1005'}, {'1056'}]",0.12448490255249332,65,0.043986092330444426,0.23841614897052446,0.19443005664008003,30,35,0.19377552703083512,0.11971818196526195,6785,1,0.0,2
"[{'1012'}, {'2023'}, {'2003'}]",0.12448370202531524,214,0.10018617505891148,0.27535530877317865,0.17516913371426718,102,112,0.22064099663815823,0.13087266581111956,6785,1,0.0,2
"[{'1011'}, {'1011'}, {'1011'}, {'1011'}]",0.12448029210484851,72,0.040817134768169366,0.2872595892446797,0.24644245447651034,41,31,0.24273361596477594,0.17581844483213496,6785,1,0.0,2
[{'2602'}],0.12447675092606021,107,0.07202860342818987,0.2574607146517286,0.18543211122353873,53,54,0.2041012600328896,0.14870221749355975,6785,1,0.0,2
"[{'2000'}, {'2202'}]",0.12445389730741013,114,0.11927266627775904,0.2954710600051013,0.17619839372734228,66,48,0.24415553570946366,0.11577057194742817,6785,1,0.0,2
"[{'2339'}, {'1005'}]",0.12445210086199138,77,0.06448206707694432,0.25467396566742345,0.19019189859047914,38,39,0.19875082756244014,0.11818398015467066,6785,1,0.0,2
"[{'2030'}, {'1010'}]",0.12444640581957156,123,0.061798944066185385,0.2941538332666777,0.23235488920049233,79,44,0.25312683282033954,0.17978649335179125,6785,1,0.0,2
"[{'1010'}, {'1010'}, {'1010'}]",0.12444168262793828,144,0.06887867737088593,0.2931691886966719,0.22429051132578598,68,76,0.24156900890559257,0.16669397886136644,6785,1,0.0,2
"[{'2134'}, {'1056'}]",0.1244327674030572,224,0.06723689953343531,0.28949361993816863,0.22225672040473332,114,110,0.22085349170723206,0.19116390433185645,6785,1,0.0,2
[{'2025'}],0.12439981329071795,2375,0.07043555410211483,0.2933422896346843,0.22290673553256946,1290,1085,0.23649426172234894,0.19138116445261488,6785,1,0.0,2
"[{'2308'}, {'1029'}]",0.12438864482780232,125,0.0825156948821448,0.30214155849182245,0.21962586360967765,66,59,0.24698080307033596,0.18612781339641346,6785,1,0.0,2
"[{'1012'}, {'1005'}, {'1055'}]",0.1243719938112544,549,0.11399186059943722,0.31583584639627266,0.20184398579683543,272,277,0.2422795655128997,0.18245460699202765,6785,1,0.0,2
"[{'1998'}, {'2027'}]",0.12436971542542109,174,0.09655090228077909,0.311104269875657,0.2145533675948779,84,90,0.2326275885177836,0.18426755937689124,6785,1,0.0,2
"[{'2045'}, {'2024'}]",0.12436889244952876,260,0.02481308571732066,0.25831134519761517,0.28312443091493583,168,92,0.22310490382472067,0.23917948970626168,6785,1,0.0,2
"[{'1010'}, {'1998'}, {'2008'}]",0.12435364542028753,66,0.07284601737673468,0.29816935285925866,0.22532333548252398,40,26,0.2573905482603885,0.1549908079840593,6785,1,0.0,2
"[{'2308'}, {'2024'}]",0.12435315469940433,474,0.0707943299760053,0.29441325582501265,0.22361892584900736,238,236,0.24760272625076232,0.20534147319255963,6785,1,0.0,2
"[{'2025'}, {'1012'}]",0.12431872131549535,238,0.07591462122749476,0.2963105032427443,0.22039588201524957,126,112,0.23716836705495462,0.1978536781352786,6785,1,0.0,2
"[{'2017'}, {'2009'}]",0.12431107034363655,72,0.11130774435069823,0.3158214141925176,0.20451366984181935,36,36,0.2392256327186437,0.1807707829292461,6785,1,0.0,2
"[{'1012'}, {'2057'}]",0.12430883596800929,344,0.040067508184877365,0.284169625636281,0.24410211745140364,205,139,0.23090421723681465,0.20603887622069694,6785,1,0.0,2
[{'5993'}],0.12430875105320287,185,0.061137071868316045,0.28959545042543183,0.2284583785571158,105,80,0.24654329031591646,0.1912644619835769,6785,1,0.0,2
"[{'1997'}, {'2122'}]",0.1243004627162663,92,0.05976924171085615,0.2866337124179018,0.22686447070704566,47,45,0.2343519564689054,0.18407328264025596,6785,1,0.0,2
"[{'1000'}, {'1037'}]",0.12429520551214852,122,0.11684938801022673,0.3138240747153759,0.19697468670514914,70,52,0.2265132395377012,0.13809488870159078,6785,1,0.0,2
"[{'1010'}, {'1012'}]",0.12428137431824927,364,0.07028838931386891,0.2935234832970854,0.22323509398321648,187,177,0.24581254059972363,0.20607941077607747,6785,1,0.0,2
[{'2126'}],0.12427849865917545,449,0.09065938623704348,0.30741752052761945,0.21675813429057597,249,200,0.243719456781334,0.18806988599668303,6785,1,0.0,2
"[{'2017'}, {'2000'}]",0.12427326638769678,275,0.12057281073444523,0.3153446203316836,0.19477180959723836,136,139,0.25597150240870725,0.17488083551397227,6785,1,0.0,2
"[{'1005'}, {'1055'}, {'2000'}]",0.12425181640204119,176,0.05244963561208585,0.2849415923253848,0.23249195671329895,104,72,0.23542728927817488,0.1861641695772692,6785,1,0.0,2
"[{'1010'}, {'1997'}]",0.12424872421612852,222,0.0585311805304613,0.2833867862761494,0.22485560574568808,126,96,0.21368193215995435,0.1884423140895716,6785,1,0.0,2
"[{'2205'}, {'1012'}]",0.1242279127229079,101,0.11576833010665957,0.3152446967032221,0.1994763665965625,45,56,0.24402901364326648,0.1532968143447538,6785,1,0.0,2
"[{'1998'}, {'2308'}]",0.12422755794206888,501,0.0761327231786243,0.25619382136678615,0.18006109818816185,289,212,0.2292286427973729,0.17593593449011596,6785,1,0.0,2
"[{'1996'}, {'1997'}, {'1012'}]",0.12421767719671077,88,0.039979935870466055,0.23334436319195306,0.193364427321487,52,36,0.1976352388730234,0.16959551272075876,6785,1,0.0,2
"[{'1012'}, {'2052'}]",0.12421634383269413,157,0.05738272264697192,0.28593049110735164,0.22854776846037972,85,72,0.23895142861926041,0.20425261314865312,6785,1,0.0,2
"[{'2009'}, {'1005'}, {'1055'}, {'1996'}]",0.1242116710793246,64,0.01624432288938099,0.17824501916766167,0.16200069627828068,28,36,0.15992986834583836,0.13719818727082916,6785,1,0.0,2
"[{'1005'}, {'1012'}]",0.12419861569209055,165,0.107822365657752,0.31734873862886753,0.20952637297111554,74,91,0.24882076713620008,0.17531002922210936,6785,1,0.0,2
"[{'2024'}, {'2000'}]",0.12418416907897152,253,0.04794648307791796,0.28094982743629665,0.2330033443583787,122,131,0.22826406837454177,0.20050816436497904,6785,1,0.0,2
"[{'1012'}, {'2008'}]",0.12418296658214716,500,0.0696934808046405,0.29293511824536944,0.22324163744072895,269,231,0.24727009769873678,0.18412972213758907,6785,1,0.0,2
"[{'2003'}, {'1037'}]",0.12418177565362654,985,0.12162418674367798,0.31498095766507583,0.19335677092139786,467,518,0.25825836945817376,0.17504095363718347,6785,1,0.0,2
[{'2375'}],0.12418165064316697,199,0.027483898469508272,0.2864350747879384,0.2589511763184301,106,93,0.2177883707789607,0.1957410762954658,6785,1,0.0,2
"[{'1013'}, {'1013'}]",0.12417686515580098,131,0.036681623630653665,0.28532799870907505,0.24864637507842138,79,52,0.2352583157690606,0.19646443158953775,6785,1,0.0,2
"[{'1012'}, {'1045'}, {'2031'}]",0.12416899172402986,95,0.05178972632982026,0.28489738500312617,0.2331076586733059,46,49,0.24803282064820678,0.19211542750591934,6785,1,0.0,2
"[{'1996'}, {'1998'}, {'1996'}]",0.12416134489096166,85,0.035939925473958356,0.2944611278934437,0.25852120241948534,57,28,0.2520557478659395,0.2128917024132771,6785,1,0.0,2
[{'2009'}],0.12415939213429117,2877,0.06746667373558471,0.29041459717857016,0.22294792344298545,1534,1343,0.23838388775351382,0.19393131186879342,6785,1,0.0,2
"[{'1000'}, {'1010'}]",0.12415927008448331,269,0.039391331046455064,0.28155840648145514,0.24216707543500007,145,124,0.23183751020870635,0.1867000972739161,6785,1,0.0,2
"[{'2000'}, {'1996'}, {'1012'}]",0.12414756345138954,114,0.023759414573582383,0.2740227017032949,0.2977821162768773,79,35,0.23524551738008534,0.25915380004107413,6785,1,0.0,2
"[{'1010'}, {'2005'}]",0.12413938890885748,166,0.028531361568750385,0.21265121088317124,0.24118257245192162,101,65,0.17972339756226546,0.1917492929496361,6785,1,0.0,2
"[{'1005'}, {'1055'}, {'2003'}]",0.12413456672003338,72,0.0258155757591719,0.2263570066654321,0.252172582424604,33,39,0.1762913193950746,0.1843746883104461,6785,1,0.0,2
"[{'1037'}, {'2000'}]",0.12413039619621306,253,0.03419343513326217,0.2852044522445253,0.2510110171112631,141,112,0.2380214839663355,0.21186431145475604,6785,1,0.0,2
"[{'1012'}, {'2008'}, {'1005'}]",0.12411849651923966,145,0.12075417707045508,0.3143928580633972,0.1936386809929421,69,76,0.2533496186796181,0.17021443294642563,6785,1,0.0,2
"[{'2000'}, {'2008'}]",0.1241073744250678,294,0.05192082421118266,0.2850180027874115,0.23309717857622886,183,111,0.23680543413606517,0.19230244752758344,6785,1,0.0,2
"[{'2748'}, {'1010'}]",0.12409205935415393,154,0.07016245808785523,0.29124355725035433,0.2210810991624991,82,72,0.23499410720326774,0.18776294363342352,6785,1,0.0,2
"[{'2008'}, {'1045'}]",0.12408784547611061,124,0.04396306326093319,0.2827939748267333,0.2388309115658001,75,49,0.23490364779096717,0.19626462834143657,6785,1,0.0,2
[{'2013'}],0.12407923765725694,1052,0.052456768781562746,0.2823427554746573,0.22988598669309457,573,479,0.23295339487381567,0.1956782809771038,6785,1,0.0,2
"[{'1037'}, {'2308'}]",0.12407265504846797,109,0.06699632651671547,0.28807101484674674,0.22107468833003127,52,57,0.22569270789575024,0.19233264788662385,6785,1,0.0,2
"[{'2000'}, {'2035'}]",0.12407026667722185,98,0.12223472765513832,0.2994872244949244,0.17725249683978606,49,49,0.2602807414928341,0.16035063362116092,6785,1,0.0,2
"[{'2070'}, {'1997'}]",0.12405979476309002,120,0.025610974961243982,0.2933553783640043,0.26774440340276034,67,53,0.2339724968170591,0.22648387106782578,6785,1,0.0,2
"[{'2122'}, {'2024'}]",0.12405414190120774,83,0.11255147482971756,0.2888890765607357,0.17633760173101815,34,49,0.24514974915706933,0.14337665572645455,6785,1,0.0,2
"[{'1011'}, {'2308'}]",0.12404413080968754,86,0.022955383611438063,0.25788163312751317,0.28083701673895123,46,40,0.24009632539875406,0.2500268998816882,6785,1,0.0,2
[{'2521'}],0.1240390053761885,206,0.10140597744510985,0.3139946574591241,0.21258868001401424,106,100,0.235647365719812,0.17601833760900237,6785,1,0.0,2
"[{'2062'}, {'2308'}]",0.12402870294042222,66,0.03204364518494349,0.21720376496131605,0.18516011977637256,39,27,0.21047046032979064,0.1694833550315525,6785,1,0.0,2
"[{'2073'}, {'1996'}]",0.12401177530439854,70,0.0728316186191757,0.259939403613893,0.1871077849947173,41,29,0.2031800198483339,0.12046591986278525,6785,1,0.0,2
"[{'2053'}, {'2028'}]",0.12399193536406113,120,0.07361138464115996,0.29338688255452056,0.2197754979133606,68,52,0.23613230252634937,0.15432388084216947,6785,1,0.0,2
"[{'2023'}, {'1010'}]",0.12398993030759697,179,0.0972725621139324,0.31062876276671886,0.21335620065278646,100,79,0.23477428214660678,0.17144670823444033,6785,1,0.0,2
"[{'2015'}, {'2000'}]",0.12398020492766898,114,0.06179322748113489,0.2868995420634747,0.2251063145823398,55,59,0.2441571928636741,0.1780100141891183,6785,1,0.0,2
"[{'2158'}, {'2450'}]",0.12397562598428166,72,0.110106236503759,0.2857194877294607,0.1756132512257017,43,29,0.2522366287244826,0.13585454608047048,6785,1,0.0,2
"[{'2273'}, {'1996'}]",0.12397058303526678,67,0.05259915546193694,0.2810090987971335,0.22840994333519654,33,34,0.23073227724164935,0.18896484209579967,6785,1,0.0,2
"[{'2043'}, {'2009'}]",0.1239683234740236,70,0.05931069382599419,0.28718351147004534,0.22787281764405115,42,28,0.24601446100234797,0.1905954607529008,6785,1,0.0,2
"[{'1010'}, {'1005'}]",0.1239604796308754,508,0.08087773177355909,0.29704308184219225,0.21616535006863316,262,246,0.22810452355021288,0.1824553874465263,6785,1,0.0,2
[{'2204'}],0.12395910669511791,412,0.0621052095198765,0.28688938694440913,0.22478417742453263,234,178,0.23968081542921188,0.1993060810904929,6785,1,0.0,2
[{'2130'}],0.1239585254877295,587,0.07843393203041521,0.2959291275980231,0.21749519556760788,306,281,0.23450511739439006,0.17755719132851203,6785,1,0.0,2
"[{'1997'}, {'2149'}]",0.12394539005364053,85,0.0359945217542576,0.2819209818812934,0.24592646012703578,55,30,0.21927093201133832,0.19057998147479932,6785,1,0.0,2
"[{'1996'}, {'1012'}]",0.12394013134166267,1060,0.04741289387588685,0.2795220918915726,0.23210919801568577,593,467,0.22870112031050013,0.20235365141326922,6785,1,0.0,2
"[{'2026'}, {'1010'}]",0.12392925064642046,76,0.025284060769828254,0.3015503651409779,0.27626630437114963,53,23,0.22328686483272767,0.22658030751767586,6785,1,0.0,2
[{'2188'}],0.12391296592931028,128,0.024025127939555968,0.25558141246438026,0.27960654040393623,82,46,0.23526729198239654,0.24525406798264154,6785,1,0.0,2
[{'2015'}],0.12390552868939675,1858,0.11793248559404773,0.31360212414770083,0.1956696385536531,868,990,0.24917405678185067,0.17362482189113068,6785,1,0.0,2
"[{'1996'}, {'2034'}]",0.12390499487731933,113,0.025459876075041132,0.20926706509833987,0.234726941173381,66,47,0.17305548369859752,0.19091820673879434,6785,1,0.0,2
"[{'1037'}, {'2005'}]",0.12390162549291388,126,0.053153520208542,0.28047771099954844,0.22732419079100644,72,54,0.2243985708103663,0.19543957600950745,6785,1,0.0,2
"[{'1037'}, {'2040'}]",0.12390090658258109,157,0.11156649646955005,0.3138231769848017,0.20225668051525167,81,76,0.23905847846461695,0.17066728791639788,6785,1,0.0,2
"[{'2006'}, {'1996'}]",0.12389462608478091,521,0.0476968730223043,0.2771784203191256,0.2294815472968213,290,231,0.21645341372611873,0.19488549815973258,6785,1,0.0,2
"[{'1010'}, {'2138'}]",0.12389105458155569,129,0.09687639669411713,0.31077142618596554,0.2138950294918484,66,63,0.2486691887003897,0.14766485131328436,6785,1,0.0,2
"[{'1012'}, {'1005'}]",0.12388095040043054,910,0.10825389808173314,0.3146649321738807,0.20641103409214756,443,467,0.24163870663089732,0.18757374994246007,6785,1,0.0,2
[{'2053'}],0.12388074300117033,1168,0.08839331987412172,0.30288858495689497,0.21449526508277325,607,561,0.2340783833029549,0.1804447132925124,6785,1,0.0,2
"[{'2027'}, {'1996'}]",0.12387016291230608,95,0.07473977373609708,0.2952567655593157,0.2205169918232186,52,43,0.2552988202636655,0.16365267392170102,6785,1,0.0,2
"[{'2009'}, {'1005'}, {'1055'}, {'1037'}]",0.12385762645759527,115,0.08729871148861404,0.2665049236628317,0.17920621217421764,62,53,0.20323788393309694,0.15658614435853094,6785,1,0.0,2
[{'2383'}],0.12385204230168609,212,0.031003112912710185,0.28110045281105805,0.25009733989834787,112,100,0.2271008492064,0.1923774410886013,6785,1,0.0,2
"[{'2008'}, {'1997'}]",0.12384617284351351,93,0.025397554691277885,0.23337579437572023,0.2587733490669981,46,47,0.21584803557912985,0.2155312391677539,6785,1,0.0,2
"[{'2012'}, {'1996'}]",0.12383571680643522,325,0.04361842576824437,0.2773822416429934,0.23376381587474904,184,141,0.2236790961689072,0.2122310769011691,6785,1,0.0,2
"[{'2027'}, {'2123'}, {'1005'}, {'1056'}]",0.12383557322016885,81,0.039764451856414446,0.27717912052240634,0.2374146686659919,36,45,0.20435522356350647,0.2239077308292747,6785,1,0.0,2
"[{'2009'}, {'1000'}]",0.12382771673626487,62,0.12602782102190277,0.3060022314182586,0.17997441039635584,36,26,0.2307011249280662,0.11701981313632075,6785,1,0.0,2
"[{'1012'}, {'1998'}]",0.12382737557089939,602,0.08313407674271381,0.2985898191503671,0.21545574240765328,307,295,0.23345525319566354,0.1766587254170047,6785,1,0.0,2
[{'27627'}],0.12382052484848957,111,0.02334533811567094,0.24959924348419713,0.27294458159986806,62,49,0.19727487596037122,0.23996023154448107,6785,1,0.0,2
"[{'19817'}, {'27627'}]",0.12382052484848957,111,0.02334533811567094,0.24959924348419713,0.27294458159986806,62,49,0.19727487596037122,0.23996023154448107,6785,1,0.0,2
"[{'2005'}, {'1037'}]",0.12381935134504987,288,0.055895846957002865,0.2813100398996392,0.22541419294263634,148,140,0.23080375377711146,0.19693574554519422,6785,1,0.0,2
[{'4496'}],0.12381176899247227,76,0.04105662308971991,0.27159000594507565,0.23053338285535574,44,32,0.19287164799939632,0.17595592669166324,6785,1,0.0,2
"[{'2111'}, {'2040'}]",0.12380980930129083,108,0.09713391339554384,0.3098834679261142,0.21274955453057037,51,57,0.23829582838975077,0.17768160806372427,6785,1,0.0,2
[{'2113'}],0.12379478060116261,574,0.07615473234289213,0.2931821806773693,0.21702744833447715,299,275,0.23095855339822538,0.1745776808609677,6785,1,0.0,2
"[{'1997'}, {'2273'}]",0.123792733276468,124,0.11607692564460068,0.3154580220076683,0.19938109636306764,74,50,0.2628438667252663,0.15415961897625688,6785,1,0.0,2
[{'7615'}],0.123790615811182,163,0.05520829638264266,0.2536777876856097,0.19846949130296707,83,80,0.19953186256426123,0.1345399475116356,6785,1,0.0,2
[{'3424'}],0.1237879612902467,145,0.1000645497334855,0.3118056765092271,0.21174112677574158,70,75,0.2336739431131411,0.18538275273866434,6785,1,0.0,2
"[{'1012'}, {'1012'}, {'1012'}, {'1996'}]",0.12378477585957214,72,0.0601173911243677,0.28354696575552224,0.22342957463115454,40,32,0.23146685606348386,0.18737320801641325,6785,1,0.0,2
"[{'2061'}, {'2008'}]",0.12378437134860008,79,0.03678212752966309,0.2698033310783406,0.2330212035486775,48,31,0.18163697245742227,0.15218235099236588,6785,1,0.0,2
"[{'1996'}, {'2060'}]",0.12377097221478028,157,0.03953870385036104,0.2753229001200343,0.23578419626967326,83,74,0.21921015835066918,0.1916670606004775,6785,1,0.0,2
"[{'2095'}, {'2214'}]",0.12376482798843388,81,0.12703290934625427,0.31164273972574036,0.18460983037948608,38,43,0.25259303265975125,0.1292287149197587,6785,1,0.0,2
"[{'2092'}, {'1010'}]",0.12376478934438147,126,0.06231534270036959,0.2860253825235893,0.2237100398232197,68,58,0.24476518362742478,0.18611995759238992,6785,1,0.0,2
"[{'1029'}, {'1037'}]",0.12374683253729274,90,0.11594670658931139,0.31323401918634775,0.19728731259703636,40,50,0.2472375009176865,0.1737193211436007,6785,1,0.0,2
[{'2147'}],0.12374411003675383,294,0.028885929195218207,0.2093900548847946,0.2382759840800128,185,109,0.1870371404354859,0.2149404324187104,6785,1,0.0,2
"[{'1045'}, {'2018'}]",0.1237413289758549,64,0.016911323785869237,0.2812171080573039,0.2981284318431731,33,31,0.22734678236042985,0.2363706768278517,6785,1,0.0,2
"[{'2022'}, {'1037'}]",0.12373935262829332,268,0.04579386220178483,0.2811909170008042,0.23539705479901935,142,126,0.25318088847901804,0.20810639840351422,6785,1,0.0,2
"[{'2074'}, {'1037'}]",0.12373593571443875,95,0.06676385961063619,0.29042866596808803,0.22366480635745184,39,56,0.25665591575162583,0.19144363070219808,6785,1,0.0,2
"[{'2061'}, {'2116'}]",0.123726761711962,103,0.09566641134570122,0.27254200126912637,0.17687558992342514,59,44,0.21903536536702653,0.1345533011655792,6785,1,0.0,2
"[{'2129'}, {'2116'}]",0.12371904969313313,80,0.055056377145300234,0.25302192252693756,0.19796554538163733,33,47,0.19939755661454037,0.17616974238180283,6785,1,0.0,2
"[{'1999'}, {'1996'}, {'1010'}]",0.12370376458568862,106,0.02291614744534043,0.24140261742668073,0.26431876487202116,61,45,0.21312282919169598,0.20595729659972964,6785,1,0.0,2
"[{'2007'}, {'1998'}]",0.12370051061743888,85,0.1273824386463858,0.3119324212212388,0.18454998257485303,41,44,0.26114448361569675,0.146823077117283,6785,1,0.0,2
[{'1016'}],0.12369549456413918,147,0.06989856272151596,0.2570819658537706,0.18718340313225462,90,57,0.22268853978506253,0.14769283502827876,6785,1,0.0,2
[{'4385'}],0.12369442689407885,191,0.05914734640490765,0.2843828769055782,0.22523553050067052,108,83,0.24539205298955094,0.1978107977843872,6785,1,0.0,2
"[{'1998'}, {'2000'}]",0.12369288574464737,274,0.07070673093753915,0.2884810464182759,0.21777431548073672,136,138,0.22678041895226475,0.18591901643631492,6785,1,0.0,2
[{'1011'}],0.12369283023283639,1963,0.05825385507651601,0.2819535582369856,0.22369970316046958,1049,914,0.23270631450712523,0.191084895073605,6785,1,0.0,2
"[{'1998'}, {'2065'}]",0.12369120278100888,83,0.03802232156243926,0.2856539944941933,0.24763167293175406,37,46,0.2732523102375817,0.20379670439909395,6785,1,0.0,2
"[{'2308'}, {'1005'}, {'1055'}, {'2916'}]",0.12369022155377288,66,0.06273647644039654,0.25341066293832326,0.19067418649792672,36,30,0.23153513457685362,0.19031794441381045,6785,1,0.0,2
"[{'2215'}, {'2000'}]",0.12368728820764979,305,0.07080860441990863,0.2898125245360432,0.2190039201161346,157,148,0.23904948844392826,0.1866423078019373,6785,1,0.0,2
"[{'2014'}, {'1012'}]",0.12367583298497538,235,0.11311040501018918,0.313711452376792,0.2006010473666028,118,117,0.253363719547403,0.1889485434381752,6785,1,0.0,2
"[{'1999'}, {'1037'}]",0.12366581266170984,409,0.07794381928120162,0.2937633517597403,0.21581953247853866,217,192,0.22978451335059938,0.18647712038237416,6785,1,0.0,2
"[{'1998'}, {'2097'}]",0.12365682199224895,96,0.11751034947496558,0.31409814465968383,0.19658779518471825,42,54,0.26464941196578057,0.17036568333946805,6785,1,0.0,2
[{'2049'}],0.12365593081392873,224,0.05053880786238196,0.27752423652909636,0.2269854286667144,123,101,0.22508424352893072,0.18308513637031995,6785,1,0.0,2
[{'2215'}],0.12365464359020976,492,0.09238861103438334,0.30596994844625197,0.21358133741186863,251,241,0.2455942985523488,0.19205652339630558,6785,1,0.0,2
[{'2131'}],0.12365393555011052,723,0.10663766938581759,0.3151533318916336,0.208515662505816,320,403,0.251965524180475,0.1887826761451013,6785,1,0.0,2
[{'1000'}],0.12364709813616409,2043,0.06616689770157858,0.28589374653443145,0.21972684883285287,1080,963,0.2313760707738916,0.17713642183279582,6785,1,0.0,2
"[{'1996'}, {'2000'}]",0.12363440582724039,367,0.04417652873057859,0.27954443933534945,0.23536791060477086,221,146,0.24018008826163767,0.20146196576430567,6785,1,0.0,2
"[{'2028'}, {'1997'}, {'1996'}]",0.12363438560871444,96,0.045294489234374874,0.2849731260850545,0.2396786368506796,62,34,0.25974904249725417,0.21716408865231285,6785,1,0.0,2
"[{'1012'}, {'1000'}]",0.12363311659163755,699,0.03723492698073047,0.2738516641397999,0.23661673715906942,365,334,0.2173051148097539,0.19079780209445993,6785,1,0.0,2
"[{'1012'}, {'1996'}]",0.1236242599164439,1285,0.044409292335642364,0.27685703902809883,0.23244774669245646,737,548,0.22954991317056705,0.19855151481825964,6785,1,0.0,2
"[{'2008'}, {'2002'}]",0.12362389389237993,137,0.08215166939229801,0.29770205095410346,0.21555038156180545,50,87,0.22463835155323278,0.16013155983951533,6785,1,0.0,2
[{'2138'}],0.12361111750669813,932,0.10786496094864848,0.3134952217551949,0.20563026080654642,458,474,0.2426947065196027,0.1754514194247954,6785,1,0.0,2
[{'2042'}],0.12360325852923881,634,0.06463598835016202,0.2845872507993868,0.21995126244922478,334,300,0.230339025719472,0.1931355484307097,6785,1,0.0,2
[{'2360'}],0.12359974990043845,443,0.07439956419804705,0.29056044273713244,0.2161608785390854,223,220,0.2269311076535352,0.19937084656006437,6785,1,0.0,2
[{'2004'}],0.12359531059770086,1805,0.0629692184650433,0.2842814556603867,0.2213122371953434,1008,797,0.2341177776801657,0.18338153538169114,6785,1,0.0,2
"[{'1010'}, {'2021'}]",0.12358589001222811,672,0.041220169688917674,0.2767401367481382,0.23551996705922051,403,269,0.22786047613160082,0.200462105818942,6785,1,0.0,2
[{'2086'}],0.12358478704607832,378,0.06702384262689817,0.2857422201063833,0.2187183774794851,203,175,0.22776020479846495,0.1847398263805139,6785,1,0.0,2
"[{'2055'}, {'1012'}]",0.12358023504278452,152,0.059314087964594364,0.28189866803586483,0.22258458007127047,64,88,0.22901317539928112,0.20671717150790322,6785,1,0.0,2
"[{'1997'}, {'1998'}]",0.12357890923289681,313,0.059618097036908985,0.2813139998547311,0.22169590281782212,159,154,0.2286918681553173,0.1934533924033718,6785,1,0.0,2
[{'2183'}],0.12357756741882563,289,0.11779691905294562,0.3108897742212695,0.1930928551683239,136,153,0.23523088987521465,0.17405185299878742,6785,1,0.0,2
"[{'2052'}, {'2031'}]",0.12357540458732903,183,0.05870752738178339,0.278838135412719,0.22013060803093562,101,82,0.21031004893389657,0.20264675240975974,6785,1,0.0,2
"[{'1999'}, {'2007'}]",0.12357354147320067,64,0.04010312690948825,0.27784809603905064,0.2377449691295624,39,25,0.23229855547590927,0.18340732107266125,6785,1,0.0,2
[{'2021'}],0.12356126309336296,1526,0.057020204722617734,0.28020246464683807,0.22318225992422033,841,685,0.22910780358191857,0.18991776851524486,6785,1,0.0,2
"[{'2008'}, {'2003'}, {'1996'}]",0.12354827793484671,69,0.07248397527829459,0.25741278250580246,0.18492880722750787,46,23,0.22119620236946969,0.15764908506231737,6785,1,0.0,2
[{'2515'}],0.12352949766474247,431,0.06420978083700996,0.28493468576594244,0.22072490492893249,237,194,0.23794903579697466,0.17076759453586954,6785,1,0.0,2
"[{'1000'}, {'1998'}]",0.1235241359554958,199,0.06303691874500836,0.2838247432490858,0.22078782450407744,119,80,0.22770482406246187,0.20241380226469052,6785,1,0.0,2
[{'2145'}],0.12351377526097172,295,0.058309490300950645,0.28057596950298724,0.2222664792020366,136,159,0.23036017778853565,0.18233302026689288,6785,1,0.0,2
"[{'2008'}, {'2038'}]",0.12350391318126469,97,0.06574999406920953,0.25549692747204805,0.18974693340283852,43,54,0.23788971948588963,0.15401613071919634,6785,1,0.0,2
[{'2012'}],0.12349513240646177,1108,0.06468706063455851,0.28471340801378214,0.22002634737922364,632,476,0.23290046592231267,0.19340417761024536,6785,1,0.0,2
[{'2022'}],0.12348277732527943,2106,0.06195071126958698,0.28301210081244405,0.22106138954285706,1128,978,0.23614724338039636,0.1934509352556515,6785,1,0.0,2
"[{'3287'}, {'1010'}]",0.12347648729497943,65,0.043343957035969494,0.2741954089739384,0.2308514519379689,39,26,0.20544907052358974,0.2178342231787736,6785,1,0.0,2
"[{'1010'}, {'2000'}]",0.12347288187347039,272,0.044141246133066164,0.27303005823840015,0.228888812105334,146,126,0.21770955378598877,0.1955701312390795,6785,1,0.0,2
[{'2560'}],0.12347179521096469,134,0.0840855612733713,0.2993204523097066,0.2152348910363353,85,49,0.23466828692019553,0.17993526996831477,6785,1,0.0,2
"[{'2054'}, {'2027'}]",0.12346398253036187,101,0.08246968202791971,0.2643478011831324,0.18187811915521268,47,54,0.228117039779662,0.18088512079166744,6785,1,0.0,2
"[{'2009'}, {'1005'}, {'1055'}, {'2025'}]",0.1234515912367402,95,0.10752908773583805,0.3143601513334683,0.20683106359763023,56,39,0.2523014741294231,0.16767123237376058,6785,1,0.0,2
"[{'1997'}, {'2216'}]",0.12344912674773877,104,0.08338669454678893,0.2992082703858614,0.21582157583907247,56,48,0.2576382490533187,0.19762529552000746,6785,1,0.0,2
"[{'1996'}, {'1029'}]",0.12344648360089072,128,0.07192072446923703,0.2876955416286364,0.2157748171593994,64,64,0.22318825572283588,0.1614279226861542,6785,1,0.0,2
[{'1007'}],0.12344111329760515,946,0.03786686081386431,0.27499056839701597,0.23712370758315165,531,415,0.23054913078785413,0.19492062122254908,6785,1,0.0,2
"[{'1012'}, {'1012'}, {'1012'}, {'1012'}, {'1012'}]",0.12342541873368099,202,0.06238746784789406,0.28048066191537224,0.21809319406747818,92,110,0.21374877205059128,0.18356200019438113,6785,1,0.0,2
"[{'2011'}, {'1996'}]",0.12342408003070295,352,0.05105974727114421,0.25197288427636566,0.20091313700522145,166,186,0.20882550042741566,0.16739088937520483,6785,1,0.0,2
"[{'2003'}, {'2183'}]",0.12341980304424596,65,0.05030771199436415,0.25072408744267055,0.2004163754483064,35,30,0.19624225411335766,0.2119558019316128,6785,1,0.0,2
"[{'2007'}, {'2014'}]",0.12341927388510965,76,0.09292698239809585,0.3042483268991897,0.21132134450109383,38,38,0.230311311597187,0.13202890715103965,6785,1,0.0,2
"[{'2008'}, {'2064'}]",0.12341177743236503,88,0.06691112795046397,0.2628391236066818,0.19592799565621785,46,42,0.19845258707676536,0.16914777654010793,6785,1,0.0,2
"[{'2037'}, {'1012'}]",0.12341140344314358,221,0.0534056820190236,0.27866099661088173,0.22525531459185813,131,90,0.2322302977769853,0.203718498876181,6785,1,0.0,2
"[{'1010'}, {'1998'}, {'1010'}]",0.12340874078401057,76,0.09505001777452046,0.30769234259681005,0.2126423248222896,41,35,0.25278644512303466,0.17336578643208228,6785,1,0.0,2
[{'2466'}],0.12340680268534805,133,0.09381120720947228,0.3051174923225685,0.21130628511309624,81,52,0.2219006508463154,0.17195137000814487,6785,1,0.0,2
[{'2035'}],0.12340187352907764,1452,0.10660338368830222,0.31309306626100714,0.20648968257270492,737,715,0.24712204772593047,0.18078395054315408,6785,1,0.0,2
"[{'2042'}, {'1037'}]",0.12340062804152875,73,0.04257624603661833,0.27484682706349034,0.232270581026872,34,39,0.234536989037161,0.210747360661922,6785,1,0.0,2
"[{'1012'}, {'2024'}]",0.12339574401940813,440,0.1037311124422062,0.3145996629869267,0.2108685505447205,231,209,0.25672039668567836,0.19071068486275086,6785,1,0.0,2
"[{'2583'}, {'2000'}]",0.12339248944354655,88,0.05772136854515833,0.28007443850352004,0.2223530699583617,44,44,0.23670075231957521,0.19953279440784452,6785,1,0.0,2
"[{'2021'}, {'1005'}]",0.12338351562167321,97,0.09575298975971414,0.2737496504560113,0.17799666069629716,56,41,0.22100053619555926,0.18108435391267302,6785,1,0.0,2
"[{'2025'}, {'2000'}]",0.12337791337225185,293,0.077489694834283,0.29365319907665255,0.21616350424236955,180,113,0.2357549933535965,0.18218491907337755,6785,1,0.0,2
"[{'2009'}, {'1005'}, {'1056'}]",0.12337676748157432,108,0.05022065614660584,0.2802924007177353,0.23007174457112947,60,48,0.26012228238134444,0.18156289225345468,6785,1,0.0,2
"[{'2015'}, {'1012'}]",0.12337673604955784,393,0.11099562997887738,0.3145240206653491,0.20352839068647174,156,237,0.2640197557953637,0.20571785539872162,6785,1,0.0,2
"[{'1010'}, {'2021'}, {'1045'}]",0.12337502613946728,92,0.029693500124708255,0.2768643291836435,0.24717082905893525,44,48,0.22960577788441822,0.21020028606029142,6785,1,0.0,2
[{'2310'}],0.12337351179379454,244,0.07704718360977336,0.29082372969287074,0.21377654608309737,117,127,0.22032301403950605,0.16959432405479646,6785,1,0.0,2
"[{'1996'}, {'3606'}]",0.12336578317209769,68,0.09301075536538575,0.30423149904784036,0.2112207436824546,34,34,0.23206571567116435,0.19635389961267444,6785,1,0.0,2
"[{'1998'}, {'1999'}]",0.12336206774915927,219,0.0530499823942405,0.27600846430208503,0.22295848190784454,119,100,0.22213909745971833,0.18505936465736428,6785,1,0.0,2
"[{'1012'}, {'2023'}]",0.12335922300248149,475,0.0651096421524188,0.25996940223648485,0.19485976008406605,226,249,0.21531001974357894,0.16791712829409802,6785,1,0.0,2
[{'2172'}],0.12335353461775503,398,0.05020782336019394,0.2767150505706315,0.22650722721043756,211,187,0.23758487761984076,0.20711798569230103,6785,1,0.0,2
"[{'1012'}, {'2009'}, {'2003'}]",0.12334900776072584,219,0.03337398234512848,0.27688335478845716,0.24350937244332868,138,81,0.22576596819332617,0.1962710280175543,6785,1,0.0,2
"[{'2113'}, {'1996'}]",0.1233442043839702,61,0.049621957139943246,0.27662988553444545,0.2270079283945022,30,31,0.23978851355062988,0.17817906340999343,6785,1,0.0,2
"[{'2273'}, {'2308'}]",0.12333620113330315,336,0.0710631838824092,0.2579685735494591,0.18690538966704992,215,121,0.23233782305916473,0.17097683135383113,6785,1,0.0,2
[{'1051'}],0.12333338335599768,109,0.09492722443352311,0.3050760792852458,0.21014885485172272,59,50,0.2221246958411557,0.194575381684856,6785,1,0.0,2
"[{'1012'}, {'2045'}]",0.12333273092227237,333,0.017325161595637517,0.26693572702281404,0.28426088861845156,198,135,0.21418072171340397,0.22225038456442026,6785,1,0.0,2
[{'2019'}],0.12332794764854796,1122,0.06747992592593349,0.284930968698387,0.21745104277245353,587,535,0.2315649045931924,0.18153865471324682,6785,1,0.0,2
"[{'1012'}, {'2010'}]",0.12332723770443435,80,0.0696406635100191,0.25632876724004744,0.18668810373002834,25,55,0.22326777267959658,0.1659318314317687,6785,1,0.0,2
[{'3767'}],0.12332172378231608,137,0.06008231007706025,0.2762377296081361,0.21615541953107584,68,69,0.19539066851331713,0.17413290824195635,6785,1,0.0,2
[{'2330'}],0.12332082794560993,66,0.01854992058419963,0.2596768551639148,0.27822677574811444,35,31,0.22046115977912795,0.23006808368068404,6785,1,0.0,2
"[{'2273'}, {'1998'}]",0.12332045678656703,345,0.05787228781729939,0.25077397694190345,0.19290168912460406,225,120,0.2275673314359075,0.1858999156311136,6785,1,0.0,2
"[{'1012'}, {'2003'}, {'1037'}]",0.12330650856176871,170,0.11068289073337562,0.2894998630902297,0.17881697235685406,71,99,0.24619504101463124,0.141385469444006,6785,1,0.0,2
"[{'2035'}, {'1012'}]",0.12330246307444928,136,0.08178138457505063,0.29577400351438343,0.2139926189393328,79,57,0.2345806351319129,0.19788315788651106,6785,1,0.0,2
"[{'2151'}, {'1997'}]",0.12329705152839897,96,0.032502607545828066,0.2776262458624705,0.2451236383166424,53,43,0.24393902938189707,0.19319890343711066,6785,1,0.0,2
"[{'1011'}, {'1010'}]",0.12329385531016156,149,0.046134715647484476,0.27333029550175336,0.2271955798542689,86,63,0.22158374271991604,0.20865976147287366,6785,1,0.0,2
[{'2190'}],0.12328525706915497,144,0.0362229845991168,0.2367050925171689,0.2004821079180521,76,68,0.21288701643872462,0.16747952780315273,6785,1,0.0,2
[{'1006'}],0.1232799780213863,949,0.03256394706835511,0.27478860070071975,0.24222465363236464,526,423,0.23122080593779268,0.1993316173890634,6785,1,0.0,2
"[{'2000'}, {'2037'}]",0.1232794898784387,259,0.06204678471416805,0.28121586168091073,0.21916907696674268,139,120,0.23058050814643624,0.193738125330804,6785,1,0.0,2
"[{'1998'}, {'1996'}]",0.12327273074602996,758,0.06345763359874296,0.2820328616154449,0.21857522801670193,421,337,0.22899282759250533,0.18846638746189956,6785,1,0.0,2
"[{'2025'}, {'2074'}]",0.12327018140976678,68,0.0677067341057809,0.261654583471162,0.1939478493653811,42,26,0.20484850610852384,0.14665849822803032,6785,1,0.0,2
"[{'2008'}, {'1037'}]",0.12326527343063141,226,0.057880588256340765,0.27752720703923606,0.2196466187828953,123,103,0.2194256740000004,0.17697122669165358,6785,1,0.0,2
"[{'1997'}, {'2308'}, {'1012'}]",0.12326290289458434,85,0.07061054022338192,0.28722063471612175,0.21661009449273982,38,47,0.23507774468892603,0.18165339524042454,6785,1,0.0,2
[{'2166'}],0.12326058912037142,361,0.03759102949396839,0.2748426735770326,0.23725164408306423,222,139,0.23041066518289807,0.21375194477780726,6785,1,0.0,2
"[{'1998'}, {'1010'}]",0.12325622592482943,353,0.06558889329433443,0.2829494270682335,0.21736053377389908,200,153,0.22454770078355715,0.18299191725988753,6785,1,0.0,2
[{'2214'}],0.12324344732944363,267,0.11593505237441587,0.3110522027127445,0.1951171503383286,120,147,0.250704246121702,0.1525088488996875,6785,1,0.0,2
[{'6517'}],0.12324155581089505,122,0.10493847259915506,0.31122549867088145,0.2062870260717264,55,67,0.229128602519687,0.208583840178038,6785,1,0.0,2
"[{'2308'}, {'2006'}]",0.12323819330781008,65,0.044225608770336405,0.24314385152288845,0.19891824275255204,35,30,0.23112750703244875,0.17258147604378263,6785,1,0.0,2
"[{'1012'}, {'2043'}]",0.12323702289027791,167,0.09604590325512999,0.30627163286122044,0.21022572960609046,89,78,0.2317182529208012,0.160429016434332,6785,1,0.0,2
"[{'1037'}, {'3287'}]",0.12323565324468354,96,0.017142978193967262,0.3005448153614998,0.28340183716753253,50,46,0.2308588647905522,0.22069695854350146,6785,1,0.0,2
"[{'2009'}, {'2003'}]",0.12323251763603879,645,0.034714873661071066,0.274712244700875,0.23999737103980395,397,248,0.22778477770207267,0.19041099017009194,6785,1,0.0,2
"[{'1037'}, {'2931'}]",0.12322359909545488,136,0.11668390073688514,0.2979594070996557,0.18127550636277054,70,66,0.22849366679450386,0.12586559455835059,6785,1,0.0,2
"[{'2031'}, {'2042'}]",0.12321585281084403,319,0.07433549405656681,0.2883938791730055,0.2140583851164387,164,155,0.22417428707270692,0.18849835809492874,6785,1,0.0,2
"[{'1056'}, {'1996'}]",0.12321072164840757,195,0.1124573704233782,0.31272536123340783,0.20026799081002963,110,85,0.26402918945194115,0.1532084501306311,6785,1,0.0,2
"[{'2038'}, {'2042'}]",0.12320285353501696,197,0.04077919403377184,0.27295239537277005,0.23217320133899821,110,87,0.23286792921498636,0.19977656992160553,6785,1,0.0,2
"[{'2017'}, {'1010'}]",0.12320175828423474,181,0.10236623702751291,0.3122224107674964,0.2098561737399835,77,104,0.23899130375410743,0.16046969030039215,6785,1,0.0,2
"[{'1010'}, {'2006'}]",0.12319981932358061,92,0.03771239316104674,0.2710933145474304,0.23338092138638367,55,37,0.2168132814081246,0.1752447610664053,6785,1,0.0,2
"[{'2065'}, {'2027'}]",0.12319917206746346,138,0.022351214974270756,0.23588771716906473,0.2582389321433355,65,73,0.21768079637753607,0.1926003358085626,6785,1,0.0,2
"[{'1997'}, {'1012'}]",0.12318892927584965,555,0.0683113000880324,0.2844210592278263,0.21610975913979388,285,270,0.2288134520657338,0.18272715859210953,6785,1,0.0,2
[{'2006'}],0.12318729975656556,1917,0.08683335876531653,0.29900913528405487,0.21217577651873834,979,938,0.23879782198571517,0.17965034246927594,6785,1,0.0,2
"[{'2025'}, {'1037'}]",0.12318515200180188,270,0.07640048193567694,0.2915065921102928,0.21510611017461584,151,119,0.24115864590279687,0.17372862375658737,6785,1,0.0,2
"[{'1012'}, {'2035'}]",0.1231830021761,150,0.05868105984333996,0.27885911870445756,0.2201780588611176,74,76,0.2335207874309489,0.18799451109370865,6785,1,0.0,2
"[{'1997'}, {'2040'}]",0.1231810943039967,91,0.11107789646261013,0.2908000462473585,0.17972214978474838,52,39,0.2414138721570817,0.16310210411585754,6785,1,0.0,2
"[{'2015'}, {'1000'}]",0.12317537373003329,79,0.0345279844550343,0.2673707244651658,0.2328427400101315,35,44,0.20214894285109222,0.19545794541491898,6785,1,0.0,2
"[{'2055'}, {'2308'}]",0.12317525092933186,138,0.09303998313531156,0.305120030308471,0.21208004717315945,68,70,0.25532837646609047,0.17933565728612996,6785,1,0.0,2
"[{'2009'}, {'2025'}]",0.12317212533623047,114,0.028656158013798533,0.27853584421368743,0.2498796861998889,65,49,0.2402823649533696,0.2203273256855819,6785,1,0.0,2
"[{'1996'}, {'2015'}]",0.12316684322985252,151,0.05431685421158347,0.274828010002772,0.22051115579118855,75,76,0.2198341643087202,0.18978592037359393,6785,1,0.0,2
"[{'2000'}, {'2022'}, {'1012'}]",0.12316523777410023,94,0.0384427079613712,0.2444097591408839,0.2059670511795127,48,46,0.20024702595746494,0.18857033073238727,6785,1,0.0,2
[{'2020'}],0.12315809112921829,714,0.048081827833753255,0.27297628021393067,0.2248944523801774,390,324,0.22557676711392075,0.18406570986013882,6785,1,0.0,2
[{'2079'}],0.12314965336992274,1204,0.07980925296971356,0.2940845375770349,0.21427528460732134,642,562,0.24643770669355672,0.18858815201058193,6785,1,0.0,2
[{'2168'}],0.12314825125174149,424,0.040390800122042714,0.2730710805245057,0.23268028040246297,238,186,0.23658037924951417,0.18364636748863264,6785,1,0.0,2
"[{'2000'}, {'1996'}]",0.12314784401745384,1083,0.042445787764521764,0.2723224198106474,0.22987663204612566,626,457,0.22834860777366095,0.19925818181563607,6785,1,0.0,2
[{'2157'}],0.12313883414027078,539,0.0881695775608673,0.3001685480908914,0.2119989705300241,275,264,0.24301282751302872,0.1860358845134196,6785,1,0.0,2
"[{'1010'}, {'1000'}]",0.12313102437453867,293,0.06030360747192226,0.280241276526993,0.21993766905507073,165,128,0.23706054720143174,0.17176557741419826,6785,1,0.0,2
"[{'1998'}, {'2031'}]",0.12312375575392175,137,0.0526468004337074,0.271627522318771,0.21898072188506362,76,61,0.20043392947196506,0.18298322278769075,6785,1,0.0,2
"[{'1012'}, {'2003'}]",0.1231219691375032,857,0.08449109048238063,0.2967932965352454,0.21230220605286476,440,417,0.23777384019451378,0.18479975617459898,6785,1,0.0,2
"[{'2123'}, {'1005'}]",0.12312027721207608,860,0.09529445730327119,0.30571668374985816,0.21042222644658698,413,447,0.24022893314751384,0.17866700653190948,6785,1,0.0,2
[{'2107'}],0.1231180590733115,322,0.077044022266057,0.29198518966486353,0.21494116739880653,167,155,0.24849803535642948,0.17751955800459174,6785,1,0.0,2
"[{'1010'}, {'4385'}]",0.12310530694517265,138,0.0440887073608327,0.2725867356516813,0.2284980282908486,76,62,0.23379459740658293,0.20156678636852574,6785,1,0.0,2
"[{'2084'}, {'1037'}]",0.12309918269824349,60,0.10535832421321953,0.31055782129988074,0.20519949708666121,32,28,0.23164300953266698,0.1532183458223599,6785,1,0.0,2
"[{'2123'}, {'1056'}]",0.12309730518608897,891,0.0932837634053065,0.303892209900148,0.21060844649484148,429,462,0.23928876828812934,0.17826727964799868,6785,1,0.0,2
"[{'2005'}, {'2308'}]",0.12309447400051451,267,0.03913894736441015,0.27470036311887014,0.23556141575446,156,111,0.24638012851462185,0.21717002234677776,6785,1,0.0,2
"[{'1012'}, {'2323'}]",0.12309265584675425,103,0.05981546388553696,0.28039919443073724,0.22058373054520028,42,61,0.23891624448436785,0.21268741782452458,6785,1,0.0,2
[{'1045'}],0.12309073502838527,2631,0.08489163664387814,0.29747022252650895,0.21257858588263082,1385,1246,0.24396310065634502,0.18392879083753974,6785,1,0.0,2
"[{'2052'}, {'2022'}]",0.12308464171681838,270,0.03896999394629497,0.2709989082693254,0.2320289143230304,149,121,0.22901320461881094,0.1919568017821578,6785,1,0.0,2
"[{'2008'}, {'1029'}]",0.12308159227698952,92,0.040219630142475676,0.2686429649591446,0.2284233348166689,45,47,0.2162205761153994,0.16568224554129762,6785,1,0.0,2
"[{'2008'}, {'1996'}]",0.12308071662298516,490,0.019837829707187615,0.2467344497831968,0.2665722794903844,286,204,0.2050928353104034,0.21935733713693387,6785,1,0.0,2
"[{'2003'}, {'2025'}, {'1037'}]",0.12307724138994884,73,0.04636339603198897,0.2747815711630715,0.22841817513108253,45,28,0.23606935244324434,0.19632361516698857,6785,1,0.0,2
"[{'2054'}, {'2003'}]",0.1230745643297624,192,0.06718997597635551,0.28286697040751296,0.21567699443115745,106,86,0.2247386036153429,0.19462331286069362,6785,1,0.0,2
[{'2216'}],0.12307441474870268,583,0.0807162582219185,0.29463832536712287,0.21392206714520437,320,263,0.2482567117038188,0.1803263901969202,6785,1,0.0,2
"[{'4385'}, {'1012'}]",0.12306936253669501,163,0.03646061218767002,0.27186277038841083,0.2354021582007408,88,75,0.23532168434543446,0.2042925637933122,6785,1,0.0,2
"[{'2025'}, {'1999'}]",0.12306624338996545,95,0.026847395994941764,0.2760947487286983,0.24924735273375656,62,33,0.20992818405953645,0.2114391245011395,6785,1,0.0,2
[{'3283'}],0.12306493495741434,136,0.031172598078329505,0.2727819052007463,0.2416093071224168,72,64,0.23243841882744323,0.1979947524763503,6785,1,0.0,2
"[{'2821'}, {'1010'}]",0.12306473440845161,66,0.08671317425997635,0.2970619536936283,0.21034877943365196,28,38,0.215964447374821,0.1726512942132293,6785,1,0.0,2
[{'1999'}],0.12306013526509214,3547,0.062128890063843145,0.28026260136100944,0.2181337112971663,1892,1655,0.23393354070343506,0.18615615142209904,6785,1,0.0,2
"[{'1010'}, {'1037'}]",0.12305988701893253,439,0.07659830496201286,0.29043804470481527,0.2138397397428024,234,205,0.23671471897610943,0.18529273202955313,6785,1,0.0,2
"[{'1012'}, {'1012'}, {'1012'}, {'1998'}]",0.12305709311284373,80,0.063776890399462,0.2827450517368944,0.2189681613374324,38,42,0.2491945740811874,0.17931079040561423,6785,1,0.0,2
"[{'2123'}, {'1005'}, {'1056'}]",0.12305593311421067,854,0.09558056989185634,0.30570617985450527,0.21012560996264892,412,442,0.2405202016979749,0.17904904267522945,6785,1,0.0,2
[{'2490'}],0.1230524954883298,231,0.05173026557238597,0.2525309382379055,0.20080067266551954,125,106,0.22757170404327948,0.17641475397415368,6785,1,0.0,2
"[{'1012'}, {'1997'}]",0.12304580047737364,217,0.11086467803220881,0.29212547466158867,0.18126079662937986,110,107,0.22741242566116163,0.15577263806962108,6785,1,0.0,2
"[{'2025'}, {'1000'}]",0.12303493660882561,71,0.07273134007007592,0.26507116622618726,0.19233982615611134,37,34,0.2179865834306407,0.17264449734360826,6785,1,0.0,2
[{'2092'}],0.123031722713381,426,0.057281226377079886,0.27738760469756163,0.22010637832048174,244,182,0.231215567776601,0.17951534261407798,6785,1,0.0,2
"[{'1998'}, {'1037'}]",0.12303119087758996,307,0.08162530332455717,0.29401272649218324,0.21238742316762607,157,150,0.23623469664376387,0.17864918888689796,6785,1,0.0,2
[{'2450'}],0.12302961889525874,2145,0.11974689884534237,0.30880248610009536,0.189055587254753,1034,1111,0.24459720740995258,0.16987798266900145,6785,1,0.0,2
"[{'2045'}, {'2053'}]",0.12302947951593339,147,0.025813372373430843,0.272693238399002,0.24687986602557116,89,58,0.19722181983331144,0.2069466182123006,6785,1,0.0,2
"[{'2022'}, {'1999'}]",0.12302633297972651,108,0.08187532638823919,0.2954894864399518,0.21361416005171263,56,52,0.2530400471294006,0.17700253603809146,6785,1,0.0,2
"[{'2085'}, {'1012'}]",0.12302323879356031,69,0.12070248157550129,0.309111319291286,0.1884088377157847,39,30,0.2473069847372102,0.11825562480802386,6785,1,0.0,2
"[{'1005'}, {'1056'}, {'2009'}]",0.12302085733798636,98,0.028338589432338884,0.26851126706848544,0.24017267763614655,48,50,0.20787020455251712,0.18119039865847122,6785,1,0.0,2
"[{'1012'}, {'2308'}, {'2024'}]",0.12299947738038566,77,0.04479260942053184,0.27099793549213147,0.22620532607159963,36,41,0.22914226241699676,0.19033051343169594,6785,1,0.0,2
"[{'1996'}, {'2004'}]",0.12299872539529161,69,0.037509654761937544,0.2750763449640501,0.23756669020211255,42,27,0.2488065337207565,0.2395781766083457,6785,1,0.0,2
"[{'2292'}, {'1005'}]",0.12299040399274869,96,0.03370498400626365,0.26643884683750113,0.23273386283123748,49,47,0.1879580440850564,0.2088715478688224,6785,1,0.0,2
[{'3849'}],0.12298767514904943,157,0.02142055205232679,0.23728114472363482,0.2587016967759616,88,69,0.21919102671021884,0.20860429550662962,6785,1,0.0,2
"[{'2045'}, {'1037'}]",0.12297205022729814,124,0.02106062114094237,0.24785655382347394,0.2689171749644163,83,41,0.22520038291563502,0.2027359021531072,6785,1,0.0,2
[{'3801'}],0.12296859882543204,128,0.018817047364306894,0.28490872502326964,0.26609167765896274,75,53,0.21242194479090118,0.17943404640563795,6785,1,0.0,2
"[{'1999'}, {'1998'}]",0.1229678861627043,124,0.058008920082024185,0.27710538698094234,0.21909646689891815,70,54,0.22984917666351765,0.17654941228237855,6785,1,0.0,2
"[{'2053'}, {'2000'}]",0.12296536773124785,63,0.10441053945284623,0.28496844235521096,0.18055790290236473,39,24,0.21754265324816474,0.13368382748121735,6785,1,0.0,2
"[{'1996'}, {'1998'}]",0.12295897466513958,520,0.05188635169186734,0.2747003487679352,0.22281399707606786,291,229,0.2374243614123623,0.2047766955039217,6785,1,0.0,2
[{'2153'}],0.12295790364457304,203,0.08461952663956623,0.2961371960406451,0.21151766940107886,97,106,0.23733655305151424,0.16844260518810542,6785,1,0.0,2
[{'2031'}],0.12295489650433897,2090,0.07369998953277421,0.2878255666412507,0.2141255771084765,1114,976,0.23745148173140604,0.1771218820082503,6785,1,0.0,2
[{'2057'}],0.12295305886898147,1039,0.03400871733877328,0.2678528322964447,0.2338441149576714,583,456,0.2157783860040961,0.2080787145634185,6785,1,0.0,2
"[{'2001'}, {'1999'}]",0.1229502469266739,95,0.01763697323686142,0.25453099941036533,0.27216797264722675,56,39,0.21641643161964302,0.21462507822286683,6785,1,0.0,2
"[{'1045'}, {'2000'}]",0.12294815712280593,132,0.02245469910951403,0.2884857241886777,0.26603102507916365,77,55,0.25509951704118916,0.2213394253674453,6785,1,0.0,2
"[{'1012'}, {'2065'}, {'2017'}]",0.12294805005977351,117,0.10437139795537581,0.31146898146784097,0.20709758351246516,57,60,0.2507285872009422,0.1586705461528788,6785,1,0.0,2
"[{'2005'}, {'2035'}]",0.12294762713021706,71,0.07214092405129832,0.261384682769471,0.1892437587181727,47,24,0.22642500987513528,0.15254801215669364,6785,1,0.0,2
"[{'2012'}, {'1012'}]",0.12294314645036739,99,0.11116880413411609,0.29196669631561295,0.18079789218149686,61,38,0.22954107521182188,0.16199791893032991,6785,1,0.0,2
"[{'1005'}, {'1056'}]",0.12293641731985813,1960,0.0951931315678552,0.30492463770653466,0.20973150613867947,968,992,0.24125690822808188,0.18373195170776838,6785,1,0.0,2
"[{'2058'}, {'1996'}]",0.12292779649544477,108,0.10673289702584349,0.31155502206335467,0.20482212503751118,48,60,0.255838394656459,0.1652516223231362,6785,1,0.0,2
"[{'1996'}, {'2051'}]",0.12292777469624663,135,0.06535422669125246,0.2634178928724707,0.19806366618121823,73,62,0.21318939309826468,0.18485093319205487,6785,1,0.0,2
[{'2123'}],0.12292392501236112,942,0.09620579743704497,0.3057015930122859,0.20949579557524092,446,496,0.24027649412919208,0.17824647836956062,6785,1,0.0,2
"[{'2003'}, {'2019'}]",0.12291582593077936,180,0.07336166248956486,0.2644579669309629,0.19109630444139805,74,106,0.2252426579607087,0.17474348576378615,6785,1,0.0,2
"[{'2001'}, {'1037'}]",0.12291425413473121,291,0.08659295891100094,0.29714173446380115,0.21054877555280022,159,132,0.23040235061821274,0.197424720184043,6785,1,0.0,2
"[{'1005'}, {'1056'}, {'1996'}]",0.1229137908774344,188,0.1110872587525846,0.31137295902889467,0.20028570027631007,107,81,0.2630704038673396,0.15607962833084715,6785,1,0.0,2
"[{'1010'}, {'2021'}, {'1996'}]",0.12290742774486198,64,0.01874520134949975,0.2444943405295673,0.26323954187906706,38,26,0.205332114031309,0.1940637332795957,6785,1,0.0,2
"[{'2000'}, {'2033'}]",0.12289712200715681,131,0.05208949617738476,0.2723224062634551,0.22023291008607035,69,62,0.22297865615767307,0.1724296058538135,6785,1,0.0,2
[{'1997'}],0.1228965102000425,4328,0.07771921941373194,0.2905712907436398,0.21285207132990785,2270,2058,0.23852402560220948,0.1864870457760461,6785,1,0.0,2
"[{'1012'}, {'2038'}]",0.12286821249113762,141,0.1213810327161508,0.3083648154186824,0.18698378270253158,63,78,0.24977710741439862,0.15476402237538997,6785,1,0.0,2
"[{'2062'}, {'2084'}]",0.1228641551361938,208,0.03271854196542073,0.2708423407083111,0.23812379874289036,112,96,0.2376698089012776,0.17747334441291274,6785,1,0.0,2
[{'2191'}],0.12286341100573123,444,0.08140179036876438,0.2928289546779975,0.21142716430923314,238,206,0.23215040912288784,0.1953901703698137,6785,1,0.0,2
"[{'2000'}, {'1005'}]",0.12286067793762454,72,0.0688049237997759,0.28062094659322784,0.21181602279345194,42,30,0.19624345810422014,0.13772339950576135,6785,1,0.0,2
[{'3228'}],0.12285608491728636,64,0.08346771313717555,0.29713413926462334,0.2136664261274478,30,34,0.269860888015485,0.19929152579696452,6785,1,0.0,2
"[{'2308'}, {'2064'}]",0.12285327230902865,69,0.07831639728534062,0.2662798373683079,0.18796344008296728,37,32,0.23399857229243015,0.1586786550208872,6785,1,0.0,2
"[{'1012'}, {'2026'}]",0.12285295679539662,127,0.07487895187382326,0.287430097707189,0.21255114583336576,78,49,0.2173561019388581,0.14209054799685472,6785,1,0.0,2
"[{'2025'}, {'2005'}]",0.12284891798387676,76,0.015658825935001452,0.30178688400321535,0.2861280580682139,45,31,0.23229866493286663,0.22248952464441038,6785,1,0.0,2
[{'3720'}],0.12284179727126132,218,0.04369921783259734,0.2470457905633304,0.20334657273073306,131,87,0.22418533421769005,0.1575523446858908,6785,1,0.0,2
[{'2583'}],0.1228338564798491,94,0.025656974698970297,0.27407610181557096,0.24841912711660066,46,48,0.23322588417408274,0.22419607240777217,6785,1,0.0,2
"[{'2057'}, {'2031'}]",0.1228303952607109,163,0.04275965272743809,0.2673155350772583,0.2245558823498202,92,71,0.21027125036889513,0.21431285584782245,6785,1,0.0,2
"[{'2292'}, {'1005'}, {'1055'}]",0.12282154676628883,93,0.03138643277810749,0.2655192830778183,0.23413285029971082,47,46,0.1873779838659754,0.21091172747471035,6785,1,0.0,2
"[{'1000'}, {'1005'}]",0.12281999781474184,158,0.039020365634216736,0.2635708784684539,0.22455051283423716,80,78,0.19936948976504673,0.18725644986433257,6785,1,0.0,2
"[{'1010'}, {'2025'}]",0.1228186023025677,343,0.0917307791108544,0.3007535686543615,0.2090227895435071,194,149,0.22510183446235368,0.1872834569828701,6785,1,0.0,2
[{'2058'}],0.12281630960172031,487,0.09340271877179818,0.30317947959887637,0.2097767608270782,243,244,0.24523218913451236,0.17802857550296863,6785,1,0.0,2
"[{'2003'}, {'2000'}]",0.12281385983365706,376,0.05137343016966375,0.27106730603509477,0.21969387586543102,225,151,0.21233628139050156,0.19788529687828557,6785,1,0.0,2
"[{'1010'}, {'2066'}]",0.12281297671718819,97,0.11300781659800987,0.30986129799309897,0.1968534813950891,51,46,0.2587644135761544,0.1580388384636579,6785,1,0.0,2
"[{'1012'}, {'2000'}]",0.12281115633357566,205,0.10685496390258462,0.3103954936895106,0.20354052978692597,108,97,0.2517108261652829,0.1781262756752095,6785,1,0.0,2
"[{'1045'}, {'2031'}]",0.12279445741432755,254,0.03868711298477781,0.26963452034643,0.23094740736165217,142,112,0.23768124097362944,0.18876421923115635,6785,1,0.0,2
"[{'2065'}, {'1996'}]",0.1227907048002435,124,0.02558784126741892,0.228015527387874,0.20242768612045509,72,52,0.19354693387208982,0.1563283456104198,6785,1,0.0,2
"[{'2308'}, {'1010'}]",0.12279020722371445,523,0.11906301487891888,0.3082760198885808,0.1892130050096619,256,267,0.2517175406808062,0.14201712936967079,6785,1,0.0,2
[{'2339'}],0.12278448185458542,637,0.0569942130665794,0.2744254342490627,0.2174312211824833,341,296,0.22399741612452476,0.18464128711015973,6785,1,0.0,2
"[{'2057'}, {'1005'}, {'1056'}]",0.1227817263226477,74,0.025231349406556025,0.2678099619906123,0.24257861258405627,41,33,0.205261123509193,0.17212630299046566,6785,1,0.0,2
[{'2566'}],0.1227693763615955,167,0.11907943028356074,0.30136043214727015,0.1822810018637094,84,83,0.24224060406183243,0.16024781651188091,6785,1,0.0,2
[{'2008'}],0.12276627844728982,3682,0.08010151045854708,0.2918169354146331,0.21171542495608603,1936,1746,0.23912052764201677,0.18475884486790142,6785,1,0.0,2
"[{'2022'}, {'1996'}]",0.12276410470269257,163,0.09472604741489876,0.3047335232732837,0.21000747585838492,97,66,0.24678247114961982,0.1881994672021215,6785,1,0.0,2
"[{'1012'}, {'1012'}, {'1010'}]",0.12276008671762141,71,0.05405990838503036,0.27440188196487725,0.2203419735798469,32,39,0.23955770217306283,0.1698496804967208,6785,1,0.0,2
"[{'1000'}, {'2008'}]",0.12275690916618266,111,0.057225140481066916,0.258492479983129,0.2012673395020621,76,35,0.20022702952053303,0.14300778510623896,6785,1,0.0,2
"[{'1996'}, {'2168'}]",0.12275653516900178,371,0.031163084912283562,0.2704812250853155,0.23931814017303196,209,162,0.23703605393984115,0.18204853993799108,6785,1,0.0,2
"[{'2308'}, {'1998'}]",0.12274925671905841,483,0.12191694097887024,0.3081708328757021,0.1862538918968319,225,258,0.25799822345261103,0.17225581878236693,6785,1,0.0,2
"[{'2008'}, {'2023'}]",0.12274367759590125,83,0.08703794011480578,0.2976272704034317,0.2105893302886259,41,42,0.2452749583566169,0.188620976396777,6785,1,0.0,2
"[{'1998'}, {'1011'}]",0.12273687433415817,109,0.043153368484670857,0.25027428055971357,0.2071209120750427,59,50,0.21864027840693046,0.14676475870280908,6785,1,0.0,2
"[{'1996'}, {'2069'}]",0.12273499220634114,129,0.040869113554557135,0.26903947566946346,0.22817036211490632,69,60,0.23814496161307322,0.19585983228850948,6785,1,0.0,2
[{'3412'}],0.12273400428041394,127,0.031245937117602096,0.24002289977194607,0.20877696265434398,69,58,0.19808658592212292,0.13463980546383872,6785,1,0.0,2
"[{'2016'}, {'2001'}]",0.12272913288057433,167,0.07063140001680171,0.2840904872864485,0.21345908726964677,90,77,0.23345094637625177,0.19090312773866344,6785,1,0.0,2
"[{'2000'}, {'1037'}]",0.12272799387494712,629,0.041032482364037726,0.2675042475152406,0.22647176515120288,336,293,0.227632110732435,0.20005896996083827,6785,1,0.0,2
"[{'2003'}, {'1012'}]",0.12272688498289512,374,0.08091101115633406,0.29297701224846684,0.21206600109213278,184,190,0.24969105067339603,0.19812062924274915,6785,1,0.0,2
"[{'1996'}, {'1011'}]",0.12271864703389274,223,0.024297921418419383,0.2725195630469866,0.24822164162856722,114,109,0.2271752326048189,0.1965580543411555,6785,1,0.0,2
"[{'1996'}, {'2003'}]",0.12271033765874169,427,0.03914911783199865,0.26864137206503674,0.2294922542330381,242,185,0.23553795012280832,0.20574568147839672,6785,1,0.0,2
"[{'1997'}, {'1037'}]",0.12270770776878095,388,0.0818918734341067,0.2924482505954802,0.2105563771613735,200,188,0.23245464054144133,0.17635481502738515,6785,1,0.0,2
[{'2931'}],0.12269965828443827,612,0.05628083294682393,0.2733213764634475,0.21704054351662358,341,271,0.22087211139494273,0.16855597795035707,6785,1,0.0,2
"[{'2007'}, {'1012'}]",0.12269555702947837,176,0.06778277221760365,0.28279235893035237,0.21500958671274872,79,97,0.24328618886746456,0.17520386229944077,6785,1,0.0,2
"[{'1045'}, {'2008'}]",0.12269530683324083,161,0.04868404137696458,0.26952580908934276,0.22084176771237818,90,71,0.22293544852714559,0.18082197447524145,6785,1,0.0,2
"[{'1010'}, {'2027'}]",0.12269039674439927,359,0.07629947796612219,0.28832377153836813,0.21202429357224595,192,167,0.2362473444186109,0.17109869640432948,6785,1,0.0,2
"[{'1045'}, {'3246'}]",0.122688002938686,77,0.09388313537367635,0.27384731309806426,0.1799641777243879,41,36,0.2323994567577874,0.19576818939827823,6785,1,0.0,2
"[{'1010'}, {'2065'}]",0.1226819083378057,217,0.08212921887636185,0.2928597964346409,0.21073057755827904,117,100,0.2361057178563487,0.16133728076857914,6785,1,0.0,2
"[{'2065'}, {'2024'}]",0.12267526627453434,95,0.04452197698613966,0.2687425908504748,0.22422061386433514,51,44,0.2330311412412314,0.16952818523746702,6785,1,0.0,2
[{'2391'}],0.12267373866082582,218,0.09381327613719279,0.302896962973934,0.2090836868367412,130,88,0.23580777628313904,0.14002666208151493,6785,1,0.0,2
"[{'2027'}, {'2024'}]",0.12265232797811075,385,0.10260919457804912,0.3102439067699015,0.20763471219185237,200,185,0.25105448289795246,0.1786610617761452,6785,1,0.0,2
"[{'1010'}, {'2052'}]",0.12264714045530792,145,0.06671578558902802,0.2828187703884937,0.21610298479946566,74,71,0.2581266134184262,0.18981563320439962,6785,1,0.0,2
"[{'2022'}, {'1997'}]",0.12264025138940117,63,0.06371022592629155,0.2793662493988391,0.21565602347254753,31,32,0.24198908775204594,0.19084941541717845,6785,1,0.0,2
"[{'2057'}, {'2000'}]",0.12263236220225678,94,0.03564704467049415,0.23988842871040103,0.20424138403990688,60,34,0.21700038953240225,0.19841274705354478,6785,1,0.0,2
"[{'1997'}, {'2035'}]",0.12262973496195148,121,0.09464739547366949,0.3020599096440352,0.20741251417036569,65,56,0.22089106118114243,0.18288036425116502,6785,1,0.0,2
"[{'2024'}, {'1996'}]",0.12262871928669253,241,0.03515164978853588,0.2670160409962309,0.231864391207695,116,125,0.23487521616364312,0.17888661905666634,6785,1,0.0,2
[{'2095'}],0.12262174412221519,188,0.06416627892799545,0.26328223575102655,0.1991159568230311,95,93,0.23042494081856332,0.16062180421194797,6785,1,0.0,2
[{'2007'}],0.1226163368459984,2098,0.0905654200279849,0.2998936940279667,0.20932827399998177,1073,1025,0.2441675944934065,0.1697158839787656,6785,1,0.0,2
"[{'1998'}, {'2007'}]",0.12260873919922961,80,0.05824066180411991,0.2737897242873143,0.2155490624831944,39,41,0.22204047934978324,0.16714064259281403,6785,1,0.0,2
"[{'1996'}, {'2375'}]",0.12260859698447141,67,0.01273223845357141,0.29160133358091117,0.3043335720344826,40,27,0.24112023623970924,0.21862507748610144,6785,1,0.0,2
"[{'2024'}, {'1010'}]",0.12260125425215358,149,0.09171444651823421,0.30123302267130575,0.20951857615307154,66,83,0.2483295780592863,0.1848417581609173,6785,1,0.0,2
"[{'2256'}, {'1012'}]",0.1225992308366047,92,0.09809076745922751,0.30535413489605373,0.20726336743682622,52,40,0.2257156608398157,0.19143707646680463,6785,1,0.0,2
"[{'1010'}, {'2308'}]",0.12259529758127445,349,0.11550531879074771,0.3076483707254132,0.19214305193466547,180,169,0.24848316625405104,0.14183434100736897,6785,1,0.0,2
"[{'2000'}, {'2191'}]",0.1225952936861405,149,0.07635863765010975,0.28765188330193847,0.21129324565182872,82,67,0.2317754619607651,0.18279179157751055,6785,1,0.0,2
"[{'1997'}, {'1996'}]",0.12258129330060091,1297,0.0379168511973019,0.2660624415492871,0.2281455903519852,763,534,0.22460157058018823,0.19589159260121514,6785,1,0.0,2
[{'2156'}],0.12257478843240407,492,0.05530400845588193,0.27178685275430325,0.21648284429842132,256,236,0.2220262241947213,0.1901912376266609,6785,1,0.0,2
"[{'2097'}, {'2022'}]",0.12256751000498577,228,0.03735130555262192,0.2666854529130843,0.2293341473604624,124,104,0.23549684339239077,0.20660089220556765,6785,1,0.0,2
"[{'1010'}, {'2012'}]",0.12255997367815563,88,0.03297760003164174,0.27254663433058784,0.2395690342989461,59,29,0.21450174976593275,0.23965310004184479,6785,1,0.0,2
"[{'2116'}, {'1997'}]",0.1225589644940266,100,0.04670701332390309,0.2555264524370432,0.2088194391131401,50,50,0.21848360705482572,0.16337300670053065,6785,1,0.0,2
"[{'2008'}, {'2009'}]",0.12255596109334149,158,0.015023725335909566,0.25998834609477356,0.2750120714306831,88,70,0.21590576889989027,0.21744171024678774,6785,1,0.0,2
"[{'2007'}, {'1996'}]",0.12255370912111621,407,0.026942861582236854,0.2670298244837405,0.24008696290150366,224,183,0.2222104242241603,0.1999926096727028,6785,1,0.0,2
[{'2094'}],0.1225460112368344,289,0.06863618729215476,0.2651738905678353,0.19653770327568054,124,165,0.23015470898275037,0.168806051677603,6785,1,0.0,2
"[{'1055'}, {'1010'}]",0.12254376820778765,218,0.05377591924888647,0.2727725018903745,0.21899658264148802,113,105,0.24252190819820943,0.17065062564146183,6785,1,0.0,2
[{'2084'}],0.12254352309134912,694,0.024213591521997063,0.27143538119175387,0.2472217896697568,388,306,0.230553794196992,0.2055039014388753,6785,1,0.0,2
"[{'1037'}, {'1997'}]",0.12253299961748208,651,0.07093583442404316,0.28270469332295184,0.21176885889890867,339,312,0.2273117604796455,0.18579740594738953,6785,1,0.0,2
[{'1056'}],0.1225299457704358,2080,0.0979039338347705,0.3056375861656351,0.20773365233086458,1022,1058,0.24224665983719687,0.1811617899226464,6785,1,0.0,2
"[{'2031'}, {'1996'}]",0.12251136551602183,187,0.044410458299053185,0.26850195950405165,0.22409150120499846,110,77,0.23649675760321331,0.19503430273659889,6785,1,0.0,2
"[{'2005'}, {'1029'}]",0.1225066797889528,65,0.08042500245755244,0.2901874905502474,0.20976248809269496,37,28,0.22606707275606197,0.12082334902227797,6785,1,0.0,2
[{'2011'}],0.12250359813311752,1398,0.07507263604908518,0.28605299229595227,0.2109803562468671,693,705,0.23217766591056677,0.17154587346376798,6785,1,0.0,2
"[{'1996'}, {'3291'}]",0.12250326363442046,104,0.02269225834647534,0.2196295285653887,0.24232178691186404,66,38,0.2011087627365008,0.16423416959070547,6785,1,0.0,2
[{'2037'}],0.12249936770788869,1309,0.09660571072104276,0.3044919072644862,0.20788619654344345,676,633,0.2437538886631636,0.18259095615704446,6785,1,0.0,2
"[{'1010'}, {'2045'}]",0.12249389334630424,166,0.027631167151361907,0.2713675864814025,0.24373641933004062,106,60,0.2335689035121672,0.1970019463495668,6785,1,0.0,2
"[{'1037'}, {'2008'}]",0.12248782698987905,167,0.03494623471638028,0.24480962264116365,0.20986338792478337,99,68,0.1870280259850688,0.20978446985968546,6785,1,0.0,2
"[{'2086'}, {'1012'}]",0.12246787640151084,104,0.05239677503705026,0.259089145809412,0.20669237077236174,59,45,0.22252396697014584,0.15781683120235185,6785,1,0.0,2
"[{'2004'}, {'2004'}]",0.12245574238756965,222,0.0803376175789847,0.2702567195931895,0.18991910201420478,113,109,0.22700944788400507,0.15746964300463032,6785,1,0.0,2
"[{'1010'}, {'2061'}]",0.12244830736262875,185,0.03493094642353231,0.26684443986173284,0.23191349343820053,86,99,0.24566444384567135,0.2105758046183121,6785,1,0.0,2
[{'3246'}],0.12244594707973923,119,0.052832223149755664,0.2601952828939945,0.20736305974423885,63,56,0.22132349656237194,0.19600243909172207,6785,1,0.0,2
[{'2061'}],0.12244485251789758,1404,0.0771125437399775,0.2878304369037034,0.2107178931637259,692,712,0.2389302655789463,0.18427032055717577,6785,1,0.0,2
"[{'1010'}, {'2079'}]",0.12243866935071582,105,0.014654516234275022,0.19948732310481238,0.2141418393390874,57,48,0.1816846667766387,0.17980554771906893,6785,1,0.0,2
"[{'1996'}, {'2149'}]",0.12243348676441018,101,0.01598618525775175,0.2578347358586533,0.27382092111640505,56,45,0.23676884851878666,0.21577663931331895,6785,1,0.0,2
"[{'1012'}, {'2085'}]",0.12242121978906007,96,0.11616707255265543,0.30743935126811267,0.19127227871545724,40,56,0.25296819429955447,0.19083341592266084,6785,1,0.0,2
"[{'1005'}, {'2022'}]",0.12241615469402262,143,0.03483451083185901,0.2645916774029463,0.2297571665710873,71,72,0.23212280447013925,0.23441051698168078,6785,1,0.0,2
[{'2005'}],0.12240747098145836,2800,0.0647325488098155,0.2781025732063296,0.2133700243965141,1479,1321,0.23475241656380058,0.1856552564710572,6785,1,0.0,2
"[{'2667'}, {'2000'}]",0.12239995951721236,132,0.11036728472890941,0.30672488746143156,0.19635760273252215,62,70,0.23707735310135836,0.16124652537822173,6785,1,0.0,2
"[{'1997'}, {'1999'}]",0.12239770945660172,142,0.02111120644434797,0.23158484153198391,0.2526960479763319,89,53,0.19859780488397502,0.21994291710369393,6785,1,0.0,2
[{'1029'}],0.12239314918666351,2168,0.0982653039609693,0.3053823192388965,0.20711701527792722,1040,1128,0.24157224733122062,0.1723043859639339,6785,1,0.0,2
"[{'1045'}, {'2052'}]",0.12239031199486594,156,0.03203939168619363,0.26295074638487265,0.23091135469867902,88,68,0.22070633980063545,0.2042557847575897,6785,1,0.0,2
"[{'2031'}, {'1037'}]",0.12238343057600388,323,0.0600091534624394,0.26253923226989084,0.20253007880745144,186,137,0.23218825724496753,0.15196462969627947,6785,1,0.0,2
"[{'2003'}, {'2025'}]",0.12238085154890237,403,0.03673174034713486,0.26445467934076095,0.22772293899362608,234,169,0.2294790553749463,0.20427405033358234,6785,1,0.0,2
"[{'2183'}, {'2000'}]",0.12238057167291792,201,0.11821570977920179,0.3055891958401375,0.1873734860609357,97,104,0.23748707440562103,0.17864339899034878,6785,1,0.0,2
"[{'1012'}, {'2008'}, {'2003'}]",0.12237934287321243,105,0.08195777696159803,0.29290139440807605,0.21094361744647802,62,43,0.2541117348218324,0.15640167957094875,6785,1,0.0,2
"[{'1999'}, {'1012'}]",0.12237910299635937,352,0.06447576056375648,0.2665180919522589,0.20204233138850242,187,165,0.21920784262360427,0.1772685244925273,6785,1,0.0,2
"[{'1999'}, {'1996'}, {'1012'}]",0.12237606939312709,168,0.020407114636373624,0.2770709721173378,0.25666385748096415,94,74,0.240796351845074,0.2279315288583353,6785,1,0.0,2
[{'2135'}],0.12237365028760112,350,0.09282942003173095,0.3002638425461428,0.20743442251441185,172,178,0.2355560979360068,0.1594818626561879,6785,1,0.0,2
"[{'1996'}, {'2406'}]",0.12237036524498088,70,0.029786102917442825,0.26751129157268083,0.237725188655238,39,31,0.24561978108871618,0.19775315329726093,6785,1,0.0,2
[{'2116'}],0.1223642193440052,643,0.04436847146318157,0.26494768516045725,0.22057921369727568,365,278,0.2209943854566823,0.18770610886465938,6785,1,0.0,2
"[{'2308'}, {'1996'}]",0.12236314933531789,329,0.05883861790598652,0.2623291711517891,0.2034905532458026,172,157,0.23573434269128715,0.193865586138001,6785,1,0.0,2
"[{'2021'}, {'2003'}]",0.12235839272863028,91,0.04142346647796452,0.2546562124733572,0.21323274599539266,54,37,0.20361419025345887,0.1746257049492131,6785,1,0.0,2
[{'2097'}],0.12235546149597167,854,0.06618350496904443,0.27927157912025186,0.21308807415120742,463,391,0.2393957921387684,0.1874186951992717,6785,1,0.0,2
[{'3287'}],0.12235501674711674,504,0.021703921971947204,0.27029140124953277,0.24858747927758557,296,208,0.2207449829377151,0.19989762419828114,6785,1,0.0,2
"[{'1055'}, {'1012'}]",0.1223502671948836,383,0.058436069610841884,0.26461074080797703,0.20617467119713515,202,181,0.21622518466028648,0.18888455911003155,6785,1,0.0,2
"[{'1998'}, {'2054'}]",0.1223476219042862,61,0.015021885342057367,0.21315214796257867,0.1981302626205213,28,33,0.13064907404509107,0.16309787525518601,6785,1,0.0,2
"[{'1999'}, {'1996'}]",0.12234759429309343,1234,0.03720955569173706,0.2634256249131245,0.22621606922138743,688,546,0.2272791185308696,0.19012192332537542,6785,1,0.0,2
"[{'2308'}, {'1037'}]",0.12234238658198322,84,0.03229676386002789,0.26377916568890214,0.23148240182887425,40,44,0.2326538392136886,0.19207794214849302,6785,1,0.0,2
"[{'2931'}, {'1012'}]",0.12234006728291039,121,0.02255298284594129,0.2719861870735056,0.2494332042275643,72,49,0.2326821786974433,0.18395646036582633,6785,1,0.0,2
"[{'1007'}, {'1010'}]",0.12233827823833364,150,0.021054629320860274,0.2738346704438831,0.2527800411230228,89,61,0.23082322587661724,0.20510615377847974,6785,1,0.0,2
"[{'2054'}, {'1996'}]",0.12233780902786617,151,0.06358249483116546,0.26640502821250134,0.20282253338133588,83,68,0.2186769720185705,0.18243347054118084,6785,1,0.0,2
"[{'2007'}, {'2308'}]",0.12233461123428399,98,0.09652162924231517,0.30468972785664455,0.2081680986143294,56,42,0.25642151194637725,0.16368651320442393,6785,1,0.0,2
"[{'2273'}, {'1012'}]",0.12233408711005757,226,0.035277105093430655,0.26265823631351737,0.2273811312200867,119,107,0.22663747457155498,0.18531822134176404,6785,1,0.0,2
"[{'2123'}, {'1005'}, {'1056'}, {'1996'}]",0.12233248072934419,64,0.09425436934312664,0.303406344877707,0.20915197553458037,37,27,0.2671161033827135,0.14995071772709267,6785,1,0.0,2
"[{'1012'}, {'2113'}]",0.12233127563593092,68,0.047537667624645674,0.2569547430952875,0.2094170754706418,41,27,0.2190929227764146,0.18436395036567826,6785,1,0.0,2
[{'2667'}],0.12232905324988147,136,0.10839396556019262,0.30672488746143156,0.19833092190123894,62,74,0.23707735310135836,0.15847221835415884,6785,1,0.0,2
"[{'2000'}, {'2031'}]",0.1223269255221527,216,0.041036217566677025,0.2640528103000805,0.22301659273340346,122,94,0.22626236495334545,0.17496210860339398,6785,1,0.0,2
"[{'1010'}, {'2024'}]",0.12232426059474244,284,0.07950873333936367,0.288721478352808,0.2092127450134443,146,138,0.23232393387509953,0.16232206613435463,6785,1,0.0,2
"[{'2122'}, {'2308'}]",0.12232141682257439,128,0.08583330917974996,0.2699299778403907,0.18409666866064073,58,70,0.254655160878387,0.15035358555958808,6785,1,0.0,2
[{'2627'}],0.12231908018489383,104,0.045995793985328576,0.2655694900971392,0.21957369611181063,46,58,0.22466132364333405,0.16489711757466444,6785,1,0.0,2
[{'2500'}],0.12231196926063582,155,0.07222869226605422,0.26996012288448096,0.19773143061842674,77,78,0.2165242152126436,0.17124337841458984,6785,1,0.0,2
"[{'2055'}, {'1996'}]",0.12231164421099314,268,0.08742499485233071,0.2742098049074411,0.1867848100551104,150,118,0.20643346512461389,0.14552879612505834,6785,1,0.0,2
[{'2457'}],0.12230809088974268,84,0.019383210485631797,0.2729577405208891,0.2535745300352573,44,40,0.22479150753072696,0.18827374735994354,6785,1,0.0,2
"[{'2004'}, {'1996'}]",0.12230258874579028,196,0.01830129203158365,0.27900009983778,0.26069880780619636,125,71,0.22055226202847333,0.21836942502520415,6785,1,0.0,2
"[{'1999'}, {'2008'}]",0.12230247271691595,95,0.01957575526754879,0.2480143827776755,0.2675901380452243,62,33,0.23496178724482472,0.25549880061918984,6785,1,0.0,2
"[{'2035'}, {'1996'}]",0.1222947121033272,317,0.11925241482493121,0.30529275369879444,0.18604033887386323,152,165,0.24099927945611127,0.1620982253477538,6785,1,0.0,2
[{'2067'}],0.12229314477008253,266,0.09280412843951996,0.3004680279700551,0.20766389953053516,128,138,0.24547051989227414,0.17482577433286214,6785,1,0.0,2
[{'4140'}],0.12229282151381246,64,0.038996846550405945,0.25751160700684006,0.21851476045643412,23,41,0.17211259632895162,0.1715286487791796,6785,1,0.0,2
"[{'1012'}, {'1012'}, {'1005'}]",0.12228695399103685,81,0.02556015548361093,0.26377692605767933,0.2382167705740684,42,39,0.2214449235675605,0.20163439687294404,6785,1,0.0,2
"[{'2308'}, {'1055'}, {'2916'}]",0.12228637872883237,78,0.043494096989944525,0.25468244377610294,0.21118834678615842,43,35,0.22409354806630818,0.2206549213801479,6785,1,0.0,2
"[{'2003'}, {'2053'}]",0.12228057748809729,165,0.04672277079248552,0.2616105439204178,0.2148877731279323,89,76,0.19614395146422328,0.1821968535595044,6785,1,0.0,2
[{'2205'}],0.12228028751721857,370,0.10515996421529364,0.3072857808114754,0.20212581659618176,180,190,0.24371388747614572,0.1715237920255866,6785,1,0.0,2
"[{'1005'}, {'2310'}]",0.12227910809272666,211,0.08858226540789318,0.29579866301305224,0.20721639760515906,101,110,0.22744716862374542,0.16067077401804042,6785,1,0.0,2
[{'3477'}],0.12226362569480147,131,0.013720667175597834,0.18980576801631185,0.17608510084071402,72,59,0.1982169405554343,0.14882225054949264,6785,1,0.0,2
"[{'1005'}, {'1055'}, {'2008'}]",0.12225223087333766,68,0.014417966556850598,0.20769969015209763,0.19328172359524703,27,41,0.15695942586624617,0.16647182661833712,6785,1,0.0,2
[{'2024'}],0.12224456307390806,2643,0.09207195559394105,0.2997110299517711,0.20763907435783008,1350,1293,0.24715951412153214,0.18024416673230273,6785,1,0.0,2
"[{'1010'}, {'2123'}, {'1005'}, {'1056'}]",0.12223716804590727,105,0.09033389139528339,0.2977991324375596,0.20746524104227623,57,48,0.23828289212956963,0.16239185301859843,6785,1,0.0,2
[{'2046'}],0.12223412602687356,442,0.0969331545493991,0.30359424129802715,0.20666108674862804,221,221,0.24221111091562506,0.16266062211538565,6785,1,0.0,2
"[{'2025'}, {'2031'}]",0.12223203709311446,90,0.028064692963257448,0.24314158271048583,0.21507688974722838,51,39,0.19238024978125529,0.15136311319751075,6785,1,0.0,2
"[{'1996'}, {'1012'}, {'1012'}]",0.12222361724872682,106,0.03051209004063693,0.25091073961396304,0.2203986495733261,56,50,0.17836350691406147,0.17504586378503037,6785,1,0.0,2
"[{'2030'}, {'1996'}]",0.12222348617451265,123,0.013327599175878446,0.29255080283493606,0.2792232036590576,74,49,0.21855880186664509,0.21347513342871788,6785,1,0.0,2
"[{'1010'}, {'2009'}]",0.1222229907138627,524,0.03347024679770991,0.263319741184562,0.22984949438685207,303,221,0.23422557645420786,0.18335871291575773,6785,1,0.0,2
"[{'2084'}, {'1012'}]",0.12221728649360293,100,0.016815496536974728,0.248310122710581,0.26512561924755573,52,48,0.24005130807871367,0.20856631093856895,6785,1,0.0,2
"[{'2057'}, {'1005'}]",0.1222137531625648,176,0.056377722813018255,0.2681530354430481,0.21177531263002983,98,78,0.19742561647001824,0.1654410594963616,6785,1,0.0,2
"[{'1997'}, {'1010'}]",0.1222136144824793,418,0.06327485628046889,0.27564398425183895,0.21236912797137006,254,164,0.22131231084539996,0.1661763385112437,6785,1,0.0,2
"[{'2003'}, {'1996'}, {'1997'}]",0.1222131285137736,94,0.11900089439218756,0.3065577783332816,0.18755688394109407,58,36,0.2546406866589111,0.17208444732776645,6785,1,0.0,2
"[{'1011'}, {'1998'}]",0.1222044708492346,141,0.04743936333926696,0.2679890360505808,0.22054967271131382,84,57,0.24379986872536002,0.19935663161882736,6785,1,0.0,2
[{'2165'}],0.12220352194432346,81,0.059906141951047764,0.2730059504795533,0.21309980852850552,52,29,0.2108219436231919,0.20109244616651625,6785,1,0.0,2
"[{'1007'}, {'1998'}]",0.12220120136364225,107,0.07378368710696825,0.27116921347267225,0.197385526365704,53,54,0.21614308050241898,0.10507912223647531,6785,1,0.0,2
[{'2265'}],0.12219965215717248,140,0.09753026595073089,0.30372871517070704,0.20619844921997615,70,70,0.23732757202740073,0.1765880933327727,6785,1,0.0,2
"[{'2021'}, {'1996'}]",0.12219344965247031,167,0.027433362649152387,0.2411818896584651,0.2137485270093127,85,82,0.20175854150097502,0.141669879778244,6785,1,0.0,2
"[{'1996'}, {'2024'}]",0.12219185416285153,124,0.03055068588958529,0.2613200715077775,0.23076938561819219,70,54,0.2233514767257791,0.21475192665076914,6785,1,0.0,2
"[{'1010'}, {'1998'}]",0.12216951401217255,1468,0.07315171345036911,0.2827867046096222,0.20963499115925308,763,705,0.2309187237719408,0.17553156326667316,6785,1,0.0,2
[{'2404'}],0.1221646066899086,223,0.08386520206363562,0.2739234597135622,0.19005825764992657,104,119,0.21335949711593116,0.1656347255037006,6785,1,0.0,2
"[{'1996'}, {'2450'}]",0.12215636668117291,330,0.04428268718519471,0.26016908026607344,0.21588639308087873,179,151,0.20289635413992466,0.18719214619519287,6785,1,0.0,2
[{'2000'}],0.1221489346171268,4853,0.07799514489640277,0.2869030824643007,0.2089079375678979,2551,2302,0.23598060510536098,0.18481199498413878,6785,1,0.0,2
"[{'2003'}, {'1010'}]",0.12214892345609589,215,0.045045670649295544,0.2630543816925549,0.21800871104325936,123,92,0.2165907119572776,0.1838116503087723,6785,1,0.0,2
"[{'2000'}, {'2022'}, {'1037'}]",0.12214477913381738,118,0.05176256773754573,0.26904704856375855,0.21728448082621282,66,52,0.24331030371689552,0.21151668995670997,6785,1,0.0,2
"[{'2011'}, {'1012'}]",0.12214163257608655,103,0.09166050812398846,0.27553595060651953,0.18387544248253107,55,48,0.21291156917252577,0.13230727420912616,6785,1,0.0,2
"[{'2004'}, {'1000'}]",0.12212969814917593,87,0.021947624161839457,0.26221956064303714,0.24027193648119768,39,48,0.2076432198989187,0.19376673559423757,6785,1,0.0,2
"[{'1005'}, {'1056'}, {'2000'}]",0.1221256551639048,187,0.041340133621432296,0.25779046550393103,0.21645033188249874,100,87,0.20659335947857044,0.18400667464838674,6785,1,0.0,2
"[{'2298'}, {'2012'}]",0.12212222188226864,86,0.03628035719963271,0.2603591198964817,0.22407876269684898,41,45,0.2250983248289014,0.22245577661708443,6785,1,0.0,2
"[{'1010'}, {'2003'}]",0.12211580068838333,496,0.0756449244991727,0.28480497884836437,0.20916005434919166,277,219,0.2328065457296361,0.18012174244460263,6785,1,0.0,2
[{'1024'}],0.1221140318627811,687,0.022441070073236397,0.26516020105731103,0.24271913098407463,403,284,0.22039335941263447,0.19744950280265847,6785,1,0.0,2
"[{'1005'}, {'1055'}, {'1010'}]",0.12210781324401114,187,0.05900776194152882,0.2734182036171357,0.21441044167560688,102,85,0.24734531008028243,0.1759705154531027,6785,1,0.0,2
"[{'2008'}, {'1010'}]",0.12210659707339705,218,0.0840937501012638,0.29254764103889463,0.20845389093763084,125,93,0.2453932759392766,0.15585327249211825,6785,1,0.0,2
"[{'2308'}, {'2025'}]",0.12210589742918813,149,0.08187951132367643,0.2905015872745979,0.20862207595092147,82,67,0.24462866877626765,0.18599587548024996,6785,1,0.0,2
"[{'1012'}, {'1012'}, {'1998'}]",0.12210249295683227,104,0.05011923814813293,0.2663144278526306,0.21619518970449766,50,54,0.23061929557044503,0.18468632097416554,6785,1,0.0,2
"[{'1012'}, {'1012'}, {'1012'}, {'1012'}]",0.12210157464755753,406,0.07752021459347008,0.2726349193081646,0.1951147047146945,193,213,0.21703226542450824,0.1624558166570266,6785,1,0.0,2
"[{'1999'}, {'2037'}]",0.12209783189647494,128,0.016990792418251077,0.2767120868301214,0.2597212944118703,67,61,0.23308028470401032,0.21483977886886071,6785,1,0.0,2
"[{'1005'}, {'1055'}, {'1012'}]",0.12208785202001393,315,0.06283965620464471,0.26800274992218387,0.20516309371753916,169,146,0.22046298985753554,0.1900040376785603,6785,1,0.0,2
"[{'1012'}, {'2025'}]",0.12208467913751311,177,0.05475968280993118,0.26448687893294154,0.20972719612301036,84,93,0.22221529536412363,0.16334402150255994,6785,1,0.0,2
"[{'1999'}, {'1010'}]",0.12208223290302926,299,0.01744153642759433,0.2752874970515782,0.25784596062398385,187,112,0.21578189628153643,0.21944239288907888,6785,1,0.0,2
"[{'1010'}, {'2123'}, {'1005'}]",0.12207641640528274,108,0.08917862361104326,0.29599796807200746,0.2068193444609642,58,50,0.2366108872195673,0.15991654021211713,6785,1,0.0,2
[{'3308'}],0.12207399811634946,190,0.09330487861112047,0.299395116150714,0.20609023753959355,89,101,0.23380457004856883,0.1593100421595457,6785,1,0.0,2
"[{'2015'}, {'1996'}]",0.12207258682185905,175,0.08645544992431292,0.29390688156813716,0.20745143164382424,89,86,0.24245064648032866,0.1638753236875469,6785,1,0.0,2
"[{'1056'}, {'2000'}]",0.12207193224805993,192,0.047226731619843254,0.26248002682740873,0.21525329520756548,104,88,0.20904736831608464,0.18329856287340746,6785,1,0.0,2
"[{'2008'}, {'2273'}]",0.12206824654820272,83,0.04869013075651815,0.26533649229379586,0.2166463615372777,43,40,0.23138313501785693,0.18334741484995037,6785,1,0.0,2
"[{'1012'}, {'2006'}]",0.1220544293082193,103,0.1054364665188261,0.306147960071661,0.2007114935528349,49,54,0.24457870114865116,0.15515368056973888,6785,1,0.0,2
"[{'1011'}, {'1011'}, {'1011'}]",0.12204681617090962,146,0.026046430436404894,0.26634963904763315,0.24030320861122825,91,55,0.24085327408510693,0.17630668162603283,6785,1,0.0,2
"[{'1000'}, {'2009'}]",0.12204078380052706,115,0.022568444248539987,0.26596168964875466,0.24339324540021468,66,49,0.23240081596642903,0.17969254200675788,6785,1,0.0,2
"[{'2062'}, {'2000'}]",0.12201791180466273,83,0.031586604856554096,0.26282411192854244,0.23123750707198834,54,29,0.22948429812271245,0.1676817276273358,6785,1,0.0,2
"[{'1010'}, {'2123'}]",0.1220070216647636,112,0.0887101250877863,0.2951596480936317,0.2064495230058454,59,53,0.23468399986009209,0.1573106644581238,6785,1,0.0,2
"[{'1996'}, {'1997'}]",0.12200201996929502,1478,0.023388738256890113,0.2627836003631889,0.23939486210629876,835,643,0.22544781441563216,0.20714316789864973,6785,1,0.0,2
"[{'1998'}, {'2061'}]",0.12199827805770025,63,0.019665611325763166,0.2259474197635427,0.24561303108930588,32,31,0.21338472440603892,0.21957610785584525,6785,1,0.0,2
[{'2027'}],0.12199672723999959,1810,0.09099679144208622,0.2975381932582027,0.20654140181611647,927,883,0.243979826684239,0.18062689324693168,6785,1,0.0,2
[{'2242'}],0.12199435003773725,222,0.058444358234413296,0.26709049763648135,0.20864613940206805,133,89,0.21269187911143256,0.18207770791371694,6785,1,0.0,2
"[{'1012'}, {'2027'}]",0.1219940358641051,415,0.07923482082152478,0.2878645101516712,0.20862968933014642,205,210,0.2487319848291415,0.18186925623822245,6785,1,0.0,2
"[{'2308'}, {'2004'}]",0.12198262453889076,111,0.05661068930033042,0.2647741602614839,0.2081634709611535,47,64,0.23057672162072568,0.19432552868024022,6785,1,0.0,2
[{'2769'}],0.12196965908146193,198,0.0597653518383533,0.2723368049551875,0.21257145311683417,118,80,0.23209830840204146,0.1760390888144147,6785,1,0.0,2
"[{'1999'}, {'2000'}]",0.12196589128781349,132,0.013906552839196396,0.255280342625661,0.2691868954648574,72,60,0.22725792177881723,0.22440958215662998,6785,1,0.0,2
"[{'3287'}, {'2931'}]",0.12196328724697446,102,0.024917135259719836,0.26386276677702414,0.2389456315173043,66,36,0.22402088694151184,0.19362647492974222,6785,1,0.0,2
"[{'1998'}, {'2008'}]",0.12196016201195453,237,0.10156728546611832,0.28520379520784644,0.18363650974172813,133,104,0.2326493927815669,0.13114472590263557,6785,1,0.0,2
[{'2178'}],0.12195743801233933,265,0.06156632651169466,0.27436094210689305,0.21279461559519838,131,134,0.25232204316453316,0.17719162675552533,6785,1,0.0,2
[{'2273'}],0.12195248181399572,1408,0.07916270840330822,0.28738392475363495,0.20822121635032673,770,638,0.242966597317211,0.18173820508298336,6785,1,0.0,2
"[{'1996'}, {'2027'}]",0.12194739593166778,69,0.01889974565730637,0.23401288217619845,0.2529126278335048,38,31,0.1938377653985525,0.2429435400667909,6785,1,0.0,2
"[{'1012'}, {'2005'}]",0.12194655865762934,187,0.014581754598766539,0.2549101426266134,0.2694918972253799,112,75,0.22239033222910018,0.2334274746752087,6785,1,0.0,2
[{'2062'}],0.12194320714864414,870,0.026367756123349406,0.26026983624514266,0.23390208012179325,490,380,0.2282255279891359,0.20420369497288102,6785,1,0.0,2
"[{'1996'}, {'2005'}]",0.12193430199360522,179,0.025997626195791407,0.23771737821400166,0.21171975201821025,100,79,0.22065672579970663,0.16761792547539406,6785,1,0.0,2
[{'2088'}],0.12193398027343046,318,0.05589221975525968,0.2653062548839821,0.2094140351287224,159,159,0.23243434361666568,0.17891587758468278,6785,1,0.0,2
"[{'1010'}, {'2009'}, {'1005'}, {'1055'}]",0.12192996054705052,143,0.02663977194336878,0.24407177423792226,0.21743200229455348,70,73,0.20220051614521914,0.19367327601387024,6785,1,0.0,2
"[{'2308'}, {'2022'}]",0.12192902240708829,93,0.015572422420973064,0.2785547806861553,0.26298235826518224,47,46,0.23849538938178394,0.2275070040815997,6785,1,0.0,2
"[{'1012'}, {'2028'}]",0.12191931857509317,152,0.017591107571593184,0.2641031511209823,0.24651204354938913,91,61,0.19763989315768044,0.1880485399440511,6785,1,0.0,2
"[{'1010'}, {'2009'}, {'1005'}]",0.12191566211433824,179,0.049287281176818215,0.26252709669611785,0.21323981551929963,93,86,0.22822180628450697,0.19218473187218926,6785,1,0.0,2
"[{'1998'}, {'2273'}]",0.12191309809684582,118,0.05395521329623726,0.26736705388818216,0.2134118405919449,67,51,0.2279298811608651,0.18711817166277575,6785,1,0.0,2
"[{'1012'}, {'2064'}]",0.121895372257736,195,0.08708907927994086,0.2928873606558357,0.20579828137589484,98,97,0.2277528505810507,0.17184213285351813,6785,1,0.0,2
"[{'1000'}, {'2017'}]",0.1218919411690715,118,0.0800554140738246,0.286676030330084,0.20662061625625938,54,64,0.22287620155421375,0.16993470087410253,6785,1,0.0,2
[{'2073'}],0.12188801465803702,431,0.022866684414887012,0.2599035037297105,0.23703681931482348,252,179,0.21508265241519986,0.19279186778295407,6785,1,0.0,2
"[{'2000'}, {'1029'}]",0.12188387923988803,88,0.0796856026320408,0.27253719970273477,0.19285159707069396,48,40,0.24088151952751208,0.17763785712645708,6785,1,0.0,2
"[{'1997'}, {'1996'}, {'1012'}]",0.1218825018723353,164,0.030827063507507052,0.25987461622000907,0.22904755271250202,102,62,0.2288676886477329,0.2153415506889972,6785,1,0.0,2
"[{'2061'}, {'1010'}]",0.12188211796400819,155,0.01926417622715232,0.2658658543601632,0.24660167813301087,80,75,0.2284601464196905,0.2132789034192941,6785,1,0.0,2
[{'2323'}],0.12188012300380277,729,0.06817615805985991,0.2710094965067963,0.20283333844693638,378,351,0.22491497906840138,0.17022817072904,6785,1,0.0,2
[{'2038'}],0.12187288608136349,1091,0.08772616297786393,0.29390656883588107,0.20618040585801714,566,525,0.2386213791014888,0.17158969557562817,6785,1,0.0,2
"[{'1998'}, {'1996'}, {'1997'}]",0.12186773311054622,71,0.07893974570845202,0.27286250480427976,0.19392275909582773,41,30,0.23210859339618142,0.16981361248785384,6785,1,0.0,2
"[{'2308'}, {'1000'}]",0.12186422475746644,126,0.03478110191068162,0.2587573071511892,0.2239762052405076,65,61,0.23596101316608428,0.19347403645072436,6785,1,0.0,2
"[{'1997'}, {'2308'}]",0.12186128776776074,581,0.07605968706878657,0.2841337423485059,0.20807405527971934,312,269,0.23963778590341892,0.19329411234578545,6785,1,0.0,2
"[{'2000'}, {'1999'}]",0.1218610278868119,191,0.0743801465778263,0.28347613454117615,0.20909598796334986,118,73,0.23897025096028465,0.18476692547477747,6785,1,0.0,2
"[{'2004'}, {'2000'}]",0.12184547392316238,77,0.018821279946890618,0.264650930196811,0.2458296502499204,39,38,0.22313452301805828,0.2108999279942873,6785,1,0.0,2
"[{'2342'}, {'2000'}]",0.12183829136984894,219,0.055472363788557744,0.2672632690678295,0.21179090527927175,117,102,0.22367963039631256,0.20175630092205038,6785,1,0.0,2
"[{'1997'}, {'2256'}]",0.12183305691686287,102,0.07911431509498001,0.27333776876330373,0.19422345366832372,65,37,0.21744165420657255,0.17165408239857086,6785,1,0.0,2
"[{'1005'}, {'1055'}]",0.12182202488574066,2537,0.0941243227406405,0.2994785916779025,0.20535426893726197,1306,1231,0.24308987821506564,0.1779761381081525,6785,1,0.0,2
[{'4748'}],0.12181875725466838,68,0.0709938780249407,0.2741297676693648,0.2031358896444241,32,36,0.2020048851093569,0.18866075451500333,6785,1,0.0,2
"[{'1998'}, {'2931'}]",0.12181555024450083,68,0.0660172475501895,0.26716247480362654,0.20114522725343703,48,20,0.2210815041216545,0.15700095426836516,6785,1,0.0,2
"[{'2009'}, {'1037'}]",0.12181425092869225,199,0.013318614964427933,0.2566516402742413,0.26997025523866924,122,77,0.2167170206217522,0.22251581219700534,6785,1,0.0,2
"[{'1996'}, {'2008'}]",0.1218064923397672,362,0.05987844375927337,0.26889258281477374,0.20901413905550037,193,169,0.22379431738806688,0.17649892799205882,6785,1,0.0,2
"[{'4995'}, {'1005'}]",0.12179959264366669,113,0.05529743871295739,0.2682760949017572,0.2129786561887998,61,52,0.24114070776830224,0.19278490582288044,6785,1,0.0,2
"[{'4995'}, {'1005'}, {'1056'}]",0.12179959264366669,113,0.05529743871295739,0.2682760949017572,0.2129786561887998,61,52,0.24114070776830224,0.19278490582288044,6785,1,0.0,2
"[{'1996'}, {'2001'}]",0.12179271222634924,130,0.01052645605344038,0.273766567500738,0.2842930235541784,65,65,0.2089367776227336,0.22219457483212438,6785,1,0.0,2
[{'2488'}],0.12178902928154098,240,0.03017986413188606,0.2560819442505422,0.22590208011865615,115,125,0.22410178453855414,0.1953431753867426,6785,1,0.0,2
"[{'1012'}, {'2054'}]",0.12178475255142167,335,0.0818743848021071,0.28844876203905134,0.20657437723694425,170,165,0.23808708486470692,0.1759972796540863,6785,1,0.0,2
"[{'2009'}, {'1005'}]",0.12177172508327284,829,0.08169669400143661,0.2882989216640771,0.2066022276626405,415,414,0.23935436395781043,0.1784117123934714,6785,1,0.0,2
"[{'1010'}, {'2926'}]",0.12176903687065826,60,0.06162033235055528,0.27119697688613087,0.2095766445355756,32,28,0.22306034070875208,0.16816828169825432,6785,1,0.0,2
"[{'2000'}, {'1012'}]",0.12175746267589369,555,0.06596197345471247,0.2751532196638084,0.20919124620909593,310,245,0.23166032583335083,0.17848927488809127,6785,1,0.0,2
"[{'1005'}, {'1055'}, {'1998'}]",0.12175680268783677,100,0.033031267225742345,0.2559090581536293,0.22287779092788695,50,50,0.22504308122248134,0.20996670099945108,6785,1,0.0,2
"[{'1007'}, {'1012'}]",0.12175130390425959,231,0.013549569646478965,0.28291487819789085,0.2693653085514119,136,95,0.22828627784113675,0.23482274019415286,6785,1,0.0,2
"[{'2515'}, {'2025'}]",0.12174750686952536,174,0.031203725087161377,0.24862125051163492,0.21741752542447354,105,69,0.2194082804562379,0.16450714310141856,6785,1,0.0,2
"[{'2064'}, {'2022'}]",0.12174695178352031,152,0.07882890179753305,0.2748299192637205,0.19600101746618748,80,72,0.22120960702803408,0.13961447359961077,6785,1,0.0,2
"[{'2009'}, {'2003'}, {'1037'}]",0.12173743186024844,102,0.029851714657668615,0.25642547209281474,0.22657375743514613,64,38,0.21629808546035198,0.16777715016092465,6785,1,0.0,2
"[{'1999'}, {'2014'}]",0.1217330379349349,86,0.01857409627871376,0.26847815150633836,0.2499040552276246,39,47,0.24593463801002022,0.21485635217378055,6785,1,0.0,2
[{'2296'}],0.1217322641866546,292,0.08458391714252922,0.2753254263416717,0.19074150919914246,152,140,0.2317047596946372,0.17433825421514346,6785,1,0.0,2
"[{'2123'}, {'1005'}, {'1056'}, {'2000'}]",0.12173039684097979,89,0.018995528630536024,0.23271312134133446,0.21371759271079843,45,44,0.1930618329766117,0.18669857370239412,6785,1,0.0,2
"[{'1998'}, {'2005'}]",0.12170281664131938,144,0.06369968413242272,0.2706411807132619,0.20694149658083916,70,74,0.22917126073276647,0.17663620077963343,6785,1,0.0,2
[{'10047'}],0.1216992200691666,78,0.10425970931782533,0.304449294742785,0.20018958542495965,38,40,0.24518948929905565,0.183107285070508,6785,1,0.0,2
[{'2967'}],0.12168552733519117,73,0.010507549771720193,0.30289643288061424,0.29238888310889405,37,36,0.2520186746330039,0.20507711119077954,6785,1,0.0,2
[{'1055'}],0.12168107831309724,2737,0.09454249210664392,0.2992131808121558,0.2046706887055119,1396,1341,0.242238465434322,0.17704596258138244,6785,1,0.0,2
"[{'1005'}, {'1056'}, {'2022'}]",0.12167465267957889,104,0.022512996670090907,0.2598015196779941,0.23728852300790318,47,57,0.23583888979232462,0.2242927561321807,6785,1,0.0,2
"[{'2323'}, {'2022'}]",0.12167271388615639,334,0.06949207279974953,0.27275347886230217,0.20326140606255264,173,161,0.22678543335409954,0.16768268360269356,6785,1,0.0,2
[{'2200'}],0.12167151258500186,431,0.032783935958383165,0.2549280769563475,0.22214414099796434,253,178,0.21827969907354064,0.1859763599789605,6785,1,0.0,2
"[{'1010'}, {'2001'}]",0.12166842479989,163,0.011238516281082966,0.28485413653732733,0.27361562025624436,86,77,0.2188858667645014,0.20618198352543468,6785,1,0.0,2
"[{'2003'}, {'1996'}]",0.1216580368375737,648,0.06390309691691348,0.272622628701297,0.20871953178438352,370,278,0.22461527286484662,0.18162192481402392,6785,1,0.0,2
"[{'1012'}, {'1996'}, {'1997'}]",0.1216555839938304,136,0.01660346619336983,0.22055338566501936,0.2371568518583892,75,61,0.20085596571675465,0.2078591386141117,6785,1,0.0,2
"[{'2045'}, {'2003'}, {'2053'}]",0.12165446750165941,104,0.025248407896433595,0.247507554671121,0.22225914677468742,63,41,0.1763189217259988,0.18865647122453658,6785,1,0.0,2
[{'1013'}],0.12164568872620174,449,0.01758577763561131,0.2661085241113814,0.2485227464757701,261,188,0.23090458840887834,0.2070565001052736,6785,1,0.0,2
"[{'1045'}, {'1005'}, {'1040'}]",0.1216418636231762,70,0.09111750422934303,0.2959532158242332,0.20483571159489014,36,34,0.24082134401753824,0.1766053608350545,6785,1,0.0,2
"[{'1012'}, {'1012'}, {'1012'}, {'1012'}, {'1012'}, {'1012'}]",0.12164002095150057,120,0.08731185034237698,0.29265546648261637,0.20534361614023938,52,68,0.2378543295271114,0.16420212401610543,6785,1,0.0,2
[{'2071'}],0.12162859404194866,406,0.0181808503441849,0.2616022316060055,0.24342138126182059,214,192,0.2230694511304095,0.212920446256812,6785,1,0.0,2
"[{'1056'}, {'2031'}]",0.1216070086684379,143,0.0775700357702433,0.2753203566021779,0.1977503208319346,68,75,0.22337615240821737,0.1397368857907679,6785,1,0.0,2
"[{'1012'}, {'1012'}, {'1012'}, {'1000'}]",0.12158981804456145,76,0.01443138363352725,0.2701699954012166,0.25573861176768936,46,30,0.21560106695836942,0.209354525809819,6785,1,0.0,2
"[{'1010'}, {'2009'}, {'2003'}]",0.12158600777662115,120,0.0195763794291616,0.26894774178906183,0.24937136235990023,82,38,0.23785614352955609,0.18198242426452899,6785,1,0.0,2
"[{'2066'}, {'1012'}]",0.1215846978618877,91,0.06832670665669682,0.2711816617520526,0.20285495509535578,32,59,0.22915921945851217,0.18980934854052223,6785,1,0.0,2
[{'3209'}],0.1215824992481593,193,0.09117952498857693,0.27776976186101154,0.18659023687243462,93,100,0.22431207348642934,0.15056620065037496,6785,1,0.0,2
"[{'1997'}, {'1005'}]",0.12158015969672058,129,0.019627627360172206,0.25750191341484746,0.23787428605467525,62,67,0.18649634895723444,0.218311837349206,6785,1,0.0,2
"[{'1998'}, {'1012'}]",0.12157139856120988,532,0.08375214162796116,0.27560458567007123,0.19185244404211008,273,259,0.24077459977247262,0.1664029923472816,6785,1,0.0,2
"[{'2129'}, {'2000'}]",0.12156359070130456,63,0.028498706381235805,0.24822016033743108,0.21972145395619527,28,35,0.22021236106304476,0.22483094315895122,6785,1,0.0,2
"[{'2007'}, {'1037'}]",0.12156096921958982,300,0.06836027631337474,0.27616244351081815,0.2078021671974434,141,159,0.23824743798506362,0.1578372744046592,6785,1,0.0,2
"[{'1996'}, {'1999'}]",0.12155041480398346,222,0.02666900332092076,0.24986708037150923,0.22319807705058847,129,93,0.20056720081582485,0.17839021284919337,6785,1,0.0,2
"[{'2068'}, {'2000'}]",0.12154851983981395,80,0.0795576817801465,0.27594279716520204,0.19638511538505554,46,34,0.2209577175412054,0.14371888940867775,6785,1,0.0,2
"[{'1010'}, {'2129'}]",0.12154288605481912,71,0.018218016618537503,0.23461817225648296,0.21640015563794546,36,35,0.17572177885269347,0.1933283551001671,6785,1,0.0,2
"[{'2023'}, {'1012'}]",0.12153926341687776,261,0.06516650412892194,0.2734153186968455,0.20824881456792355,141,120,0.23605113383416615,0.18176458339485024,6785,1,0.0,2
[{'2279'}],0.12153306578338965,115,0.07765744011312983,0.2739385032259366,0.19628106311280677,68,47,0.2430830360387722,0.1472916108945405,6785,1,0.0,2
"[{'2003'}, {'1000'}]",0.12152595013559524,121,0.014473960976017941,0.2668517305162446,0.25237776954022667,58,63,0.219364771601307,0.19219881424212806,6785,1,0.0,2
[{'2051'}],0.12152385761541518,508,0.08042742893295851,0.27614100407809017,0.19571357514513166,280,228,0.2255146680007188,0.1824177900968166,6785,1,0.0,2
"[{'1998'}, {'2024'}]",0.12151750521645813,201,0.08687260022277518,0.2923787546434761,0.20550615442070094,113,88,0.25330174212834244,0.19473434585540036,6785,1,0.0,2
"[{'1012'}, {'2308'}]",0.12149459715952858,342,0.02909765384718674,0.25166276176559166,0.22256510791840492,188,154,0.21797012906574975,0.2004590857115084,6785,1,0.0,2
"[{'1012'}, {'2339'}]",0.12149341765007426,147,0.08731548421661861,0.29048051673806075,0.20316503252144213,66,81,0.20504079200304992,0.16740829991408362,6785,1,0.0,2
"[{'1997'}, {'2023'}]",0.1214877398413397,123,0.017935110732818477,0.22887071852962818,0.2109356077968097,62,61,0.21474142407888772,0.1952498140516563,6785,1,0.0,2
"[{'1010'}, {'4385'}, {'1012'}]",0.12148212186272336,122,0.019360882829115605,0.2565167334790413,0.2371558506499257,65,57,0.22021737306729014,0.20671444308122916,6785,1,0.0,2
"[{'2008'}, {'2052'}]",0.12147638949100498,119,0.011331583592383343,0.27168677139150743,0.2830183549838908,68,51,0.22421777269321377,0.26283647750681094,6785,1,0.0,2
"[{'2028'}, {'1996'}]",0.1214745045455211,131,0.01469165280132606,0.2762777478434145,0.26158609504208846,80,51,0.2512042007952445,0.24026297748657283,6785,1,0.0,2
"[{'1010'}, {'2450'}]",0.12146376617291724,114,0.11014910222961921,0.29575668162894697,0.18560757939932776,53,61,0.2523818183120142,0.16222926992015319,6785,1,0.0,2
[{'2288'}],0.12146358450273499,235,0.10895709239165127,0.3031184953545128,0.19416140296286152,111,124,0.2539166772070593,0.15882487325633268,6785,1,0.0,2
"[{'2039'}, {'1996'}]",0.12145602055076034,124,0.020047524283009183,0.2509664668431205,0.23091894256011133,62,62,0.19645150972994094,0.1980125118730727,6785,1,0.0,2
"[{'1996'}, {'2088'}]",0.12144374605271359,223,0.01799664362431197,0.23250387467581918,0.2145072310515072,108,115,0.206658258525252,0.19702727504291123,6785,1,0.0,2
"[{'1045'}, {'1012'}]",0.1214434535181346,93,0.10301104251420101,0.30434318577701397,0.20133214326281296,55,38,0.2587495864173836,0.1552517848393375,6785,1,0.0,2
[{'2121'}],0.12144081793097901,146,0.012456112769537425,0.2143954874681575,0.20193937469862008,70,76,0.18735139877562731,0.15699357623831178,6785,1,0.0,2
[{'1996'}],0.12142656025900316,5531,0.0784579911971566,0.2836530235692525,0.20519503237209588,2856,2675,0.23488239284337345,0.1802721200751802,6785,1,0.0,2
"[{'2027'}, {'1005'}]",0.12141410043757872,285,0.0985903307599457,0.3016343036372411,0.2030439728772954,133,152,0.23794394734455618,0.20131957520489627,6785,1,0.0,2
[{'2175'}],0.12141043054605154,467,0.08920602528862459,0.2926526697504418,0.2034466444618172,233,234,0.22647178507371968,0.18035964919554656,6785,1,0.0,2
"[{'2027'}, {'2000'}]",0.1213995648240051,160,0.01841141928443102,0.2592412596889611,0.2408298404045301,87,73,0.2232844071068346,0.23500766924020683,6785,1,0.0,2
"[{'2060'}, {'1010'}]",0.12139916626974318,75,0.016884506929146004,0.22832330108381982,0.21143879415467381,43,32,0.2075498365627449,0.15897556445809946,6785,1,0.0,2
"[{'1996'}, {'2231'}]",0.12138454029844667,75,0.029148215614825418,0.24830151713908988,0.21915330152426446,47,28,0.23517201057333695,0.21915203641927836,6785,1,0.0,2
"[{'2308'}, {'2020'}]",0.12137718943591436,97,0.017584937347183582,0.2616106478630432,0.24402571051585964,56,41,0.21079567843586744,0.238320692809793,6785,1,0.0,2
"[{'2013'}, {'1012'}]",0.1213746988146582,70,0.080392999274017,0.28475278444789554,0.20435978517387854,37,33,0.2271649242318448,0.1733552159862358,6785,1,0.0,2
"[{'1010'}, {'1996'}, {'1997'}]",0.12137170355033629,96,0.011471752849008338,0.24456876662692853,0.25604051947593687,56,40,0.18943056666286676,0.1926778753329895,6785,1,0.0,2
"[{'1012'}, {'1011'}]",0.12137005027718312,100,0.01277108747487915,0.2714178526907095,0.25864676521583035,56,44,0.2267884875007622,0.22554291552079103,6785,1,0.0,2
[{'3613'}],0.12136608217810507,71,0.10882752222743461,0.3024557847075346,0.19362826248009998,41,30,0.2450877422122078,0.14096953479472676,6785,1,0.0,2
"[{'2065'}, {'2003'}]",0.12136350471208848,73,0.012070174221278818,0.2811812139591392,0.2691110397378604,49,24,0.2238068974858695,0.21339850243839306,6785,1,0.0,2
"[{'1010'}, {'1010'}]",0.12134964015187841,769,0.09058540235967613,0.29426259292052365,0.20367719056084752,369,400,0.24193548448413688,0.16976324720655553,6785,1,0.0,2
"[{'2088'}, {'1012'}]",0.12134824808631893,74,0.08975931603396145,0.2772903005151372,0.18753098448117575,38,36,0.25367744413429716,0.16711929285339522,6785,1,0.0,2
"[{'1006'}, {'1998'}]",0.12132830302849792,106,0.025513365955744993,0.24969364882543169,0.2241802828696867,58,48,0.21645033403598937,0.1975254610876651,6785,1,0.0,2
"[{'2009'}, {'1005'}, {'1055'}, {'2000'}]",0.12132141246157443,79,0.01303923821668751,0.275386422959178,0.26234718474249047,43,36,0.2520867623384857,0.21876973439388867,6785,1,0.0,2
"[{'1037'}, {'2200'}]",0.12132001626329159,90,0.010706304502086483,0.25519643298217226,0.26590273748425874,56,34,0.2065255256068919,0.2003000623844919,6785,1,0.0,2
[{'2449'}],0.1213189785570748,117,0.017612067278641397,0.23206566196324221,0.21445359468460082,67,50,0.21132747343542801,0.19393649278748087,6785,1,0.0,2
"[{'2009'}, {'1055'}]",0.12131445034278847,737,0.08996843924138509,0.29341275565451086,0.20344431641312577,358,379,0.23845521182667512,0.17764297804708623,6785,1,0.0,2
"[{'1011'}, {'1011'}]",0.12131217983296544,412,0.017456543418384263,0.25777887136620636,0.2403223279478221,238,174,0.2256444218809978,0.19350322489501015,6785,1,0.0,2
"[{'1010'}, {'2323'}]",0.12130069918998815,83,0.08102505492652448,0.28605539891488696,0.20503034398836248,49,34,0.245151088819975,0.14776732478493737,6785,1,0.0,2
"[{'2008'}, {'1999'}]",0.12129767678337211,83,0.022117096592909558,0.243503387213922,0.22138629062101245,51,32,0.20921520775200975,0.1991868586605029,6785,1,0.0,2
"[{'2004'}, {'1010'}]",0.12129702885999881,96,0.019345732978903324,0.23429689799936917,0.21495116502046585,52,44,0.22894567108380548,0.16860520940603174,6785,1,0.0,2
"[{'2005'}, {'1012'}]",0.12128594645037832,371,0.08651503869007779,0.29033609902677693,0.20382106033669914,214,157,0.236367871733584,0.1759021686956618,6785,1,0.0,2
[{'2003'}],0.12125721817875035,3872,0.08525297588369987,0.2889765012219669,0.20372352533826701,1972,1900,0.23932790708428137,0.1814497639339622,6785,1,0.0,2
"[{'1010'}, {'2040'}]",0.12125366538668358,182,0.07781034495149336,0.28194757690141486,0.2041372319499215,91,91,0.22839176909579856,0.17453255210391466,6785,1,0.0,2
[{'1010'}],0.12125272134781347,5056,0.08739984833875733,0.2908196276294517,0.20341977929069435,2623,2433,0.23779474070614362,0.1771542836958357,6785,1,0.0,2
"[{'2022'}, {'1012'}]",0.12124418369209043,243,0.02392347206066292,0.25010418171683946,0.22618070965617654,120,123,0.21882332921555894,0.22695804753501003,6785,1,0.0,2
"[{'1037'}, {'2006'}]",0.12123865264163493,83,0.08897838220606005,0.29207984085490063,0.20310145864884058,41,42,0.23563559760055997,0.16913723227572489,6785,1,0.0,2
[{'2045'}],0.12123177728723458,1043,0.012580605877335338,0.2701657879796229,0.25758518210228754,618,425,0.22986292491068966,0.21620862423912246,6785,1,0.0,2
"[{'2009'}, {'1010'}]",0.12123153860570532,179,0.09031251239051649,0.27947728180295817,0.18916476941244167,91,88,0.22717932977449812,0.150328110981789,6785,1,0.0,2
[{'2402'}],0.12122271331433614,286,0.07513209136475757,0.2799452424785772,0.20481315111381965,172,114,0.22927596170537773,0.18208977588319167,6785,1,0.0,2
[{'2064'}],0.12120979409308537,1081,0.09232653858785475,0.2950458948396974,0.20271935625184265,540,541,0.2373846450392652,0.1779527626520305,6785,1,0.0,2
"[{'2241'}, {'2006'}]",0.12120963409394814,82,0.01866729469969869,0.2523888075351715,0.23372151283547282,50,32,0.21189474473993442,0.21068281009633502,6785,1,0.0,2
[{'7397'}],0.12120632805554708,90,0.027104232950430157,0.2508400660008192,0.22373583305038905,52,38,0.23611391390857517,0.19241525939531276,6785,1,0.0,2
"[{'2006'}, {'1996'}, {'1997'}]",0.12120593451398491,81,0.08316382508606349,0.28755931119219613,0.20439548610613265,52,29,0.23570142974493435,0.19817305535908397,6785,1,0.0,2
"[{'1010'}, {'2029'}]",0.12120261112902306,149,0.0179400456608155,0.23648196901930005,0.21854192335848455,95,54,0.19890942721442417,0.18352683130558775,6785,1,0.0,2
"[{'2022'}, {'2000'}]",0.12120226321512426,224,0.07418584803549144,0.27659898976293895,0.2024131417274475,130,94,0.23018300428140082,0.1745928878417053,6785,1,0.0,2
"[{'2052'}, {'1037'}]",0.12120124264199618,86,0.10858210554553399,0.3023008535057306,0.1937187479601966,50,36,0.2602743727519632,0.16061954405941573,6785,1,0.0,2
"[{'1037'}, {'2261'}]",0.12119192816896741,106,0.02434519036038732,0.2481568051645389,0.22381161480415157,65,41,0.2190025188648543,0.16255118876738675,6785,1,0.0,2
[{'2036'}],0.12118526730932846,441,0.0198375874675841,0.25060184049532125,0.23076425302773715,241,200,0.21963350770350723,0.18848367772984684,6785,1,0.0,2
"[{'2008'}, {'2003'}, {'1037'}]",0.12118518085619233,89,0.07267904218770868,0.2746034727121393,0.20192443052443063,48,41,0.263957131373867,0.17134153305776567,6785,1,0.0,2
"[{'2308'}, {'1005'}, {'1055'}]",0.12117409167117454,391,0.021375311752904635,0.24089619633741677,0.21952088458451213,240,151,0.22668743534925193,0.20029307679683295,6785,1,0.0,2
[{'2758'}],0.12116999486286725,171,0.10781071376985527,0.3009967266513807,0.19318601288152545,82,89,0.23785856106120784,0.14168154033994856,6785,1,0.0,2
"[{'1012'}, {'2061'}]",0.12116436277732366,293,0.015131783194471976,0.25451702257168707,0.2393852393772151,145,148,0.21102324816324244,0.20407320419833772,6785,1,0.0,2
[{'2690'}],0.1211488346815658,81,0.10242500040089572,0.3016887166537344,0.1992637162528387,40,41,0.24475686371418254,0.1613741311850326,6785,1,0.0,2
"[{'1012'}, {'2070'}]",0.12113672432555729,78,0.01356456566440023,0.22432795863436616,0.21076339296996593,46,32,0.1990313130180846,0.17548915850732436,6785,1,0.0,2
[{'2144'}],0.12113576253470851,191,0.013955337219653169,0.2244832954743755,0.23843863269402868,107,84,0.20217301060599502,0.20813091572047582,6785,1,0.0,2
[{'1005'}],0.12113500651769471,4110,0.09369943769878417,0.2960846344854715,0.20238519678668734,2066,2044,0.24035665060362263,0.1784406214045865,6785,1,0.0,2
"[{'2009'}, {'1005'}, {'1055'}]",0.12111763805185333,723,0.08960952852508744,0.29215937846563234,0.2025498499405449,355,368,0.23653044779521107,0.17696786059955688,6785,1,0.0,2
[{'1017'}],0.12111571780281613,102,0.012834484072921787,0.22136950325863114,0.23420398733155293,58,44,0.1905459676793252,0.20155576281807805,6785,1,0.0,2
"[{'2005'}, {'1996'}]",0.121112242279602,511,0.0156822119456701,0.23298127726227247,0.21729906531660237,294,217,0.20482554687800947,0.1851963368472186,6785,1,0.0,2
"[{'1010'}, {'2015'}]",0.1210747253785999,95,0.09160078790401652,0.28025273365132947,0.18865194574731295,34,61,0.21417409949707006,0.14259537325719385,6785,1,0.0,2
[{'2034'}],0.12107292523602534,273,0.019704111587988127,0.24903607623109333,0.2293319646431052,158,115,0.21849220452714876,0.19151058024857046,6785,1,0.0,2
"[{'1996'}, {'1000'}]",0.12106448325967764,350,0.014987636374701796,0.2500138615895259,0.23502622521482408,190,160,0.19747151080394812,0.18130933713425496,6785,1,0.0,2
"[{'1011'}, {'1000'}]",0.12106382189795128,84,0.07860513053133958,0.2777436970008744,0.19913856646953484,45,39,0.24636444612654126,0.15224871775276108,6785,1,0.0,2
"[{'1998'}, {'2003'}]",0.12106091724020245,200,0.10286120714101576,0.28999609308583396,0.1871348859448182,105,95,0.23602781113641652,0.14708462797423297,6785,1,0.0,2
"[{'2308'}, {'2031'}]",0.12104305519819114,209,0.0193976450090958,0.24847481341757735,0.22907716840848155,122,87,0.2160872587777341,0.21625726317622726,6785,1,0.0,2
"[{'1037'}, {'2204'}]",0.12104112813701681,103,0.07732931919242372,0.27626043159721625,0.19893111240479253,72,31,0.23057279628446148,0.18646572235517758,6785,1,0.0,2
"[{'1012'}, {'2009'}, {'1005'}]",0.12100976117615891,310,0.0844851046319931,0.28676163246554714,0.20227652783355404,155,155,0.22857109157571973,0.1802800250860369,6785,1,0.0,2
[{'2054'}],0.12100674971833446,1502,0.10046910881976315,0.3010638747240272,0.20059476590426403,751,751,0.2436272266116229,0.1751464638301895,6785,1,0.0,2
"[{'1012'}, {'2045'}, {'2003'}]",0.12100298987041468,116,0.008976965395141812,0.25158541625927366,0.2605623816544155,63,53,0.19876007134506493,0.1972845349387752,6785,1,0.0,2
[{'2969'}],0.12099291052854845,150,0.09537940741117512,0.2968644826539925,0.2014850752428174,70,80,0.2338990523590378,0.17223009084566213,6785,1,0.0,2
[{'1015'}],0.120980800458331,137,0.022735690308587603,0.24811792019990425,0.22538222989131665,79,58,0.2356011783685951,0.17700878980636564,6785,1,0.0,2
[{'3653'}],0.12096668194409667,125,0.012586405058616468,0.2633917547370258,0.25080534967840934,76,49,0.2329817308259386,0.20403871483326572,6785,1,0.0,2
"[{'1996'}, {'1010'}]",0.12096580834622374,683,0.012885196120462045,0.25884447695036245,0.2459592808299004,369,314,0.227395848845068,0.20314000336022556,6785,1,0.0,2
[{'2344'}],0.12096468842662526,69,0.020050420679829345,0.24668055027723312,0.22663012959740378,36,33,0.22287737131979063,0.15698268620040084,6785,1,0.0,2
[{'3291'}],0.12096416765280692,228,0.016776962248100463,0.2541768130648768,0.23739985081677636,132,96,0.2427536320291748,0.18681620830729295,6785,1,0.0,2
"[{'1045'}, {'1037'}]",0.12094862888763112,123,0.0079162339204632,0.29326364175686914,0.28534740783640594,62,61,0.21110092492682717,0.2500230393633759,6785,1,0.0,2
"[{'1000'}, {'2024'}]",0.12094404834906809,69,0.006345341737205912,0.30740880966186523,0.31375415139907115,32,37,0.25994672361828586,0.2621863296329672,6785,1,0.0,2
"[{'2009'}, {'2022'}]",0.1209299357277511,142,0.00932502605441704,0.2549697475300895,0.26429477358450654,81,61,0.22440356208994536,0.22202299927919908,6785,1,0.0,2
"[{'1996'}, {'3484'}]",0.12092166230196394,65,0.007254064291658091,0.2858189652497704,0.2785649009581123,37,28,0.21125264471833455,0.19791952692827178,6785,1,0.0,2
"[{'1996'}, {'1000'}, {'1000'}]",0.12091452984970266,88,0.0119421300480686,0.22426054138276313,0.23620267143083173,45,43,0.20450095817357208,0.18155737268101516,6785,1,0.0,2
"[{'2112'}, {'1997'}]",0.1209141447902596,120,0.009963355944346719,0.2515942956997107,0.2615576516440574,73,47,0.17880645709354415,0.2260851443328165,6785,1,0.0,2
"[{'1012'}, {'1012'}, {'1012'}]",0.12090492040356168,950,0.08588704591888097,0.28761244487538135,0.20172539895650038,465,485,0.22966167204251658,0.17682389976419152,6785,1,0.0,2
"[{'1000'}, {'1996'}]",0.1208980545212155,325,0.013618783382623761,0.25307841097213785,0.23945962758951408,196,129,0.2105888681114774,0.17665859802312572,6785,1,0.0,2
"[{'1012'}, {'1999'}, {'1010'}]",0.120882736034197,63,0.013149236493250893,0.2579958662390709,0.24484662974582,46,17,0.17744107587828642,0.18897304422572286,6785,1,0.0,2
"[{'1010'}, {'2054'}]",0.12087363629506456,127,0.08618199912951657,0.2806228409284976,0.19444084179898102,67,60,0.23632364997865463,0.18154981855442312,6785,1,0.0,2
"[{'2017'}, {'2064'}]",0.12087306955398296,182,0.09976907717359057,0.300659631041513,0.20089055386792243,69,113,0.2359300555669774,0.18279501188578456,6785,1,0.0,2
"[{'2308'}, {'1055'}]",0.12086937233228492,421,0.018533292959597658,0.24223554538298842,0.22370225242339076,261,160,0.22466918413793355,0.20459043507051608,6785,1,0.0,2
"[{'2027'}, {'2025'}]",0.12086670111524102,107,0.08563534295804526,0.2879021625514283,0.20226681959338305,66,41,0.23746179235132134,0.14584577641858576,6785,1,0.0,2
"[{'1012'}, {'2009'}, {'2001'}]",0.1208532406396299,66,0.009100571203117191,0.2851867703720927,0.27608619916897553,40,26,0.2384332664149454,0.26078776929736247,6785,1,0.0,2
"[{'2089'}, {'2022'}]",0.12085184593654881,82,0.013643936051622674,0.22369094492624636,0.23733488097786903,46,36,0.24102486698209583,0.1728225220046052,6785,1,0.0,2
"[{'2000'}, {'2022'}, {'1996'}]",0.12084281899773651,61,0.1116191601789579,0.2995351201332197,0.1879159599542618,41,20,0.22789833131258552,0.1440060678909225,6785,1,0.0,2
"[{'2021'}, {'2025'}]",0.12083697415138193,73,0.010211904297157903,0.21489417207028186,0.22510607636743976,42,31,0.2041477851334727,0.20337444588796905,6785,1,0.0,2
[{'2122'}],0.12083453708162867,601,0.10619964638169399,0.29977119342799774,0.19357154704630375,285,316,0.2469639524348969,0.16611056897990056,6785,1,0.0,2
[{'1037'}],0.12082774808454184,4671,0.09417318027916527,0.2952264014888151,0.20105322120964986,2337,2334,0.24026595364916492,0.17681734728742113,6785,1,0.0,2
"[{'2180'}, {'1005'}]",0.1208271588419525,96,0.08445315435690515,0.28038735870195897,0.19593420434505382,49,47,0.24416021108791988,0.18248231451772026,6785,1,0.0,2
"[{'2180'}, {'1005'}, {'1056'}]",0.1208271588419525,96,0.08445315435690515,0.28038735870195897,0.19593420434505382,49,47,0.24416021108791988,0.18248231451772026,6785,1,0.0,2
"[{'1996'}, {'1005'}]",0.12081507039674141,319,0.07816668120285991,0.2793344178709996,0.2011677366681397,191,128,0.24040382432823723,0.1832652621172062,6785,1,0.0,2
"[{'1996'}, {'2308'}]",0.12078321311250828,419,0.09031052568715484,0.2814889869749032,0.19117846128774837,232,187,0.23804221379460033,0.17235355207154013,6785,1,0.0,2
[{'2048'}],0.1207801260551538,265,0.01099792967240018,0.25806288197636607,0.24706495230396588,145,120,0.22088804728667935,0.2156253741767129,6785,1,0.0,2
"[{'2308'}, {'2040'}]",0.12076517773128485,297,0.10805222463808456,0.296568537688559,0.18851631305047445,157,140,0.2367626089532293,0.14220577817149546,6785,1,0.0,2
"[{'2308'}, {'1005'}]",0.12076224357389916,487,0.015848479096153306,0.2481895116090156,0.23234103251286228,289,198,0.22617961850489124,0.20929523325735636,6785,1,0.0,2
"[{'2079'}, {'2025'}]",0.12073706485629264,214,0.10899016427353392,0.2991522567208148,0.19016209244728088,121,93,0.24660553915345074,0.13226970702917024,6785,1,0.0,2
"[{'1055'}, {'1000'}]",0.1207357178105653,89,0.009360293778368167,0.2696163932213912,0.260256099443023,37,52,0.2369156309833831,0.23028536149610512,6785,1,0.0,2
"[{'1010'}, {'2019'}]",0.12072134287743808,77,0.10803626977452419,0.298832153310863,0.1907958835363388,41,36,0.24026252346790156,0.14959526871859052,6785,1,0.0,2
"[{'2065'}, {'2016'}]",0.12071038334771567,81,0.10564972849153889,0.29833855777978896,0.19268882928825007,40,41,0.2224551525065299,0.14028852767360273,6785,1,0.0,2
"[{'2116'}, {'2308'}]",0.1207008534999111,114,0.014674631764038742,0.24216802644410304,0.2274933946800643,56,58,0.21009033345032563,0.18823281209072334,6785,1,0.0,2
"[{'2031'}, {'2000'}]",0.1206984267118249,282,0.08148437768019748,0.2810898684199501,0.19960549073975262,159,123,0.23517127371470975,0.1618747734778962,6785,1,0.0,2
"[{'2308'}, {'2323'}]",0.12068622946546306,63,0.011404300268207268,0.23099606739623205,0.21959176712802478,35,28,0.20007731912356924,0.1735107060437801,6785,1,0.0,2
"[{'2005'}, {'2273'}]",0.12068413499451651,70,0.10062967077991761,0.3000062160532583,0.19937654527334067,44,26,0.24777708947957103,0.12994193983130972,6785,1,0.0,2
"[{'2008'}, {'2003'}]",0.12066805986676367,526,0.10383079042165708,0.29933941679598847,0.1955086263743314,306,220,0.24918943907353908,0.1569450367635104,6785,1,0.0,2
"[{'1012'}, {'1000'}, {'1045'}]",0.12065279074585374,64,0.007798258543342651,0.26007313714236824,0.2522748785990256,37,27,0.18415627363237863,0.1817226594637112,6785,1,0.0,2
"[{'2046'}, {'1037'}]",0.12059167117961424,84,0.08154738880375514,0.2826003373051301,0.20105294850137498,39,45,0.24196471366583425,0.14649334693612356,6785,1,0.0,2
"[{'1029'}, {'1029'}, {'1029'}]",0.12057318508995829,70,0.09057325105202363,0.28277444667541063,0.192201195623387,26,44,0.22515365894294895,0.17517454881029154,6785,1,0.0,2
"[{'1996'}, {'2391'}]",0.12055864592709593,69,0.006544526679382878,0.27296192253508217,0.2664173958556993,41,28,0.20312615668969117,0.17959855289727372,6785,1,0.0,2
"[{'1996'}, {'1997'}, {'1996'}]",0.12054548171808302,366,0.01231724550933777,0.24630936822308921,0.23399212271375144,217,149,0.21292474269932699,0.20795528281179865,6785,1,0.0,2
"[{'1005'}, {'1010'}]",0.12053309802826041,120,0.011481698899419163,0.24289509229935133,0.23141339339993217,65,55,0.19268933542325797,0.18380441035620332,6785,1,0.0,2
[{'1998'}],0.12052739542118802,4848,0.09547305888964616,0.2952188281077174,0.19974576921807122,2423,2425,0.24157203368196253,0.17370981505320274,6785,1,0.0,2
[{'3531'}],0.1205158798864559,119,0.08920287687415623,0.28946167274067797,0.20025879586652173,60,59,0.24871177904191866,0.18440118853788884,6785,1,0.0,2
"[{'2071'}, {'2022'}]",0.12050688374444997,91,0.00808926053249684,0.2468573388715203,0.25494659940401715,52,39,0.22297009817933913,0.21060632984974315,6785,1,0.0,2
"[{'2024'}, {'1999'}]",0.12049690065262882,143,0.009348541386189735,0.25536625308892397,0.24601771170273423,79,64,0.2236212271426613,0.16417858160209192,6785,1,0.0,2
"[{'1996'}, {'1997'}, {'1998'}]",0.12049405093327879,74,0.00974223878442873,0.21916242786075757,0.2289046666451863,46,28,0.20000565538360485,0.2237242064758986,6785,1,0.0,2
"[{'1037'}, {'1999'}]",0.12047073684561745,188,0.08899317872559426,0.288583519975696,0.19959034125010172,113,75,0.2192632503186284,0.16645183360475424,6785,1,0.0,2
[{'2342'}],0.12046866870316289,386,0.012704784489324245,0.2434647645274497,0.23075998003812545,198,188,0.2214740013763825,0.2129071172593081,6785,1,0.0,2
"[{'1010'}, {'2011'}]",0.12045048521684533,95,0.0066427609467126225,0.2608542626208447,0.26749702356755733,47,48,0.23565070731888108,0.21276711504769963,6785,1,0.0,2
"[{'3475'}, {'1005'}]",0.12044822008852363,164,0.09524964420436816,0.2845271151004867,0.18927747089611857,88,76,0.22602150967768905,0.15290668823031867,6785,1,0.0,2
"[{'3475'}, {'1005'}, {'1056'}]",0.12044822008852363,164,0.09524964420436816,0.2845271151004867,0.18927747089611857,88,76,0.22602150967768905,0.15290668823031867,6785,1,0.0,2
"[{'2079'}, {'1012'}]",0.12044114549036729,126,0.09306904405806435,0.28294667773521864,0.1898776336771543,65,61,0.2680863086919708,0.15803785127161452,6785,1,0.0,2
"[{'2025'}, {'1996'}]",0.12041710189837962,246,0.009725051629331793,0.24924896054074797,0.23952390891141617,142,104,0.20296848593168879,0.21396824621619184,6785,1,0.0,2
"[{'1005'}, {'1056'}, {'2031'}]",0.1204159327805673,138,0.08684877711159453,0.2862935507437214,0.1994447736321269,64,74,0.22564419390693183,0.13991043460625463,6785,1,0.0,2
[{'2089'}],0.12040167296198594,250,0.009898267646706926,0.22708202771891176,0.23698029536561868,153,97,0.21987973017160162,0.18516194123544125,6785,1,0.0,2
"[{'2024'}, {'2308'}]",0.12036852020897082,91,0.0837689814611505,0.282734295568214,0.1989653141070635,52,39,0.2578358657218759,0.12416323927791321,6785,1,0.0,2
"[{'1000'}, {'2000'}]",0.12035006977113792,126,0.004951497983364805,0.27791128555933636,0.28286278354270117,63,63,0.23101691179971093,0.22250966232959388,6785,1,0.0,2
[{'2023'}],0.12032540420470961,2055,0.09039333031445138,0.2894588805059766,0.19906555019152525,1026,1029,0.23661801634213492,0.17679310600482367,6785,1,0.0,2
"[{'2000'}, {'2019'}]",0.12031165173130173,96,0.08869924052327277,0.28830665133216166,0.19960741080888889,55,41,0.25566037712394474,0.15453428238176098,6785,1,0.0,2
[{'3336'}],0.1202882108735913,72,0.010752190356088875,0.2439448996572881,0.23319270930119923,37,35,0.23297221130467616,0.20840836840462215,6785,1,0.0,2
"[{'1996'}, {'1010'}, {'1998'}]",0.12023977888170186,83,0.005951041828470616,0.27133603509929444,0.2653849932708238,45,38,0.24478145435653156,0.2160356730925164,6785,1,0.0,2
"[{'1996'}, {'1005'}, {'1055'}]",0.12023715604148363,246,0.09005814269907664,0.2842740720150128,0.19421592931593618,153,93,0.24460256665915744,0.18026178410706317,6785,1,0.0,2
"[{'2000'}, {'1998'}]",0.12019143830539686,231,0.09136678891562192,0.2853083827305497,0.1939415938149278,127,104,0.23185294643105334,0.16654909388824385,6785,1,0.0,2
"[{'2158'}, {'1012'}]",0.12012020570879604,82,0.005163550435061892,0.20524780092568234,0.20008425049062045,29,53,0.1780356428891238,0.19331975066242438,6785,1,0.0,2
"[{'1010'}, {'2057'}]",0.12004995235422265,210,0.006043662682462203,0.24043066977308347,0.24647433245554567,130,80,0.19402532721183047,0.21216277991464622,6785,1,0.0,2
"[{'1000'}, {'1999'}]",0.12004592816410359,139,0.00608844283634602,0.23271516803652048,0.2388036108728665,72,67,0.19400156036738067,0.17742472718056693,6785,1,0.0,2
"[{'1012'}, {'1012'}]",0.12004199180898559,1282,0.09980692988227086,0.29564281784458507,0.19583588796231421,631,651,0.23640125339062795,0.1709313569027685,6785,1,0.0,2
"[{'1000'}, {'1012'}, {'1012'}]",0.12003490743695838,108,0.0039195026637151575,0.267620385271208,0.2715398879349232,58,50,0.21848600526288595,0.21250972704657572,6785,1,0.0,2
"[{'2228'}, {'2008'}]",0.12002152362916405,103,0.006121626340737735,0.24061261149572916,0.2467342378364669,58,45,0.20448937921063826,0.23310029429201667,6785,1,0.0,2
"[{'2308'}, {'1999'}]",0.12001355424781011,343,0.007823068237914815,0.242825198918581,0.2350021306806662,216,127,0.22143127825109973,0.2196299724597525,6785,1,0.0,2
"[{'1996'}, {'1997'}, {'1037'}]",0.12001260502607825,114,0.0071996406192149365,0.24521097643000464,0.2380113358107897,62,52,0.23307619841911847,0.2058436730042087,6785,1,0.0,2
"[{'1010'}, {'1010'}, {'1998'}]",0.12001023304179097,193,0.10066864583197804,0.2954001617617905,0.19473151592981247,88,105,0.23280103254260953,0.1638067320082367,6785,1,0.0,2
"[{'2005'}, {'1010'}]",0.1200008120935473,239,0.00717424896570526,0.23723058331271876,0.2300563343470135,115,124,0.21151443326996572,0.20475914618076255,6785,1,0.0,2
"[{'1997'}, {'1000'}]",0.11998111227995499,165,0.09448099340642649,0.2869747686450199,0.19249377523859343,93,72,0.2153553111326287,0.11232304018400484,6785,1,0.0,2
"[{'2123'}, {'1005'}, {'1056'}, {'2215'}]",0.11995926735602389,60,0.003309695155787662,0.2828376616897254,0.27952796653393774,29,31,0.18943795656053652,0.22482834260260767,6785,1,0.0,2
"[{'1012'}, {'2009'}, {'1005'}, {'1055'}]",0.1199513522473187,276,0.09152063779984995,0.2868715282133285,0.19535089041347856,141,135,0.22586339653773274,0.17951620007990035,6785,1,0.0,2
"[{'2001'}, {'2000'}]",0.11994947077196054,121,0.0037195826100670515,0.2700342249069641,0.26631464229689705,67,54,0.21408140071121515,0.20014941319204782,6785,1,0.0,2
"[{'1037'}, {'1005'}, {'1055'}]",0.11994752686650435,158,0.00527961693850218,0.2298645777006944,0.22458496076219223,90,68,0.18615547026758095,0.1854640447608909,6785,1,0.0,2
[{'2477'}],0.11994445434788165,223,0.09189504768600676,0.2893301071990438,0.19743505951303703,119,104,0.24074242952869945,0.15662646154748167,6785,1,0.0,2
"[{'2022'}, {'1010'}]",0.1199203801844266,119,0.005199900627428422,0.25306020929094625,0.24786030866351783,68,51,0.20884153822614585,0.22962443243879896,6785,1,0.0,2
"[{'1012'}, {'1999'}]",0.11991088781324477,357,0.004762223932994858,0.25459601330362497,0.2498337893706301,219,138,0.21393835710594147,0.19433570053158433,6785,1,0.0,2
"[{'2000'}, {'2004'}]",0.11989938129475883,61,0.004546459101968325,0.25587695547276074,0.2513304963707924,36,25,0.20916440982418213,0.21745808709902315,6785,1,0.0,2
"[{'1000'}, {'1012'}, {'1012'}, {'1012'}]",0.11988660065927459,93,0.003503435703717861,0.2619016095279501,0.26540504523166797,52,41,0.21681910779404637,0.20239871622338307,6785,1,0.0,2
"[{'1029'}, {'2065'}]",0.11987879301226145,74,0.003376701369011581,0.27284603066197255,0.27622273203098413,41,33,0.20579826651516114,0.24406556558393006,6785,1,0.0,2
"[{'1010'}, {'1996'}]",0.11987782845917468,958,0.004075497294897146,0.2579083290618302,0.25383283176693305,536,422,0.21393472492359972,0.2084218011947664,6785,1,0.0,2
"[{'2003'}, {'2069'}]",0.11986328309861081,60,0.003551812221606554,0.2738745351632436,0.27032272294163706,30,30,0.23877930773004952,0.24672244631692686,6785,1,0.0,2
"[{'2012'}, {'1996'}, {'1997'}]",0.11986030807700937,71,0.0035517152699858223,0.27405346879227593,0.2705017535222901,44,27,0.19048035514884293,0.234170956547634,6785,1,0.0,2
"[{'1000'}, {'1005'}, {'1055'}]",0.11985110671682947,89,0.0037447315849660767,0.2598466856299706,0.2635914172149367,53,36,0.19416013638171384,0.23275239675465156,6785,1,0.0,2
"[{'1010'}, {'1998'}, {'1996'}]",0.11983068031942468,144,0.004555034752757786,0.2227732931662883,0.22732832791904609,84,60,0.19368918414605807,0.21065562841554464,6785,1,0.0,2
[{'2129'}],0.11982536256220377,863,0.09670610369840946,0.29339731434734523,0.19669121064893577,403,460,0.23241286722438345,0.16968398018985198,6785,1,0.0,2
"[{'1996'}, {'3720'}]",0.1198092118436172,69,0.005389967403686247,0.23002169685477905,0.2246317294510928,47,22,0.20613783082062195,0.11776548036231978,6785,1,0.0,2
"[{'1997'}, {'1005'}, {'1055'}]",0.1198071849724248,91,0.004801514476132224,0.22761910107164157,0.2324206155477738,42,49,0.1657467700654725,0.21912798713322412,6785,1,0.0,2
"[{'2066'}, {'2023'}]",0.11979756914348752,62,0.09913579158039174,0.29070404100303465,0.19156824942264292,26,36,0.25719314319887715,0.194029824948847,6785,1,0.0,2
"[{'1012'}, {'1007'}]",0.11979237123103975,72,0.00429300147074238,0.25409041080209943,0.24979740933135705,45,27,0.19249710724056512,0.22869699994933154,6785,1,0.0,2
"[{'2021'}, {'2009'}]",0.1197526125706795,104,0.004232930852108824,0.2244950995570229,0.22872803040913173,62,42,0.21580347034090944,0.16281796097258,6785,1,0.0,2
"[{'1999'}, {'2710'}]",0.11974812474148729,86,0.004022352237930793,0.2433404634456809,0.2393181112077501,41,45,0.2000726122576131,0.16733099613788902,6785,1,0.0,2
[{'2106'}],0.11974416274988121,497,0.09551412654352162,0.28796940377476266,0.19245527723124103,245,252,0.2411659268620419,0.1675621347589423,6785,1,0.0,2
"[{'2931'}, {'1010'}]",0.11973738383348542,91,0.003752675517845999,0.23254784787038588,0.22879517235253988,53,38,0.1747322635116589,0.17188708023598395,6785,1,0.0,2
"[{'1996'}, {'1997'}, {'2308'}]",0.11973206997334032,138,0.0031993010473105876,0.2637762399719042,0.2669755410192148,85,53,0.2505744956770413,0.2507730160110727,6785,1,0.0,2
"[{'1010'}, {'2043'}]",0.11972057915617752,108,0.0018807741421782986,0.32403638650430366,0.32591716064648196,64,44,0.268058910394709,0.27834146837998713,6785,1,0.0,2
"[{'2023'}, {'2003'}]",0.11969686607783839,539,0.09402661008153121,0.2882777308516296,0.1942511207700984,243,296,0.23224322265461533,0.17840451925954443,6785,1,0.0,2
"[{'2000'}, {'1011'}]",0.11968883186257823,60,0.0024173078519520996,0.28061352631984615,0.27819621846789405,39,21,0.22899621308605358,0.1958653244035168,6785,1,0.0,2
"[{'2003'}, {'1999'}]",0.11968857368725602,150,0.0035453197028901817,0.24998116087582375,0.24643584117293357,90,60,0.22045948804785015,0.1806254638420381,6785,1,0.0,2
"[{'1005'}, {'1000'}]",0.11967676145012551,80,0.002089610364285732,0.2820376461824855,0.27994803581819977,37,43,0.21372425314424354,0.2264332461674185,6785,1,0.0,2
"[{'1999'}, {'1996'}, {'2088'}]",0.11967361541560004,70,0.0036611874251459287,0.23613574637754545,0.23979693380269138,37,33,0.21288110054742543,0.2124932110888386,6785,1,0.0,2
"[{'2008'}, {'2308'}]",0.11965217118310723,270,0.002881382568739377,0.25034249483142046,0.25322387740015984,160,110,0.21320002210246933,0.22013313364566178,6785,1,0.0,2
"[{'1996'}, {'2273'}]",0.11963679500203142,140,0.0032136300135226226,0.2240147360023998,0.22080110598887717,84,56,0.20832675546133225,0.19421324556327788,6785,1,0.0,2
"[{'2031'}, {'1012'}]",0.11961038328241458,74,0.002441409072613032,0.26144999716170997,0.25900858808909694,43,31,0.20639709081260135,0.22763819251595208,6785,1,0.0,2
"[{'1012'}, {'2009'}, {'1055'}]",0.11958363710634076,283,0.09498031498536269,0.2907068463383426,0.1957265313529799,142,141,0.22962813683762942,0.17759109806203185,6785,1,0.0,2
"[{'2000'}, {'2256'}]",0.11957798982546333,65,0.0029134001989645497,0.23931640728066364,0.2422298074796282,36,29,0.20143621749961146,0.22198399817629885,6785,1,0.0,2
"[{'1012'}, {'2174'}, {'1010'}]",0.11955985155815539,60,0.0016257227722542011,0.2861886538374118,0.287814376609666,39,21,0.23355814174819547,0.20674186430891664,6785,1,0.0,2
"[{'1045'}, {'2009'}]",0.11952748309708254,131,0.09647965842663353,0.292039949836126,0.1955602914094925,67,64,0.24368806480161284,0.1592629203553291,6785,1,0.0,2
[{'1012'}],0.11952348297771591,6392,0.09512826005244321,0.2906715428813464,0.19554328282890318,3221,3171,0.24034469240223616,0.17615514596519613,6785,1,0.0,2
[{'2308'}],0.11951327362639026,4412,0.09423932425443207,0.28925015439923496,0.1950108301448029,2218,2194,0.24492317526519886,0.1771686829604163,6785,1,0.0,2
"[{'1000'}, {'2003'}]",0.11950387569101144,200,0.002477833671793772,0.23878897411060762,0.23631114043881385,111,89,0.20613700552342562,0.18989007185214438,6785,1,0.0,2
"[{'1005'}, {'1055'}, {'1000'}]",0.11947865005266638,84,0.001475388856811699,0.26885711443093085,0.27033250328774255,36,48,0.24013917815475433,0.23600711602704666,6785,1,0.0,2
"[{'2008'}, {'2031'}]",0.11944029945755877,123,0.0012934754540522841,0.26974375238021214,0.26845027692615986,75,48,0.23170283981051776,0.21708258338109215,6785,1,0.0,2
"[{'2308'}, {'1005'}, {'1055'}, {'1012'}]",0.1194335729482935,66,0.0020478075800033912,0.2411715004593134,0.23912369287931,40,26,0.1967975207783747,0.22917971761594713,6785,1,0.0,2
"[{'2308'}, {'2000'}]",0.1193977500976656,274,0.0014431704304576631,0.24397072622118748,0.24252755579072982,146,128,0.21443016388180694,0.20818873085497774,6785,1,0.0,2
"[{'1037'}, {'1005'}]",0.11939484140695174,195,0.0015067658950012053,0.23773755348072603,0.23623078758572483,104,91,0.18563914188499764,0.1976341861458062,6785,1,0.0,2
"[{'1012'}, {'2004'}]",0.11932103385879335,215,0.0007386156177335845,0.25653453408054605,0.25727314969827964,129,86,0.22772886873093656,0.2091358506725441,6785,1,0.0,2
"[{'2000'}, {'2308'}]",0.11930671643619267,329,0.09651446785376738,0.2904791622200892,0.1939646943663218,168,161,0.2508443275678635,0.18766743547043432,6785,1,0.0,2
"[{'2005'}, {'2086'}]",0.11929942348571067,75,0.000613018622001027,0.25981148406863214,0.26042450269063316,45,30,0.23421428946004605,0.24286903126470888,6785,1,0.0,2
[{'2261'}],0.11929796503531064,161,0.0008352008114971554,0.23461596522676317,0.23545116603826033,95,66,0.21092734922290274,0.17188546811633548,6785,1,0.0,2
"[{'4025'}, {'2000'}]",0.11929758489272393,83,0.0007775986607580221,0.23752832509301328,0.2383059237537713,54,29,0.19811445958413268,0.18478481851910766,6785,1,0.0,2
"[{'2008'}, {'2024'}]",0.11928353981496305,229,0.0004342551989190424,0.2650103986088652,0.2645761434099462,128,101,0.2247897020819863,0.21971984867940278,6785,1,0.0,2
"[{'1996'}, {'2518'}]",0.11928086719129341,87,0.0005139581755075895,0.25824062617457644,0.258754584350084,49,38,0.22717874342657007,0.25187234250614304,6785,1,0.0,2
"[{'2157'}, {'2000'}]",0.11926600825522633,164,0.00037153678084811403,0.25833124159095444,0.25870277837180256,107,57,0.20451413490753367,0.20718907154181399,6785,1,0.0,2
"[{'2045'}, {'2003'}]",0.11926284184756639,326,0.0004039958148124023,0.24860688730091007,0.24820289148609767,197,129,0.2094077104915255,0.20678071671697854,6785,1,0.0,2
[{'2112'}],0.11924331380750035,208,0.00025969413532450636,0.2580971559509635,0.257837461815639,120,88,0.19568253220992726,0.24017840516774566,6785,1,0.0,2
"[{'2000'}, {'2009'}]",0.11923733589898779,157,0.00022606683120904303,0.22009669886901975,0.2203227657002288,80,77,0.17905006378444663,0.2033336768169166,6785,1,0.0,2
