pattern,quality,support,pattern_delta,error_class_0,error_class_1,size_class_0,size_class_1,std_class_0,std_class_1,dataset_size,max_gap,support_penalty,sigmoid_offset
"[{'5637'}, {'3510'}, {'1012'}]",0.21646842155139223,77,0.3104873597316566,0.25697056020869585,0.5674579199403524,61,16,0.08525202130733439,0.16045754843530916,3997,1,0.2,2
"[{'1997'}, {'3510'}]",0.196872092344402,69,0.30521280645483334,0.26923926457248887,0.5744520710273222,58,11,0.09487879993303955,0.1564953719409998,3997,1,0.2,2
"[{'3510'}, {'1012'}]",0.1919813805982923,140,0.26805582979451054,0.2710619296716607,0.5391177594661712,115,25,0.09616694544743815,0.14991970875303476,3997,1,0.2,2
"[{'1996'}, {'6243'}]",0.1772122478095937,69,0.19852896045755458,0.3387958197681992,0.5373247802257538,54,15,0.11837895297961964,0.13389522578086824,3997,1,0.2,2
"[{'2017'}, {'2215'}]",0.1768567048782658,81,0.19691638965486435,0.3433127539199695,0.5402291435748339,57,24,0.13913792764841298,0.17204579749223417,3997,1,0.2,2
"[{'1000'}, {'2009'}]",0.17490568044072594,80,0.2139826541566579,0.3089411829487752,0.5229238371054331,59,21,0.0917041185182823,0.1592476390321366,3997,1,0.2,2
"[{'9850'}, {'2005'}]",0.17448368865143374,62,0.1723550606786815,0.3464339011245304,0.5187889618032119,45,17,0.12032334721119028,0.12251191517322449,3997,1,0.2,2
[{'3510'}],0.1710178533615768,544,0.2231925577609925,0.28467971318074176,0.5078722709417343,444,100,0.10703656021486813,0.18007460312174722,3997,1,0.2,2
[{'6243'}],0.16773920591693328,121,0.17388233523299523,0.33124865523014946,0.5051309904631447,87,34,0.11538435442077333,0.14490809185844405,3997,1,0.2,2
[{'20200'}],0.16721267300912201,65,0.20791559482604777,0.5141858673271011,0.3062702725010534,34,31,0.16096511235983427,0.07475665282100949,3997,1,0.2,2
"[{'3510'}, {'1010'}]",0.16623025677517625,125,0.2755812875845108,0.2703186235619041,0.5458999111464149,106,19,0.08675751273284672,0.2004758076695694,3997,1,0.2,2
"[{'24004'}, {'20200'}]",0.16530282217387696,62,0.20403848607249625,0.5141858673271011,0.3101473812546049,34,28,0.16096511235983427,0.07295461997359384,3997,1,0.2,2
[{'24004'}],0.16511038636121667,170,0.19082478655894847,0.511468545995026,0.32064375943607754,107,63,0.17000399994382484,0.1183421999378422,3997,1,0.2,2
"[{'2037'}, {'1012'}]",0.1650054853522288,120,0.1648678990722704,0.35639543848879196,0.5212633375610624,85,35,0.15150107292960585,0.16639130519913503,3997,1,0.2,2
"[{'2000'}, {'2010'}]",0.16413150073049448,82,0.18745730575812086,0.3321815251357972,0.519638830893918,63,19,0.12907166102112172,0.1518954174007177,3997,1,0.2,2
"[{'1010'}, {'2007'}]",0.16326061110645945,67,0.19419430285807732,0.31591934000336847,0.5101136428614458,43,24,0.1166588757405133,0.18514055134714377,3997,1,0.2,2
"[{'21877'}, {'3527'}]",0.1619697608134127,61,0.20473143710539887,0.5130366593599319,0.30830522225453305,35,26,0.16814099983580724,0.0748586378360947,3997,1,0.2,2
"[{'2054'}, {'1996'}]",0.16193495392973145,105,0.17069634098511244,0.36934031604172346,0.5400366570268359,77,28,0.13319272109314617,0.19099930988070848,3997,1,0.2,2
"[{'5637'}, {'3510'}]",0.16112235309431408,337,0.23003072670580899,0.27364828005380054,0.5036790067596095,281,56,0.10291639754083813,0.18145334587951997,3997,1,0.2,2
"[{'8254'}, {'3993'}]",0.1603707710121005,66,0.1641423443953196,0.542629603544871,0.3784872591495514,45,21,0.1582801882365411,0.1494205624011868,3997,1,0.2,2
"[{'5637'}, {'2916'}]",0.1590294398195573,116,0.20851320997420425,0.3036764359668545,0.5121896459410588,92,24,0.11245438757425358,0.175905697426613,3997,1,0.2,2
[{'2490'}],0.1586773258550267,183,0.18353136889636518,0.3154873251914978,0.499018694087863,143,40,0.11587446076459722,0.1603992067737348,3997,1,0.2,2
[{'2916'}],0.15786625794217934,341,0.1820321660233687,0.3099321313202381,0.4919642973436068,268,73,0.11837637117021015,0.17020260693434913,3997,1,0.2,2
[{'2344'}],0.15743534846729412,71,0.16143139542973772,0.3333604773696588,0.4947918727993965,49,22,0.13392090219894834,0.14511476726932798,3997,1,0.2,2
[{'2155'}],0.1549796686854968,107,0.1784159487746615,0.33665052732062895,0.5150664760952904,86,21,0.12991457354183486,0.16008459750186493,3997,1,0.2,2
"[{'2000'}, {'1996'}, {'1010'}]",0.15471338248971583,64,0.20565904849240563,0.313515626654333,0.5191746751467387,49,15,0.10196285028330573,0.1964281003939518,3997,1,0.2,2
"[{'2022'}, {'1999'}]",0.152973085782474,67,0.1637283601305064,0.34783645123243334,0.5115648113629397,50,17,0.14880644704954687,0.1648129064282704,3997,1,0.2,2
"[{'2012'}, {'2560'}]",0.15281769864588682,77,0.1988719867335425,0.3170555259973284,0.5159275127308709,63,14,0.1319291711378652,0.16771737034313594,3997,1,0.2,2
"[{'2001'}, {'2025'}]",0.15227775537817864,63,0.18858911295223724,0.30180347030577453,0.49039258325801177,46,17,0.11033115184055195,0.1671493070875668,3997,1,0.2,2
"[{'5637'}, {'2273'}]",0.1518894738507088,150,0.1522942895245038,0.4945510707879334,0.3422567812634296,89,61,0.15744411152061696,0.1358382303379178,3997,1,0.2,2
"[{'1037'}, {'3232'}]",0.15132963151003115,74,0.17147904871002073,0.30701338180473875,0.4784924305147595,56,18,0.11253955245656988,0.13451985846021658,3997,1,0.2,2
"[{'2004'}, {'1996'}]",0.15132060829253036,127,0.15852372153106759,0.3553471298205971,0.5138708513516647,101,26,0.1453603907055436,0.16600413515522505,3997,1,0.2,2
[{'9346'}],0.15116501327010243,64,0.13797173369675875,0.501527844928205,0.36355611123144627,32,32,0.130998963176402,0.1364914222750331,3997,1,0.2,2
"[{'1012'}, {'1007'}]",0.15092994446710148,87,0.17345763146877285,0.36233575145403546,0.5357933829228083,72,15,0.14826443262031477,0.17343514471353405,3997,1,0.2,2
"[{'2031'}, {'1996'}]",0.15037236069263332,104,0.15531909789728082,0.35955072939395905,0.5148698272912399,81,23,0.15616692551660205,0.1711476891023372,3997,1,0.2,2
"[{'1999'}, {'2000'}]",0.14993201862149969,81,0.15068583033163857,0.3517270002324702,0.5024128305641088,59,22,0.14232879054294703,0.16696959207229234,3997,1,0.2,2
"[{'1997'}, {'1999'}]",0.1496412749428467,83,0.15349011524900125,0.37443406012520863,0.5279241753742099,67,16,0.1355739804302829,0.16355165978651712,3997,1,0.2,2
[{'3232'}],0.14908369538587102,128,0.18464307225392224,0.30359505443345935,0.4882381266873816,105,23,0.10689883805337785,0.15173505791438702,3997,1,0.2,2
"[{'1000'}, {'1999'}]",0.1487503279613473,80,0.16495515266433358,0.3531239847652614,0.518079137429595,64,16,0.13797945526865055,0.17217050804103368,3997,1,0.2,2
[{'3277'}],0.14862089052226185,170,0.18525444400523033,0.3025430269650559,0.48779747097028625,134,36,0.11196971569045466,0.18434014536927135,3997,1,0.2,2
[{'1004'}],0.14803872030129195,65,0.17428274220814693,0.3177820930014486,0.49206483520959554,46,19,0.08146154635086086,0.18765735239333167,3997,1,0.2,2
"[{'1012'}, {'2036'}]",0.14792826123393218,62,0.1711349888571671,0.3039851763418743,0.4751201651990414,42,20,0.09925614908678171,0.16458934634429231,3997,1,0.2,2
"[{'2191'}, {'1037'}]",0.1474106519133883,72,0.16765088228774921,0.32932451074676855,0.49697539303451777,56,16,0.1210539775343733,0.1638792783869556,3997,1,0.2,2
"[{'1029'}, {'2009'}]",0.14721674062545287,62,0.13392533180760396,0.37788664599259697,0.5118119778002009,45,17,0.1523895487224959,0.165682953111918,3997,1,0.2,2
[{'1524'}],0.14712006090754712,94,0.1340887664694979,0.35953212363852394,0.49362089010802185,72,22,0.13995549868228221,0.14065587661373757,3997,1,0.2,2
"[{'1996'}, {'3277'}]",0.14699274065382514,81,0.1926535608039962,0.2938999401198493,0.4865535009238455,63,18,0.10154371362079648,0.17824799794158955,3997,1,0.2,2
"[{'2021'}, {'1045'}]",0.14624612860431624,127,0.1341507225349453,0.3538562158203643,0.4880069383553096,92,35,0.1428625713284501,0.1629975679123309,3997,1,0.2,2
"[{'1996'}, {'2000'}]",0.14611041714181874,239,0.15829556132754186,0.3225265074759088,0.48082206880345063,188,51,0.1283839389291576,0.17224734883358442,3997,1,0.2,2
"[{'1010'}, {'2004'}]",0.1460287261459461,214,0.13646701124896965,0.35281964741557476,0.4892866586645444,166,48,0.14301313004504085,0.16348841130523878,3997,1,0.2,2
"[{'10214'}, {'2000'}]",0.14597370987783329,66,0.1612824710458517,0.3210738891363144,0.4823563601821661,50,16,0.1146251096749639,0.15138328516812893,3997,1,0.2,2
"[{'11324'}, {'1010'}]",0.14587987544571257,65,0.19840841660094183,0.27118544970397596,0.4695938663049178,54,11,0.073593723694342,0.1630181327155006,3997,1,0.2,2
[{'1521'}],0.14579198452437148,150,0.14381113341136004,0.34240451804969624,0.4862156514610563,115,35,0.13558779159206116,0.16172028196108595,3997,1,0.2,2
"[{'1012'}, {'2031'}]",0.14576266077132358,120,0.15863824187735326,0.3471820440654661,0.5058202859428194,102,18,0.14390662239909272,0.12257378823950144,3997,1,0.2,2
"[{'1010'}, {'1999'}]",0.14566360694781932,198,0.1324037805713456,0.3540208235383034,0.486424604109649,140,58,0.13557769502913045,0.1834032162921515,3997,1,0.2,2
"[{'1996'}, {'1005'}, {'1055'}]",0.1455774117117222,132,0.1388421432257128,0.3592275353718777,0.4980696785975905,98,34,0.1480348519372057,0.18197305675776657,3997,1,0.2,2
"[{'3510'}, {'1998'}]",0.14550281980096005,88,0.2092433166014005,0.27622351234089837,0.48546682894229887,73,15,0.10969640086435059,0.1787991392837705,3997,1,0.2,2
"[{'2064'}, {'2022'}]",0.14534709417005617,112,0.13901109443533988,0.3503007198728266,0.4893118143081665,84,28,0.1455187771899069,0.161486863593474,3997,1,0.2,2
[{'3993'}],0.1453105073131295,129,0.14496737753236016,0.4967968210924503,0.35182944356009016,86,43,0.16832415378958632,0.13259122531061432,3997,1,0.2,2
"[{'2038'}, {'1037'}]",0.14518219250201667,73,0.14565254640030234,0.34815974455130727,0.4938122909516096,57,16,0.1308764138443785,0.14839534792036888,3997,1,0.2,2
"[{'15667'}, {'2015'}, {'1012'}]",0.14492106535700336,89,0.1468323754930967,0.4892110840270394,0.3423787085339427,57,32,0.1534060993379412,0.13919426894303963,3997,1,0.2,2
"[{'1007'}, {'1010'}]",0.14471400841221627,106,0.15201970917674212,0.3343319304287434,0.4863516396054855,80,26,0.1158092167517793,0.1716708983087964,3997,1,0.2,2
"[{'2000'}, {'2191'}]",0.14468583136740737,126,0.15739917717254992,0.32435281702908136,0.4817519942016313,93,33,0.11982555028787106,0.18412095516967728,3997,1,0.2,2
[{'2163'}],0.14465572655718295,74,0.1796645156798824,0.32987773346324123,0.5095422491431236,62,12,0.15270702602853725,0.16877732178181046,3997,1,0.2,2
[{'2038'}],0.14449034424761703,642,0.11877907470880467,0.34910250070194404,0.4678815754107487,480,162,0.1382748948900482,0.16369675701760164,3997,1,0.2,2
"[{'2052'}, {'2031'}]",0.14445443139494843,80,0.17092383668925804,0.3234584220345058,0.49438225872376385,63,17,0.09257017938726453,0.17891567575543535,3997,1,0.2,2
"[{'2916'}, {'1010'}]",0.14441640284946156,66,0.200692314516615,0.29922395834216364,0.49991627285877865,54,12,0.12200411207504222,0.18855407382073713,3997,1,0.2,2
"[{'1996'}, {'1005'}]",0.14437015771543363,171,0.136960773919246,0.35742941899941516,0.49439019291866115,130,41,0.14251304520503844,0.1823557657274534,3997,1,0.2,2
"[{'2000'}, {'1000'}]",0.14420552627774372,109,0.14772315728191054,0.3613870008580986,0.5091101581400092,87,22,0.1337156973760932,0.18015293821273567,3997,1,0.2,2
"[{'1010'}, {'2052'}]",0.1441013361580413,107,0.12677490138426062,0.38027466869935755,0.5070495700836182,82,25,0.1572425971190434,0.1691518097608319,3997,1,0.2,2
[{'16939'}],0.14409382455006353,67,0.13356649867586184,0.4884773701429367,0.35491087146707484,30,37,0.14472605014810766,0.13919514756581494,3997,1,0.2,2
"[{'1996'}, {'1029'}]",0.1440819641797848,83,0.1374479123515639,0.33876431694156245,0.47621222929312634,57,26,0.12466328033628687,0.15923976839031478,3997,1,0.2,2
[{'3550'}],0.1439360348604309,65,0.19794832224195652,0.34752322381192985,0.5454715460538864,55,10,0.1362268494309901,0.22720516350286707,3997,1,0.2,2
"[{'2055'}, {'1996'}]",0.14376045063432383,172,0.123444828079952,0.37069702733021515,0.49414185541016714,130,42,0.1419509729582939,0.17006623034589924,3997,1,0.2,2
"[{'1055'}, {'1010'}]",0.14365519833468418,95,0.14902322893233405,0.3356753569096327,0.48469858584196673,72,23,0.1122071941348957,0.16710667989015393,3997,1,0.2,2
[{'2283'}],0.14363670641720383,96,0.1789913246687273,0.3045396220845145,0.4835309467532418,74,22,0.11541037935765101,0.1916354198428715,3997,1,0.2,2
"[{'1996'}, {'2157'}, {'2000'}]",0.14346835842091665,61,0.18649785832925275,0.27844322741031646,0.4649410857395692,50,11,0.09952494199719206,0.16375142734693832,3997,1,0.2,2
[{'2110'}],0.14243447811771587,136,0.15842523216885868,0.289803067981093,0.4482283001499517,108,28,0.10942848438911253,0.17035707409093456,3997,1,0.2,2
"[{'2000'}, {'1037'}]",0.14202367858883652,388,0.1261510245915916,0.3357170794159174,0.461868104007509,280,108,0.12851144443019236,0.17166704142529057,3997,1,0.2,2
"[{'2005'}, {'1037'}]",0.14148957347850086,207,0.12227266890010197,0.3485840331566961,0.4708567020567981,152,55,0.1337937766119866,0.16144262854173966,3997,1,0.2,2
"[{'2028'}, {'1996'}]",0.1412327274878253,72,0.11385735714187228,0.35990608142067987,0.47376343856255215,48,24,0.14200158445257594,0.14454861098036148,3997,1,0.2,2
"[{'2001'}, {'1999'}]",0.14110838674425205,67,0.15479858238907424,0.32006030291318893,0.47485888530226317,50,17,0.09771607039361561,0.16784747445346318,3997,1,0.2,2
[{'5223'}],0.14098403889591724,205,0.12692955681235318,0.4694878495257834,0.3425582927134302,115,90,0.15273551594669893,0.12272324448324887,3997,1,0.2,2
"[{'15667'}, {'1012'}]",0.14096943600483922,201,0.14432882397628793,0.47347466177061986,0.32914583779433193,133,68,0.16624285459562574,0.12342352890303905,3997,1,0.2,2
[{'10214'}],0.14088983871883515,80,0.14379990122717345,0.3254466572257339,0.46924655845290736,61,19,0.1236618867943368,0.14685863484766512,3997,1,0.2,2
"[{'2000'}, {'1996'}]",0.1408431278970138,746,0.11623950297283003,0.34479530372590705,0.4610348066987371,577,169,0.13822089536103369,0.16357331507144296,3997,1,0.2,2
"[{'1056'}, {'2022'}]",0.1407983340640043,63,0.14182878787750786,0.3317166306078434,0.47354541848535125,40,23,0.11995347926358575,0.18586875746850304,3997,1,0.2,2
"[{'1055'}, {'1012'}]",0.14078830046930513,152,0.12195053877867296,0.35974017444965056,0.4816907132283235,113,39,0.13639745534984354,0.17038414150696352,3997,1,0.2,2
"[{'2000'}, {'2000'}]",0.1407094280297947,132,0.14818899791974288,0.3331662743137433,0.4813552722334862,104,28,0.1338103262345992,0.17638533638205128,3997,1,0.2,2
"[{'1010'}, {'1010'}, {'1010'}]",0.14050011510115595,105,0.1317923969437933,0.35169169077506435,0.48348408771885765,78,27,0.1209466969828666,0.17642967809417312,3997,1,0.2,2
"[{'1037'}, {'2005'}]",0.1404730535116541,92,0.13111990270289503,0.3311366006731987,0.46225650337609375,70,22,0.10462419813105199,0.1300118659834551,3997,1,0.2,2
"[{'1005'}, {'1056'}, {'2022'}]",0.1404086745217811,60,0.13807007880524663,0.3354753396801046,0.47354541848535125,37,23,0.1223743625967747,0.18586875746850304,3997,1,0.2,2
[{'2273'}],0.14025582701958164,358,0.12859375929112948,0.4686282409200502,0.3400344816289207,229,129,0.16508275513663712,0.13148762917852724,3997,1,0.2,2
"[{'2004'}, {'2004'}]",0.14016911731197082,163,0.13088722326675384,0.33948704800685914,0.470374271273613,119,44,0.1338237055650676,0.1752497059064507,3997,1,0.2,2
"[{'1005'}, {'1055'}, {'1012'}]",0.14013930200164348,110,0.11279433904149883,0.37815759726512577,0.4909519363066246,81,29,0.13979463482764395,0.1685956984751818,3997,1,0.2,2
"[{'1012'}, {'2028'}]",0.14006307919990924,104,0.12652176799341613,0.36661627189612683,0.49313803988954297,81,23,0.13808506828247705,0.16972867141813416,3997,1,0.2,2
[{'2056'}],0.14000642880813108,247,0.12145980385569805,0.3491447981589479,0.47060460201464593,183,64,0.13793592878797567,0.1738438755388797,3997,1,0.2,2
"[{'2009'}, {'2000'}]",0.13993353791630386,149,0.1366687660109122,0.3236842613135065,0.46035302732441874,112,37,0.13019130842636964,0.15324680396197682,3997,1,0.2,2
"[{'1996'}, {'2375'}]",0.1399220959672788,87,0.15405368923709012,0.3194741470658261,0.4735278363029162,69,18,0.12896540413269447,0.15843503443056176,3997,1,0.2,2
"[{'2010'}, {'1012'}]",0.13985574849636806,65,0.10638575322363414,0.3823519585573155,0.48873771178094966,46,19,0.14208481416490537,0.1514339435813979,3997,1,0.2,2
"[{'2006'}, {'1996'}]",0.13978096926419517,351,0.11859085226056343,0.34869389663327416,0.4672847488938376,265,86,0.14193406804854236,0.1708635991876953,3997,1,0.2,2
"[{'2003'}, {'1999'}]",0.13955005098654746,105,0.12725055338088054,0.3466907116143327,0.4739412649952132,76,29,0.13934478310628182,0.16911251697625568,3997,1,0.2,2
"[{'2000'}, {'2131'}]",0.13953059196905646,78,0.13371013292210848,0.32293610735373063,0.4566462402758391,55,23,0.1426706169493249,0.1400850226178043,3997,1,0.2,2
[{'4314'}],0.1395039186854065,112,0.11308298595249655,0.3017810773104429,0.41486406326293945,80,32,0.10336001464934275,0.1474216612775356,3997,1,0.2,2
"[{'2000'}, {'2005'}]",0.13946110052260732,79,0.14049047575453033,0.346781258182279,0.48727173393680934,58,21,0.14308559356390482,0.19708741311469657,3997,1,0.2,2
[{'1006'}],0.13941050446044848,692,0.10689499283987125,0.3558606741493974,0.4627556669892687,527,165,0.1372284560633861,0.1671377464119802,3997,1,0.2,2
"[{'1996'}, {'1010'}]",0.13919572454438955,455,0.11659419906365409,0.34457147660878007,0.46116567567243416,337,118,0.1473736742333229,0.17572806211600622,3997,1,0.2,2
[{'2375'}],0.13909001865034118,246,0.1289825117162296,0.30852124307836803,0.43750375479459763,196,50,0.12896909367437578,0.14818066518524176,3997,1,0.2,2
"[{'1998'}, {'1997'}]",0.13894768200043964,118,0.12209445897948817,0.39442647901392475,0.5165209379934129,97,21,0.1353455274554973,0.180884996661492,3997,1,0.2,2
[{'1007'}],0.13884762785633478,697,0.10479539013344003,0.35803945542167587,0.4628348455551159,531,166,0.13763389407925072,0.16851951010919744,3997,1,0.2,2
[{'1016'}],0.13881699590267102,98,0.1457755061722285,0.33179967487986023,0.47757518105208874,74,24,0.1253272219463432,0.1899142615757976,3997,1,0.2,2
[{'2073'}],0.13872154012534485,235,0.11660205379547478,0.3595234671268951,0.47612552092236987,176,59,0.1463664572952628,0.1821220431423752,3997,1,0.2,2
"[{'1045'}, {'2008'}]",0.13869386191524882,116,0.1258872521512302,0.335752766073486,0.4616400182247162,81,35,0.1359255662177495,0.16309070205694756,3997,1,0.2,2
"[{'2323'}, {'2022'}]",0.13867676961604053,182,0.11373967763667553,0.3502315428169047,0.46397122045358025,122,60,0.13942941498231867,0.17402149701967856,3997,1,0.2,2
[{'3720'}],0.13840179976879954,106,0.12748468614919906,0.3397875376459625,0.46727222379516153,72,34,0.1315812453326744,0.18168270005564352,3997,1,0.2,2
"[{'2013'}, {'1996'}]",0.138384724367164,199,0.11414986369811525,0.34814836726420456,0.4622982309623198,144,55,0.14274133504398814,0.16000571458409063,3997,1,0.2,2
"[{'1998'}, {'1045'}]",0.13832832696157887,150,0.11453946666993348,0.35216022768151867,0.46669969435145214,109,41,0.13282237431777316,0.15905436763133682,3997,1,0.2,2
[{'2010'}],0.13819830434373845,517,0.10488844126849983,0.351258785151816,0.45614722642031585,385,132,0.13643209368528444,0.1581842144833647,3997,1,0.2,2
"[{'2138'}, {'1997'}]",0.1381944176030888,80,0.12792060662325244,0.3434776640252063,0.47139827064845874,57,23,0.12282090868653116,0.17130606921705455,3997,1,0.2,2
"[{'1010'}, {'1998'}, {'1996'}]",0.13813076288498022,107,0.12898863791395482,0.34457350795782066,0.4735621458717755,79,28,0.12467618542741767,0.1772656573668506,3997,1,0.2,2
"[{'1997'}, {'1000'}]",0.13812379306390002,124,0.11815370150273036,0.3804895598061231,0.49864326130885345,98,26,0.1502384013834872,0.18140809632788413,3997,1,0.2,2
"[{'1999'}, {'1998'}]",0.13809253516184955,77,0.13621703961283943,0.3510351315385006,0.48725217115134,61,16,0.12695831814060213,0.1712071428982006,3997,1,0.2,2
"[{'2028'}, {'1997'}]",0.1380383321155515,131,0.10941216689736949,0.35785856502859487,0.46727073192596436,92,39,0.13996832248047536,0.15893505375607464,3997,1,0.2,2
"[{'2037'}, {'1010'}]",0.13794599571846317,73,0.12072902161847143,0.36369762755930424,0.48442664917777567,56,17,0.13487541891935462,0.15985392701767015,3997,1,0.2,2
"[{'2277'}, {'1010'}]",0.13792798785939067,64,0.13361645831416052,0.358263925028344,0.4918803833425045,48,16,0.14893325701033516,0.19378505044716038,3997,1,0.2,2
"[{'1045'}, {'2064'}]",0.13783864314744979,89,0.13340286652441896,0.36317722582154804,0.496580092345967,72,17,0.14862039830426804,0.17819045173278492,3997,1,0.2,2
[{'2942'}],0.13770481119547762,116,0.16283273548514776,0.29685073850616334,0.4596834739913111,93,23,0.09659005489731415,0.19087815291743,3997,1,0.2,2
"[{'1037'}, {'9850'}]",0.13754641772813342,111,0.11653945241564556,0.3382674039571316,0.4548068563727772,77,34,0.12366497012817232,0.14663503526085808,3997,1,0.2,2
[{'2496'}],0.13740806469089467,146,0.10953366761340905,0.3727067587407012,0.48224042635411024,114,32,0.1576895863707219,0.16064203538211455,3997,1,0.2,2
"[{'1012'}, {'2005'}]",0.13738768368933857,110,0.14178029642529277,0.3372646152288064,0.4790449116540992,87,23,0.1168233816416144,0.18420347759490277,3997,1,0.2,2
[{'2018'}],0.13737195056589674,279,0.12127666356260391,0.3448934228297306,0.46617008639233454,223,56,0.12816761217119219,0.16064655066159406,3997,1,0.2,2
"[{'1996'}, {'2157'}]",0.13734768989268947,127,0.1337506690842134,0.3030252906680107,0.4367759597522241,100,27,0.1127179649858329,0.1608993009335625,3997,1,0.2,2
"[{'1024'}, {'1000'}]",0.13732764627094796,88,0.13124067685566843,0.3350672891829163,0.4663079660385847,64,24,0.12094162663467893,0.17130206816497695,3997,1,0.2,2
"[{'2000'}, {'1996'}, {'1997'}]",0.1371430751813437,121,0.12993814517753288,0.3462987468399183,0.4762368920174512,99,22,0.1472942249651977,0.1523862297538476,3997,1,0.2,2
"[{'1010'}, {'1996'}, {'1997'}]",0.13691375744140474,92,0.11696074052203087,0.3544680233443937,0.47142876386642457,62,30,0.1498128181826437,0.1845975706183362,3997,1,0.2,2
"[{'5637'}, {'2015'}, {'1012'}]",0.13688266886398162,80,0.13184207995732622,0.478482326567173,0.34664024660984677,50,30,0.17155002798900207,0.15505990482895216,3997,1,0.2,2
"[{'3510'}, {'2003'}]",0.13686076539052816,64,0.13740501349418227,0.28555552807508733,0.4229605415692696,51,13,0.10325046112942633,0.168987109718367,3997,1,0.2,2
"[{'1037'}, {'1011'}]",0.1367277530065589,133,0.1168378905921772,0.34770778100937605,0.46454567160155325,96,37,0.14637902354485047,0.16961466054389537,3997,1,0.2,2
"[{'2000'}, {'1998'}]",0.13648916800115526,132,0.11661444146186112,0.3550945016741753,0.4717089431360364,100,32,0.13135670698287916,0.16967588546502696,3997,1,0.2,2
"[{'2025'}, {'1000'}]",0.13633269007505408,61,0.10823747077408957,0.3604709655046463,0.4687084362787359,44,17,0.14418961324699286,0.12952381277294636,3997,1,0.2,2
"[{'1013'}, {'1013'}]",0.13620471657968028,86,0.12497475722968221,0.3420121531555618,0.46698691038524404,69,17,0.11556119189003496,0.13898496573356028,3997,1,0.2,2
"[{'1007'}, {'1012'}]",0.1361937074318714,176,0.1193296246140581,0.3471521497217577,0.4664817743358158,134,42,0.12647238251842124,0.17454186168359273,3997,1,0.2,2
"[{'1029'}, {'1005'}]",0.13611906789100794,79,0.10261946076696571,0.3697964484041387,0.47241590917110443,55,24,0.15958719259925755,0.1349644265970011,3997,1,0.2,2
"[{'2012'}, {'1996'}]",0.13604986670417427,177,0.11911496181021292,0.34599312201694205,0.46510808382715496,135,42,0.1352007532245354,0.17241036597598255,3997,1,0.2,2
"[{'2007'}, {'1996'}]",0.13598538005562322,253,0.11317499930569208,0.33746910881665015,0.45064410812234224,180,73,0.12780888098820198,0.16678503154309238,3997,1,0.2,2
"[{'1010'}, {'1000'}]",0.13591953609318175,202,0.10393434230733262,0.35245800208538136,0.456392344392714,141,61,0.13564084541043267,0.16296041715732695,3997,1,0.2,2
"[{'1996'}, {'2001'}]",0.13587411685806303,89,0.11503901940106953,0.36326817692153984,0.4783071963226094,72,17,0.13819130015054587,0.14424690253709274,3997,1,0.2,2
"[{'15667'}, {'2015'}]",0.1358241086439376,413,0.10235232097309488,0.4631336314810647,0.3607813105079698,252,161,0.16050620979893407,0.13303039875808118,3997,1,0.2,2
"[{'1005'}, {'5637'}]",0.13580069745228504,79,0.13723414040845017,0.47341360032558444,0.33617945991713427,50,29,0.17546440024923157,0.1426508888805882,3997,1,0.2,2
[{'2157'}],0.13575178132832544,377,0.10672131713649896,0.3436149316326155,0.45033624876911443,281,96,0.14400592470450282,0.15890709463904906,3997,1,0.2,2
"[{'1997'}, {'2010'}]",0.13557430352699157,81,0.10066235973908194,0.36707985113587294,0.4677422108749549,57,24,0.1497449345812529,0.15200362268532996,3997,1,0.2,2
[{'2067'}],0.1355261249293672,151,0.11714843846450679,0.3409549131852771,0.4581033516497839,109,42,0.1346734957121622,0.17254796426933397,3997,1,0.2,2
"[{'1999'}, {'2023'}]",0.1355021039249486,110,0.11645260490477088,0.34657666496932504,0.46302926987409593,80,30,0.13522201604324854,0.16913784396378076,3997,1,0.2,2
"[{'1010'}, {'2029'}]",0.13544713075078796,141,0.1272355108916307,0.34566522831410434,0.47290073920573505,113,28,0.1545870475915125,0.17461424202574538,3997,1,0.2,2
"[{'1005'}, {'1055'}, {'2000'}]",0.13543389595386496,64,0.10130474760154817,0.3744717423999032,0.4757764900014514,43,21,0.14506049465361154,0.16959456539728826,3997,1,0.2,2
[{'2302'}],0.13533341429555878,122,0.12373329623179002,0.35471477299928666,0.4784480692310767,100,22,0.13984076955123656,0.16331325361208082,3997,1,0.2,2
[{'3114'}],0.13524869488655633,120,0.09765583792138871,0.36878927394576455,0.46644511186715326,87,33,0.15051018555453527,0.15320706716719174,3997,1,0.2,2
"[{'1005'}, {'1055'}, {'2025'}]",0.13522552621883707,91,0.08518464271984405,0.3965264617923706,0.48171110451221466,63,28,0.15398918829709501,0.15881157870622892,3997,1,0.2,2
"[{'1045'}, {'2228'}]",0.13522371972528602,141,0.11582047646545401,0.34654462792807156,0.46236510439352557,108,33,0.14323119543014812,0.1611299030021009,3997,1,0.2,2
"[{'2022'}, {'1010'}]",0.13520744459192366,96,0.12211980621434165,0.35151216469398916,0.4736319709083308,73,23,0.12853817807974888,0.18157459273501828,3997,1,0.2,2
"[{'1010'}, {'2045'}]",0.13518230761432912,108,0.10307751399344972,0.3487245416319048,0.4518020556253545,74,34,0.1243664387527224,0.14329943454396485,3997,1,0.2,2
"[{'2008'}, {'2009'}]",0.13512433246539446,111,0.09863573369788531,0.3732826669275025,0.4719184006253878,81,30,0.16128852047738715,0.15583587945965116,3997,1,0.2,2
[{'2071'}],0.13506398794536842,203,0.11130731535871086,0.3561057893570906,0.46741310471580144,161,42,0.14076932877713533,0.1631968303760395,3997,1,0.2,2
"[{'2017'}, {'2228'}]",0.13504436994413582,71,0.11028224157124034,0.3451963968393279,0.45547863841056824,41,30,0.1300343865341169,0.16886838072269342,3997,1,0.2,2
[{'2191'}],0.1350385620304837,288,0.10254655816764652,0.35920962081399077,0.4617561789816373,215,73,0.14711142606474437,0.17435803909762182,3997,1,0.2,2
"[{'2003'}, {'2055'}]",0.13501411362108598,67,0.11595800210430168,0.35347750617398155,0.46943550827828323,45,22,0.13016405542828643,0.18779734422049948,3997,1,0.2,2
[{'2729'}],0.1349977717614897,101,0.1101422277142507,0.3637722140713914,0.47391444178564207,73,28,0.16506352359343077,0.18479322287546324,3997,1,0.2,2
"[{'2375'}, {'1012'}]",0.13499536896098244,81,0.15633763914614085,0.32158714310446784,0.4779247822506087,67,14,0.13283863011979272,0.18663575030889187,3997,1,0.2,2
"[{'1010'}, {'2097'}]",0.13489096919156285,77,0.1420197560031055,0.3182457980924639,0.4602655540955694,58,19,0.11789498789046404,0.18051448776064274,3997,1,0.2,2
"[{'1000'}, {'2008'}]",0.13489093885736064,99,0.11517570854038806,0.3660996997275868,0.4812754082679749,74,25,0.13976389676979648,0.1965813686772975,3997,1,0.2,2
"[{'1045'}, {'2031'}]",0.13485491321465035,203,0.1007198313462968,0.36796532863495396,0.46868515998125077,153,50,0.14421350049750292,0.17160854578888204,3997,1,0.2,2
"[{'2008'}, {'1000'}]",0.13484945165052578,74,0.10642322762445972,0.3577813655138016,0.4642045931382613,52,22,0.14521102875956182,0.1585165358065191,3997,1,0.2,2
"[{'1055'}, {'2025'}]",0.1347961102074102,95,0.08538932611731775,0.39223964896165964,0.4776289750789774,66,29,0.1519471955933398,0.15753732790378666,3997,1,0.2,2
"[{'1005'}, {'1055'}, {'1010'}]",0.13458605421822806,87,0.12700973212396033,0.3360409125247422,0.46305064464870255,68,19,0.11405100785324114,0.16006615402385785,3997,1,0.2,2
[{'2028'}],0.13458576897505584,662,0.09200029648259206,0.35885235633640017,0.45085265281899223,488,174,0.14287989541379786,0.1689504576559722,3997,1,0.2,2
"[{'1996'}, {'1010'}, {'1996'}]",0.13454508383454986,72,0.12093988861198779,0.3555609189249851,0.4765008075369729,54,18,0.1533371164948161,0.18736768784984079,3997,1,0.2,2
"[{'1998'}, {'2000'}]",0.1345032385580651,170,0.10872046937050583,0.35088927180521073,0.45960974117571657,126,44,0.14004604364822196,0.16975060174551684,3997,1,0.2,2
"[{'1024'}, {'1013'}]",0.13447582198929522,73,0.14225663026232177,0.3429624798797792,0.48521911014210095,62,11,0.11948735228731304,0.1649944890852009,3997,1,0.2,2
"[{'1010'}, {'1037'}]",0.13433901288296884,258,0.10375642867701262,0.35100015813542396,0.4547565868124366,194,64,0.14143688787937114,0.1626196883313996,3997,1,0.2,2
[{'2505'}],0.1343179328562185,134,0.10117811337989924,0.361496824324131,0.46267493770403023,100,34,0.14595613021191065,0.15611077717710134,3997,1,0.2,2
[{'1025'}],0.134303194197531,222,0.09014979550685687,0.374491232577004,0.4646410280838609,158,64,0.1537133045967529,0.17079333892710932,3997,1,0.2,2
[{'2126'}],0.1342303259281648,297,0.09509660871831516,0.3649241651213446,0.4600207738396598,215,82,0.15568145705441302,0.1768366464802348,3997,1,0.2,2
"[{'2061'}, {'9527'}]",0.13417597593120012,73,0.13483791044054105,0.47102393002011056,0.3361860195795695,43,30,0.1887041797719744,0.13541206797147423,3997,1,0.2,2
"[{'1996'}, {'2006'}]",0.1341208766367552,71,0.13441300578415394,0.3386844228953123,0.47309742867946625,56,15,0.1283704017078019,0.18294382820330157,3997,1,0.2,2
"[{'2969'}, {'1011'}]",0.13408450111864093,67,0.10519028472048897,0.48802863167864935,0.3828383469581604,42,25,0.17388215378034827,0.15792374389927274,3997,1,0.2,2
[{'2202'}],0.13407777059483472,128,0.10944114508901548,0.3298949527329412,0.4393360978219567,87,41,0.126488888031344,0.1490932304233173,3997,1,0.2,2
[{'12010'}],0.13394834595474145,170,0.08822477589312355,0.3905918709933758,0.47881664688649933,132,38,0.15121236124054963,0.15971476576587462,3997,1,0.2,2
[{'2012'}],0.13394694496665857,626,0.09409825933072657,0.3531487334495897,0.44724699278031627,471,155,0.13866717377349344,0.16252378667622977,3997,1,0.2,2
"[{'1996'}, {'1997'}, {'1996'}]",0.13387878069787404,255,0.11432288026549398,0.3375260375477188,0.4518489178132128,201,54,0.1314543388952661,0.1584473257060298,3997,1,0.2,2
"[{'1037'}, {'1010'}]",0.13386510200219737,200,0.0992339086746249,0.35790107925148573,0.4571349879261106,136,64,0.12743403185806562,0.1832857851668049,3997,1,0.2,2
"[{'2215'}, {'2000'}]",0.1338089182298855,212,0.10048633836344695,0.3458432116558854,0.44632955001933233,142,70,0.1341410607789762,0.16517608923429683,3997,1,0.2,2
[{'2013'}],0.13378811101654958,654,0.09034826342926378,0.361231478467074,0.45157974189633776,497,157,0.14673068264799077,0.1655897322112872,3997,1,0.2,2
"[{'2021'}, {'1005'}]",0.13366385940535888,64,0.13060637439290684,0.32057974115014076,0.4511861155430476,40,24,0.11957096401757698,0.1943581743158747,3997,1,0.2,2
"[{'2040'}, {'2000'}]",0.1336342391042254,85,0.1078396156094128,0.3524101894152792,0.460249805024692,57,28,0.13553297736401584,0.17985836291513813,3997,1,0.2,2
"[{'1999'}, {'2026'}]",0.13363402608795277,63,0.11349735107827696,0.35690664801191774,0.4704039990901947,47,16,0.15395194504963125,0.17195266953184285,3997,1,0.2,2
"[{'1997'}, {'2023'}]",0.1335936053206457,88,0.09554216412413097,0.36718950538258804,0.462731669506719,57,31,0.15398387971201605,0.17124437334809497,3997,1,0.2,2
"[{'2017'}, {'2000'}]",0.13358456717756048,191,0.10540708198000204,0.3433537912589532,0.44876087323895525,135,56,0.14172772654989063,0.16715682242339766,3997,1,0.2,2
"[{'1998'}, {'2025'}]",0.13355561358543092,102,0.11797332338650118,0.34786881525069474,0.4658421386371959,80,22,0.12051541244996736,0.16785753735637718,3997,1,0.2,2
"[{'1012'}, {'2008'}, {'1005'}, {'1055'}]",0.1334916215260056,67,0.09157383441925049,0.3838141858577728,0.4753880202770233,46,21,0.13554162345055945,0.16978950230316894,3997,1,0.2,2
"[{'1012'}, {'2008'}, {'1005'}]",0.13345335601506533,75,0.09532365865177578,0.38006436162524754,0.4753880202770233,54,21,0.13025120504314083,0.16978950230316894,3997,1,0.2,2
"[{'2011'}, {'1996'}]",0.1334121544277917,180,0.1059767788877854,0.32096234617324976,0.42693912506103515,130,50,0.13241303782390337,0.16798553244572464,3997,1,0.2,2
[{'2323'}],0.1333201794537402,422,0.09124804163496453,0.3571750863040969,0.4484231279390614,299,123,0.13966564687508295,0.17116552292707113,3997,1,0.2,2
"[{'1012'}, {'2065'}, {'2017'}]",0.13325336841931798,90,0.10641126185655597,0.3355330397685369,0.44194430162509285,60,30,0.12697294520457603,0.1436948408271214,3997,1,0.2,2
[{'2052'}],0.13317898460926936,655,0.09148473258091094,0.35790834628786083,0.4493930788687718,493,162,0.14004891734498343,0.1729085167425553,3997,1,0.2,2
"[{'2157'}, {'2000'}]",0.13317029168190808,113,0.11667098491706629,0.31314649314365606,0.42981747806072235,88,25,0.13233451491992776,0.16181355325993846,3997,1,0.2,2
"[{'2005'}, {'1996'}]",0.13309190883027555,317,0.1159293610069716,0.3314720588873644,0.447401419894336,244,73,0.12091600399578374,0.17641157645778474,3997,1,0.2,2
"[{'2000'}, {'2111'}]",0.1330823197672207,61,0.13127031967956193,0.3304697345105969,0.46174005419015884,49,12,0.1167305339377655,0.15489478466332737,3997,1,0.2,2
"[{'1997'}, {'1996'}]",0.13307191372871713,895,0.08835223062923458,0.35580175956090293,0.4441539901901375,675,220,0.1426365796460102,0.16510946117387662,3997,1,0.2,2
[{'1013'}],0.13304235913859275,313,0.09745466417331144,0.3555057148344784,0.45296037900778985,241,72,0.13520508713387058,0.1603067568722552,3997,1,0.2,2
[{'2131'}],0.13303830595939298,316,0.0815056290947484,0.3704552264857631,0.4519608555805115,211,105,0.15681148029202188,0.16605117428300592,3997,1,0.2,2
[{'2029'}],0.13303661908727166,406,0.10019463509528514,0.3490016060666396,0.44919624116192475,312,94,0.146837632072667,0.16563587750838155,3997,1,0.2,2
"[{'1012'}, {'1997'}]",0.13302536230302123,172,0.1047945689998716,0.35112096109087504,0.45591553009074665,126,46,0.13736351731285598,0.17609311084500504,3997,1,0.2,2
[{'2576'}],0.13284243923223585,94,0.1121317087184815,0.3464877343603543,0.4586194430788358,70,24,0.14602357205507902,0.16986299633795907,3997,1,0.2,2
"[{'2168'}, {'1011'}]",0.13280068263458522,114,0.09142244225129104,0.3797445012590824,0.4711669435103734,78,36,0.16279048027659818,0.1897952560460238,3997,1,0.2,2
"[{'2023'}, {'1012'}]",0.13274121661257138,141,0.10324575686382154,0.3331568789543565,0.436402635818178,97,44,0.11743039840290247,0.1473907732303261,3997,1,0.2,2
"[{'1010'}, {'2130'}]",0.1327254762757125,76,0.12618493278748533,0.35418838215252707,0.4803733149400124,63,13,0.13430672914927652,0.17522415221352858,3997,1,0.2,2
"[{'2168'}, {'1011'}, {'3348'}]",0.132718226376298,105,0.08801462030302126,0.38614781452736385,0.4741624348303851,71,34,0.16467241966351676,0.1891380960176118,3997,1,0.2,2
[{'2096'}],0.13264960765214312,147,0.09949768659396052,0.36742664797183794,0.46692433456579846,117,30,0.14088718424766122,0.15756584967235984,3997,1,0.2,2
"[{'1012'}, {'2002'}]",0.13260592129410473,253,0.09533885206843984,0.35059710506533015,0.44593595713377,183,70,0.1411192132956797,0.15854363131933435,3997,1,0.2,2
"[{'2012'}, {'2035'}]",0.1325050290264131,65,0.105069027937093,0.37218865167860893,0.4772576796157019,51,14,0.1390762252884325,0.16596234144736144,3997,1,0.2,2
"[{'1998'}, {'1996'}]",0.1323722785584595,450,0.09734550459053115,0.34058883728202943,0.4379343418725606,334,116,0.13113069483719533,0.15559654161151065,3997,1,0.2,2
"[{'2009'}, {'2001'}]",0.13219805110277452,149,0.11424370806692813,0.3345552323952965,0.4487989404622246,115,34,0.12289597253344697,0.16149442641148604,3997,1,0.2,2
"[{'1000'}, {'1005'}]",0.13219242177617266,83,0.11040152753629379,0.3563101679559738,0.4667116954922676,63,20,0.13078332413048405,0.18106771606754446,3997,1,0.2,2
"[{'1005'}, {'2022'}]",0.13215045929589564,84,0.11700009621422863,0.32948383390903474,0.4464839301232634,55,29,0.12861616996454825,0.18368689518786746,3997,1,0.2,2
[{'2102'}],0.13213919318352751,157,0.08715780139679002,0.36436059911336216,0.4515184005101522,112,45,0.14138397693962465,0.15080223224459205,3997,1,0.2,2
"[{'4385'}, {'1012'}]",0.13211279687447453,102,0.1073954853525868,0.34989051600297294,0.45728600135555975,75,27,0.13470792153093117,0.17545054476778602,3997,1,0.2,2
[{'2044'}],0.13206944230391235,129,0.11000551464211228,0.3365121924214893,0.44651770706360155,90,39,0.11649472973352784,0.17673413914810748,3997,1,0.2,2
"[{'2025'}, {'2000'}]",0.1319655127341847,207,0.09402455687522887,0.3595482110977173,0.45357276797294616,157,50,0.15104994213496423,0.16045444286206526,3997,1,0.2,2
"[{'2004'}, {'1037'}]",0.1319634011507571,276,0.0937219021840155,0.3535233882910897,0.4472452904751052,209,67,0.1373128449461235,0.15565388616104409,3997,1,0.2,2
"[{'2000'}, {'2360'}]",0.13191694223310513,82,0.10539571249059271,0.3279603937906878,0.4333561062812805,56,26,0.14015076971076015,0.15600857444914115,3997,1,0.2,2
[{'10424'}],0.13191193784851868,63,0.09459967841935712,0.3536477989928667,0.4482474774122238,43,20,0.13005730525502598,0.14037515408908735,3997,1,0.2,2
"[{'2000'}, {'2009'}]",0.13176275988195651,112,0.11087323690090722,0.34249041810995196,0.4533636550108592,82,30,0.13043606924679532,0.18138741140619724,3997,1,0.2,2
"[{'1012'}, {'2065'}]",0.13159119992668625,325,0.09437401810933177,0.3477988841035698,0.44217290221290156,237,88,0.13600538984426552,0.16572324287110224,3997,1,0.2,2
[{'2092'}],0.1315767303728886,243,0.0922572331938154,0.3630921530496815,0.4553493862434969,184,59,0.14848880262773723,0.17203746508682366,3997,1,0.2,2
"[{'2038'}, {'2000'}]",0.13155428643107211,84,0.10308282401250757,0.35396578907966614,0.4570486130921737,61,23,0.1472692087659125,0.17213081965595167,3997,1,0.2,2
[{'8254'}],0.13145889927910193,171,0.08497838470669905,0.4757052164162155,0.39072683170951644,113,58,0.16683480297570538,0.16836464275175084,3997,1,0.2,2
"[{'2000'}, {'2031'}]",0.13143801561410845,122,0.10946913784926698,0.347761782942359,0.45723092079162597,97,25,0.15198979615073435,0.16323845895530686,3997,1,0.2,2
[{'2367'}],0.1314268250161573,115,0.10405645956811699,0.362297475176013,0.46635393474413,92,23,0.1444466772671823,0.16822146766724566,3997,1,0.2,2
"[{'2008'}, {'15667'}]",0.13142394279288352,77,0.0975880121642893,0.46912080455910077,0.37153279239481146,44,33,0.1650762978845656,0.12359425782076344,3997,1,0.2,2
[{'2034'}],0.13136025056118847,161,0.10280664106755238,0.3237226708481709,0.4265293119157233,120,41,0.12525474984677495,0.1688552899327607,3997,1,0.2,2
[{'2215'}],0.1313486841767872,309,0.08896987253451222,0.34945594026270693,0.43842581279721915,207,102,0.1364355957967315,0.16611503221102034,3997,1,0.2,2
"[{'1998'}, {'1996'}, {'1997'}]",0.13126766292209088,62,0.10427247281947172,0.34564744167857697,0.4499199144980487,45,17,0.1384913244533671,0.15248370507611236,3997,1,0.2,2
"[{'2097'}, {'2022'}]",0.1312673496104389,129,0.0946932061515563,0.32037459362994186,0.41506779978149816,91,38,0.11353619209732876,0.17138667607856437,3997,1,0.2,2
"[{'2035'}, {'1010'}]",0.1312641107317937,65,0.11205333444019205,0.3348222659981769,0.44687560043836894,46,19,0.11106945937010815,0.164646355564317,3997,1,0.2,2
"[{'2008'}, {'2052'}]",0.1311601340800092,75,0.11669523221010353,0.3361291749435559,0.4528244071536594,57,18,0.12569897729840876,0.1705571089230898,3997,1,0.2,2
"[{'1005'}, {'1056'}, {'1037'}]",0.13114341814476016,71,0.08219512673764451,0.39999432696236503,0.48218945370000954,54,17,0.16582374168112304,0.1621260460063226,3997,1,0.2,2
"[{'1996'}, {'2087'}]",0.13113641071554608,64,0.1060836239294572,0.3362622545524077,0.4423458784818649,44,20,0.11257990133405554,0.15221854905925644,3997,1,0.2,2
"[{'2022'}, {'2000'}]",0.13106629170329148,160,0.09904048815369604,0.34438766315579417,0.4434281513094902,120,40,0.14682772184345172,0.1523612927688467,3997,1,0.2,2
"[{'1010'}, {'2038'}]",0.13102365037909344,67,0.0994737339717014,0.35357593356267264,0.45304966753437403,46,21,0.13055590584350515,0.17007345676725213,3997,1,0.2,2
[{'2051'}],0.13101098358116792,246,0.09863084366056563,0.342753526147293,0.4413843698078586,184,62,0.13765342528155924,0.16173399851434117,3997,1,0.2,2
"[{'2027'}, {'5637'}]",0.13099792157994095,62,0.12838553510505973,0.4455541081206743,0.3171685730156146,43,19,0.17679247852474542,0.10662151343782998,3997,1,0.2,2
"[{'1012'}, {'1000'}]",0.13096828354167295,471,0.09108217179062339,0.3474152851426466,0.43849745693326997,352,119,0.13238526388467672,0.16307895220560292,3997,1,0.2,2
"[{'1010'}, {'1010'}]",0.13095906580832897,487,0.08427613865204225,0.35644457694352344,0.4407207155955657,356,131,0.14050867777959442,0.164193418677562,3997,1,0.2,2
"[{'1998'}, {'1011'}]",0.13094324278560407,84,0.10169622773925463,0.3493435447414716,0.45103977248072624,60,24,0.1509973713250541,0.16896781833029212,3997,1,0.2,2
[{'2241'}],0.13085310871731853,120,0.14570669606328013,0.31334341540932653,0.45905011147260666,100,20,0.10939719169506487,0.1979803099264557,3997,1,0.2,2
"[{'1029'}, {'1000'}]",0.13081807454070238,60,0.1340701820224709,0.3199012007402337,0.4539713827627046,46,14,0.11128845681806762,0.19191185295948765,3997,1,0.2,2
"[{'1012'}, {'1996'}, {'2003'}]",0.13081758783149577,73,0.09594284250349494,0.3576984989876841,0.453641341491179,51,22,0.14578246755655208,0.16737495889732631,3997,1,0.2,2
"[{'2065'}, {'1996'}]",0.13079151030315708,105,0.11705958266041161,0.33646423636395256,0.45352381902436417,81,24,0.12300802634212342,0.18402890132835734,3997,1,0.2,2
"[{'1012'}, {'2003'}, {'2025'}]",0.13070448791199912,62,0.08603927713064924,0.36859085339875447,0.4546301305294037,42,20,0.15421010956317938,0.1448868408136638,3997,1,0.2,2
"[{'1998'}, {'1037'}]",0.13067705325938841,163,0.09849267959482477,0.33487335251549544,0.4333660321103202,118,45,0.13890382491087577,0.15379834457956626,3997,1,0.2,2
"[{'1056'}, {'2000'}]",0.1306638318048165,136,0.08344860167655727,0.3686894763793264,0.4521380780558837,98,38,0.15395948916238866,0.1564932376856171,3997,1,0.2,2
[{'2036'}],0.13059224479901924,289,0.09348328587137228,0.34281182705791075,0.436295112929283,211,78,0.13155240340963867,0.15742987804900058,3997,1,0.2,2
[{'2105'}],0.130573452686467,77,0.08144387312280305,0.37986255479308795,0.461306427915891,53,24,0.14830131825519893,0.16461511591196745,3997,1,0.2,2
"[{'5637'}, {'6620'}]",0.1305702955326945,67,0.09641714737743373,0.42197720429231955,0.3255600569148858,43,24,0.12425245531053143,0.13050404217849373,3997,1,0.2,2
"[{'1996'}, {'2038'}]",0.13044977830375745,70,0.08881613332778215,0.37921713292598724,0.4680332662537694,54,16,0.158193543670748,0.15561034137698973,3997,1,0.2,2
[{'16824'}],0.13044529287309983,126,0.08879222542415433,0.3498513761125965,0.4386436015367508,81,45,0.13501074333093285,0.1555138131765526,3997,1,0.2,2
"[{'2003'}, {'2025'}, {'1037'}]",0.13040166049203997,71,0.08632252009865504,0.37394798464245266,0.4602705047411077,54,17,0.14601402009893413,0.12856576697368316,3997,1,0.2,2
[{'2001'}],0.1303938019650206,852,0.08492886110538761,0.351406340942933,0.4363352020483206,650,202,0.13941195170585274,0.1658705994764131,3997,1,0.2,2
[{'2021'}],0.130380989802642,1020,0.07258577382336145,0.3690177324266794,0.44160350625004086,768,252,0.14845930673197907,0.16512435670992873,3997,1,0.2,2
[{'5993'}],0.1303151780533175,119,0.10882545853087655,0.3505971486059328,0.4594226071368093,96,23,0.14257590867686507,0.17423843734573985,3997,1,0.2,2
"[{'1999'}, {'1037'}]",0.1303099256660467,215,0.1027156789221016,0.3427511752528303,0.44546685417493187,170,45,0.1305113273761732,0.1626005589396233,3997,1,0.2,2
[{'2969'}],0.13030845732342297,96,0.09092990138623763,0.46637848045291574,0.3754485790666781,58,38,0.16536745557788496,0.15025514232385198,3997,1,0.2,2
"[{'1010'}, {'2064'}]",0.1302914245283563,76,0.10104293885983917,0.324238846176549,0.4252817850363882,57,19,0.13268556411577076,0.1530810712425818,3997,1,0.2,2
"[{'1997'}, {'1996'}, {'1012'}]",0.13028548894107425,102,0.10257650793276052,0.34827121533453465,0.45084772326729516,80,22,0.130922945538583,0.1548297201204231,3997,1,0.2,2
"[{'2061'}, {'9527'}, {'2100'}]",0.13027243349445827,64,0.11855516949343303,0.45925751162899864,0.3407023421355656,36,28,0.1835159816793868,0.13906599365023048,3997,1,0.2,2
[{'2065'}],0.1302707501130196,878,0.08022837019071993,0.3543089412465622,0.43453731143728214,643,235,0.13771547864002825,0.1672740171816012,3997,1,0.2,2
"[{'1996'}, {'2005'}]",0.1302264873977762,117,0.0881149783571667,0.36293736854686015,0.45105234690402685,79,38,0.15238828520841644,0.17863308631260455,3997,1,0.2,2
"[{'1024'}, {'1013'}, {'1013'}]",0.13021873558414374,71,0.128012497063543,0.3442127308884605,0.4722252279520035,61,10,0.12005984488523336,0.16759549174504568,3997,1,0.2,2
"[{'1000'}, {'2000'}]",0.13020966613032844,105,0.09415445844196291,0.34923581411577254,0.44339027255773544,73,32,0.14094569158476802,0.16160926441124013,3997,1,0.2,2
"[{'1997'}, {'2216'}]",0.13014138719689222,77,0.08427377018061549,0.3808847180821679,0.4651584882627834,55,22,0.15798385016538458,0.17602875398246404,3997,1,0.2,2
[{'2005'}],0.13010110927777077,1652,0.07207632330088187,0.35857878711505153,0.4306551104159334,1194,458,0.14102712196798242,0.1646448741604617,3997,1,0.2,2
"[{'1998'}, {'2009'}]",0.1300942095277768,146,0.0835697754321269,0.3664438170250331,0.45001359245716,107,39,0.1474894987575342,0.15764242057629244,3997,1,0.2,2
[{'2187'}],0.13008442813590965,155,0.08129042031155931,0.3368041601543333,0.4180945804658926,102,53,0.1336256484692301,0.14441714070914588,3997,1,0.2,2
"[{'1999'}, {'2008'}]",0.13008075914542952,69,0.08722478713357473,0.31749350625149747,0.4047182933850722,47,22,0.11018831089300753,0.16672161040804998,3997,1,0.2,2
[{'2055'}],0.13003510766890572,780,0.07008590850628588,0.36998540416332953,0.4400713126696154,553,227,0.14941334000706002,0.16855317560987057,3997,1,0.2,2
"[{'1005'}, {'1056'}, {'1996'}]",0.1300215529065089,101,0.09029531294439869,0.3554545036733967,0.4457498166177954,73,28,0.14766607568405052,0.15325774036579748,3997,1,0.2,2
"[{'2241'}, {'2006'}]",0.12993723263730347,93,0.1437959525161065,0.31101827062666415,0.45481422314277065,80,13,0.1123642142892491,0.17660541983522998,3997,1,0.2,2
"[{'1010'}, {'2000'}]",0.1299244026039041,187,0.10220534455062996,0.3368171059423023,0.43902245049293226,135,52,0.14037431614157278,0.1784189503406392,3997,1,0.2,2
"[{'1996'}, {'2088'}]",0.12992407748585713,109,0.07236184366047382,0.3813181649893522,0.45368000864982605,72,37,0.13798503567059464,0.15741171141321428,3997,1,0.2,2
"[{'2021'}, {'1996'}]",0.129918323460964,105,0.10104692535086429,0.3665255831385201,0.46757250848938436,88,17,0.14488062320984746,0.15655997890876613,3997,1,0.2,2
"[{'15667'}, {'2003'}]",0.12989114588472006,68,0.1085959551303754,0.4617525109130403,0.3531565557826649,46,22,0.16300609013869402,0.13024322339997652,3997,1,0.2,2
"[{'1996'}, {'1998'}]",0.1298890809137846,270,0.09106945057188143,0.352740256088536,0.4438097066604174,205,65,0.1406969310015696,0.1686766637494735,3997,1,0.2,2
"[{'1012'}, {'2008'}, {'1055'}]",0.12988333822260817,67,0.08418640927329918,0.3787786007548372,0.4629650100281364,48,19,0.13579163518767334,0.1697971056199358,3997,1,0.2,2
[{'2006'}],0.12982696227548043,1115,0.07992900877709574,0.34973711791765366,0.4296661266947494,843,272,0.14613520890213458,0.15618414536367406,3997,1,0.2,2
"[{'1000'}, {'1012'}, {'1012'}]",0.12971659685741516,60,0.10961744867253032,0.3564315060985849,0.46604895477111524,47,13,0.12597048527516352,0.19013850774606067,3997,1,0.2,2
"[{'1012'}, {'2000'}]",0.12971514489229194,139,0.09544441140033016,0.34335650814076263,0.4388009195410928,96,43,0.1337593713739648,0.16969455671138922,3997,1,0.2,2
"[{'1012'}, {'2064'}]",0.129714569804249,108,0.08730955744829677,0.3687736164869332,0.45608317393522996,82,26,0.16255717921565463,0.14719303883907683,3997,1,0.2,2
"[{'2053'}, {'2028'}]",0.12970545341820972,93,0.07822488975978037,0.37373895629456166,0.45196384605434203,57,36,0.14935467336217903,0.17385768197726162,3997,1,0.2,2
"[{'1000'}, {'1998'}]",0.1296872429364576,133,0.08778788565020812,0.360402312874794,0.44819019852500214,95,38,0.14751381126840749,0.17128733170422833,3997,1,0.2,2
"[{'2030'}, {'1996'}]",0.12963848003688372,98,0.08923829996303934,0.36383984519823176,0.4530781451612711,74,24,0.13918840952420092,0.15957344415469235,3997,1,0.2,2
"[{'2074'}, {'1037'}]",0.1296185706095294,62,0.09443341070878591,0.3688788654956412,0.4633122762044271,47,15,0.13109054802460735,0.17415646554319425,3997,1,0.2,2
"[{'1997'}, {'2149'}]",0.12960210191783897,60,0.07486285624856298,0.40309426391666586,0.47795712016522884,44,16,0.1718122109707847,0.15933657178121508,3997,1,0.2,2
"[{'1045'}, {'2025'}]",0.129600755459002,88,0.0977731163634194,0.33025184439288247,0.42802496075630186,63,25,0.12287750124612241,0.16189329326256863,3997,1,0.2,2
"[{'2007'}, {'5637'}]",0.12959100493443698,82,0.08862516582766189,0.3630851650354909,0.45171033086315276,51,31,0.12716682033831458,0.19171333810123473,3997,1,0.2,2
[{'2064'}],0.1295863057231837,652,0.07191110544846879,0.36686985472920525,0.43878096017767404,482,170,0.15420096392989674,0.1589551185225167,3997,1,0.2,2
"[{'1010'}, {'4385'}, {'1012'}]",0.1295814656118793,82,0.10260365199498073,0.3429679208892887,0.4455715728842694,59,23,0.12964602685016777,0.1746517770187831,3997,1,0.2,2
"[{'1012'}, {'2021'}]",0.12953258792311279,288,0.08271372964530638,0.3564960698996271,0.4392097995449335,210,78,0.13980234641032263,0.1610179093490438,3997,1,0.2,2
"[{'2008'}, {'2027'}]",0.1295295612007784,145,0.08008295648344255,0.37575258919090593,0.4558355456743485,106,39,0.14675065171254942,0.17251198287878086,3997,1,0.2,2
[{'2168'}],0.12952275661226004,433,0.07725592505603779,0.36977647005195496,0.44703239510799275,317,116,0.1520379378191388,0.18315681520555116,3997,1,0.2,2
"[{'2007'}, {'1037'}]",0.12951543926980014,139,0.08960055722546562,0.355187072327324,0.4447876295527896,102,37,0.13277219259010048,0.16313188846915513,3997,1,0.2,2
"[{'2003'}, {'1000'}]",0.1294845575676302,102,0.06624056990923627,0.4008930559669222,0.4671336258761585,70,32,0.16765808519762937,0.14825984012341026,3997,1,0.2,2
"[{'5637'}, {'1011'}]",0.12947072075712115,79,0.08417265202595986,0.3647689071466338,0.44894155917259365,53,26,0.143784433401028,0.16512884934791774,3997,1,0.2,2
"[{'1010'}, {'1045'}]",0.12946881413957617,446,0.08722121018545453,0.34970395923370406,0.4369251694191586,336,110,0.13536196778229437,0.1687853873812607,3997,1,0.2,2
[{'2152'}],0.12931093293641907,64,0.09788510575890541,0.3649011645466089,0.46278627030551434,48,16,0.14011131414681627,0.18999796069906508,3997,1,0.2,2
[{'2026'}],0.12927027529074545,447,0.08187723446955786,0.35814303786652846,0.4400202723360863,328,119,0.13797844672508208,0.17884713313905487,3997,1,0.2,2
"[{'1996'}, {'2003'}]",0.12923462461372856,262,0.085057015735303,0.3509275239446889,0.4359845396799919,184,78,0.13670268377283012,0.16752369585673038,3997,1,0.2,2
"[{'1010'}, {'2021'}]",0.12923126554488884,457,0.07420354738445034,0.37241657868414174,0.4466201260685921,347,110,0.15358036081991375,0.1693330509857203,3997,1,0.2,2
[{'2451'}],0.12915747693703,152,0.07614115508216801,0.379219595275142,0.45536075035731,110,42,0.14937067324421235,0.1733916984154693,3997,1,0.2,2
"[{'1045'}, {'2001'}]",0.12914442541978516,83,0.0986047174389425,0.35657266341149807,0.45517738085044057,64,19,0.1362242477229221,0.17542330318841196,3997,1,0.2,2
"[{'1010'}, {'1997'}]",0.12914240482717487,156,0.07431439635830539,0.393764914393425,0.46807931075173037,125,31,0.15815004402825683,0.1564965028873802,3997,1,0.2,2
"[{'1012'}, {'2003'}, {'1996'}]",0.12908539264922259,88,0.0731730791805148,0.3996378669484717,0.4728109461289865,61,27,0.1651218840563203,0.19639574982355934,3997,1,0.2,2
[{'2004'}],0.12900816987198446,1222,0.06954146544079098,0.3649181300985275,0.4344595955393185,909,313,0.1437739726647653,0.16900380381869518,3997,1,0.2,2
"[{'1012'}, {'2017'}, {'2024'}]",0.12900712941312492,62,0.08430471918767407,0.3932801367094119,0.477584855897086,48,14,0.16452022839680808,0.18360743285362016,3997,1,0.2,2
"[{'5637'}, {'3348'}]",0.1289031249684704,65,0.10158189495651376,0.46348013696463214,0.3618982420081184,23,42,0.1781418522696409,0.14316880989798553,3997,1,0.2,2
"[{'1012'}, {'2001'}]",0.12889577583516237,135,0.11383093213426188,0.3287242590537611,0.442555191188023,106,29,0.12132211653500277,0.18627634066092694,3997,1,0.2,2
"[{'1029'}, {'1045'}]",0.128842277926679,111,0.0804460536002411,0.3651608630287938,0.4456069166290349,82,29,0.14781906796668773,0.14950937656520005,3997,1,0.2,2
"[{'2040'}, {'2031'}]",0.12882146022920613,72,0.07304788153306602,0.41966973579135436,0.4927176173244204,58,14,0.15484755257308427,0.17249908174616393,3997,1,0.2,2
"[{'1037'}, {'1000'}]",0.12879618791086797,122,0.07855290119180974,0.37592558916082086,0.4544784903526306,97,25,0.1428940519151643,0.13883075858945587,3997,1,0.2,2
"[{'2003'}, {'2025'}]",0.12878264787585583,358,0.06617662782868206,0.38176331002461283,0.4479399378532949,266,92,0.1527678511514063,0.1601036419822688,3997,1,0.2,2
"[{'2040'}, {'2003'}]",0.12874963276632828,70,0.08446099624988879,0.3549822343790785,0.4394432306289673,47,23,0.13648682205849097,0.14995249516842404,3997,1,0.2,2
[{'2292'}],0.12874210126465585,140,0.08325239293277265,0.3533757494390011,0.4366281423717737,100,40,0.13021712433467414,0.14990413938452046,3997,1,0.2,2
"[{'2151'}, {'1997'}]",0.1287355935965023,69,0.0869575166808707,0.3740627287576596,0.4610202454385303,48,21,0.15789202548749887,0.20046122795065618,3997,1,0.2,2
"[{'2066'}, {'1996'}]",0.12871219799160669,69,0.0859057346350467,0.3594186512323526,0.4453243858673993,52,17,0.13898829396926543,0.14091351299641652,3997,1,0.2,2
"[{'2025'}, {'1996'}]",0.12870256578095454,187,0.0924952906851379,0.3474871594760869,0.4399824501612248,148,39,0.1462071706003416,0.15159754593125063,3997,1,0.2,2
"[{'1037'}, {'2711'}]",0.12868612080313394,90,0.09566106513780065,0.3580367422717459,0.45369780740954657,68,22,0.1357851323841341,0.18576922157158943,3997,1,0.2,2
"[{'2000'}, {'2068'}]",0.12864453988736005,105,0.08597311049290912,0.34935849579051137,0.4353316062834205,64,41,0.12812605530218923,0.168295171728561,3997,1,0.2,2
"[{'2009'}, {'1005'}, {'1056'}]",0.128636953902534,69,0.1331712328901859,0.31644261191631184,0.44961384480649774,58,11,0.11030822888682076,0.1825408247769773,3997,1,0.2,2
"[{'1010'}, {'2005'}]",0.12863464677158706,109,0.10613357642393434,0.3452749081541983,0.45140848457813265,89,20,0.13832517024921712,0.1693095934807206,3997,1,0.2,2
"[{'2065'}, {'2017'}]",0.12862291776932575,232,0.08738755016956168,0.3482046431588556,0.43559219332841725,167,65,0.14271688006774447,0.17101852279373334,3997,1,0.2,2
"[{'2001'}, {'1996'}]",0.1285479270249135,96,0.1079786050523448,0.3424015083374121,0.4503801133897569,78,18,0.12464205261369714,0.16986145668634445,3997,1,0.2,2
[{'2151'}],0.1285412225439982,414,0.07959242015732587,0.3562460580786455,0.4358384782359714,309,105,0.14323162100160777,0.16626410044025494,3997,1,0.2,2
"[{'2035'}, {'1997'}]",0.12850565438739342,110,0.08242772660334069,0.3823250660608555,0.46475279266419617,87,23,0.1409469667032519,0.17438913279648457,3997,1,0.2,2
"[{'1998'}, {'1010'}]",0.1285004660357673,216,0.0847349366665332,0.34613177949696583,0.43086671616349903,153,63,0.12991234210115843,0.155522993285641,3997,1,0.2,2
[{'4122'}],0.12841837726006167,76,0.08407181216567344,0.3358367217599221,0.4199085339255955,53,23,0.14194236658673168,0.1448522428728805,3997,1,0.2,2
"[{'1996'}, {'1012'}]",0.12840349447834692,646,0.07345616587900289,0.359010299036443,0.4324664649154459,478,168,0.14533636952688814,0.16277268870828665,3997,1,0.2,2
[{'2277'}],0.12834337349823108,464,0.07722144075488857,0.3552177924836098,0.43243923323849837,344,120,0.14004492860964143,0.1605161983592446,3997,1,0.2,2
[{'15667'}],0.12833043138371164,1006,0.08054040374425858,0.4421126178679643,0.3615722141237057,675,331,0.1671955891424854,0.13737832728250046,3997,1,0.2,2
"[{'1005'}, {'1056'}, {'2000'}]",0.12830499315374608,126,0.07467705545189618,0.3727862892242578,0.447463344676154,91,35,0.15790148310667734,0.16075340524653667,3997,1,0.2,2
[{'3017'}],0.12830322379255113,146,0.07736034654811319,0.3673499938027531,0.4447103403508663,102,44,0.1372867522674694,0.17282849257331248,3997,1,0.2,2
"[{'2005'}, {'1010'}]",0.12823592659969624,160,0.08210152251025044,0.35495132046441236,0.4370528429746628,120,40,0.1389017929006951,0.14813895100769778,3997,1,0.2,2
"[{'1996'}, {'2034'}]",0.12823339622092325,78,0.08100168194089619,0.32082179685433704,0.4018234787952332,57,21,0.1149003182829873,0.16505127844163645,3997,1,0.2,2
"[{'1010'}, {'2002'}]",0.12822939389738255,183,0.08892739979481251,0.3394479368571882,0.4283753366520007,135,48,0.12171674236230846,0.16110745498726134,3997,1,0.2,2
[{'8398'}],0.1281996105176266,215,0.07420825873497466,0.33648803870420196,0.4106962974391766,148,67,0.12890902920499292,0.16208800263983053,3997,1,0.2,2
"[{'5637'}, {'1029'}]",0.12819757876035368,133,0.11140590206700923,0.4455106960875647,0.3341047940205555,84,49,0.1841557806075713,0.11464317046579023,3997,1,0.2,2
[{'10296'}],0.12818493037378298,140,0.0858284288903941,0.36944947657377825,0.45527790546417235,115,25,0.13887754031735466,0.15562402910036796,3997,1,0.2,2
"[{'1999'}, {'1996'}]",0.12812493436017527,798,0.06577489727259433,0.3642336864500664,0.4300085837226607,571,227,0.1443055797326816,0.15812110935803247,3997,1,0.2,2
"[{'1010'}, {'2059'}]",0.12809908822611138,147,0.08775630033499487,0.35202097445726394,0.4397772747922588,110,37,0.13550147054214287,0.16612113108216203,3997,1,0.2,2
"[{'1010'}, {'1010'}, {'1998'}]",0.1280979027494798,114,0.08197946997541117,0.35811476863738967,0.44009423861280084,82,32,0.12903789849656763,0.15895200616388352,3997,1,0.2,2
"[{'1037'}, {'1998'}]",0.12809725106317368,129,0.08538374747341165,0.3424841918699119,0.42786793934332357,92,37,0.12045318322490949,0.14680146786610956,3997,1,0.2,2
[{'2033'}],0.12805059049758263,318,0.06497857954426856,0.3739668997373875,0.43894547928165606,227,91,0.15021495545499575,0.15436323253998993,3997,1,0.2,2
"[{'1999'}, {'1996'}, {'1997'}]",0.12801621094834506,97,0.09851808546038415,0.34520798476485465,0.4437260702252388,77,20,0.14205160616704088,0.16021460557556755,3997,1,0.2,2
"[{'1010'}, {'2074'}]",0.1280027145228266,79,0.07040364976671543,0.38718438600855215,0.4575880357752676,56,23,0.14330819769871317,0.16832677810816,3997,1,0.2,2
"[{'1012'}, {'1010'}]",0.12795761862843558,476,0.07818504232255852,0.34842692035086015,0.42661196267341867,340,136,0.13755172355043174,0.16165088814542525,3997,1,0.2,2
[{'2182'}],0.12795304161796922,206,0.07304460821358583,0.36493560008398473,0.43798020829757056,146,60,0.14506172329393996,0.15990724094267728,3997,1,0.2,2
"[{'1998'}, {'1000'}]",0.1278982461381955,90,0.07712202207543528,0.33350873133167624,0.4106307534071115,64,26,0.12621205824119788,0.14675680421994994,3997,1,0.2,2
"[{'1998'}, {'2024'}]",0.12786457195161605,98,0.10676469176825953,0.4108379603159137,0.30407326854765415,82,16,0.16926448021445412,0.12167910103049016,3997,1,0.2,2
"[{'1010'}, {'1996'}]",0.1277691728705709,705,0.07510070334616542,0.34840329699218275,0.4235040003383482,520,185,0.14274392829945384,0.1593521293338786,3997,1,0.2,2
"[{'1000'}, {'1996'}]",0.1277440693165387,234,0.07776625464834713,0.3591666625703082,0.43693291721865535,170,64,0.1403064036323407,0.16905289577599933,3997,1,0.2,2
"[{'2000'}, {'5637'}]",0.1276909620552199,217,0.06643612735016041,0.37991204409817464,0.44634817144833505,153,64,0.1575280130728624,0.17398441297083014,3997,1,0.2,2
"[{'1011'}, {'3348'}]",0.12769044127786075,119,0.06483153204897768,0.393648518640318,0.4584800506892957,81,38,0.16320231710050379,0.18558916393271643,3997,1,0.2,2
[{'2023'}],0.12766428967886767,952,0.0645449057331875,0.36082901029257447,0.42537391602576197,666,286,0.1449006832686072,0.15896209754675958,3997,1,0.2,2
[{'2063'}],0.12766112067486973,116,0.0742697808728951,0.37992717693833744,0.45419695781123254,85,31,0.15506722126052688,0.18095028675988598,3997,1,0.2,2
"[{'1005'}, {'1005'}]",0.1276235106079692,88,0.0948797444252455,0.3525118471487709,0.44739159157401637,69,19,0.11132875002217464,0.17281362005730913,3997,1,0.2,2
"[{'1996'}, {'1997'}]",0.12758787660016838,1016,0.0692198732208244,0.35875383419952844,0.42797370742035284,759,257,0.14759333793392349,0.16537911958004195,3997,1,0.2,2
"[{'1998'}, {'1005'}, {'1055'}]",0.1275550422958446,66,0.07662848321100074,0.39041326257089776,0.4670417457818985,48,18,0.1484874430804846,0.2000962452598339,3997,1,0.2,2
[{'3531'}],0.1275525004899385,84,0.08296332075434215,0.35285927102727405,0.4358225917816162,59,25,0.15501759895267486,0.14811971080435582,3997,1,0.2,2
"[{'1010'}, {'4385'}]",0.12754301896183437,99,0.09408044411220412,0.34110618587853253,0.43518662999073665,69,30,0.12431051739011771,0.18169918523358675,3997,1,0.2,2
[{'2518'}],0.12754256107940598,143,0.0745164134239078,0.3708331172389013,0.4453495306628091,108,35,0.148914686996749,0.15995110120939313,3997,1,0.2,2
"[{'2168'}, {'3348'}]",0.127521256873532,151,0.06859588616083717,0.38746530569602394,0.4560611918568611,107,44,0.16628644070623988,0.19345907032490647,3997,1,0.2,2
"[{'1996'}, {'1011'}]",0.12750891759881497,155,0.07022146124120471,0.33196150072451147,0.4021829619657162,112,43,0.13220181714459325,0.15556497581614784,3997,1,0.2,2
[{'2077'}],0.1275085660566843,114,0.0940403496123361,0.3402565285024873,0.43429687811482337,83,31,0.13158778757612816,0.17306491534507942,3997,1,0.2,2
"[{'1996'}, {'2008'}]",0.12749794734881517,241,0.07335038199639887,0.36038250792985677,0.43373288992625564,174,67,0.1448786364779755,0.15754147736074814,3997,1,0.2,2
[{'2050'}],0.1274806208875783,87,0.07664667686884974,0.3643826652886504,0.4410293421575001,59,28,0.16568336569063205,0.16403430489532092,3997,1,0.2,2
[{'2032'}],0.12747435949595246,191,0.06627772231100765,0.37927125078259094,0.4455489730935986,132,59,0.15426812465202006,0.17601268544097315,3997,1,0.2,2
[{'4752'}],0.12746585970660207,62,0.12152504749022996,0.3426098989752623,0.46413494646549225,52,10,0.1533790266504352,0.20887459694168076,3997,1,0.2,2
"[{'1012'}, {'1999'}]",0.1274604833939453,200,0.08913056021392868,0.33935079851040717,0.42848135872433585,152,48,0.13024775035064287,0.16920500592726084,3997,1,0.2,2
"[{'1998'}, {'1998'}]",0.12744599767409573,65,0.08850856837299131,0.34502222273084854,0.43353079110383985,45,20,0.12462962973920443,0.1556101845760796,3997,1,0.2,2
[{'2007'}],0.1274119189619446,1264,0.06114297716122252,0.36605625264263997,0.4271992298038625,902,362,0.1453069571114784,0.1658352682236155,3997,1,0.2,2
"[{'2000'}, {'1010'}]",0.12738873598957784,167,0.0802140191845272,0.3559564992137577,0.4361705183982849,115,52,0.142293667167761,0.1809101393745612,3997,1,0.2,2
[{'1000'}],0.12732442615878078,1319,0.05799790913158992,0.3722091481274317,0.43020705725902164,968,351,0.1478678429892981,0.16268462816329501,3997,1,0.2,2
[{'2964'}],0.1273076152230878,85,0.07793248066535363,0.32341001561054816,0.4013424962759018,65,20,0.1177256508942936,0.15867465697376235,3997,1,0.2,2
"[{'1996'}, {'1997'}, {'1012'}]",0.12728860928148114,83,0.07922085285137753,0.3725567057263106,0.45177755857768814,64,19,0.16454943741681874,0.1538816229377612,3997,1,0.2,2
"[{'1045'}, {'1996'}]",0.1272488120839658,114,0.07981237454766849,0.3615205904772115,0.44133296502488,86,28,0.1340651991775604,0.15970163846526336,3997,1,0.2,2
"[{'2512'}, {'1011'}]",0.1272385666923759,90,0.06845674045753969,0.3935784802470409,0.4620352207045806,71,19,0.15041088977501738,0.15641887615394112,3997,1,0.2,2
"[{'1012'}, {'2053'}]",0.1271922152076014,147,0.0773700776081852,0.3723718613649892,0.4497419389731744,113,34,0.15139224834483783,0.17849549002747692,3997,1,0.2,2
[{'2070'}],0.12718732199623758,366,0.06915418756900782,0.3682851903680442,0.437439377937052,276,90,0.14386385009739702,0.16523546687333737,3997,1,0.2,2
[{'2222'}],0.12716735427364173,86,0.09578384511465854,0.3406336172705605,0.43641746238521906,63,23,0.14053967291321293,0.17828066071757626,3997,1,0.2,2
"[{'2023'}, {'1010'}]",0.12713193614819648,98,0.0709035327469093,0.37671295499456103,0.44761648774147034,69,29,0.15860307063652337,0.1727399126903055,3997,1,0.2,2
"[{'2031'}, {'2000'}]",0.12713110830147129,186,0.07385103168313978,0.3573817770068462,0.431232808689986,130,56,0.15284383465234005,0.15750325736302942,3997,1,0.2,2
"[{'1005'}, {'2025'}]",0.1271070012201266,154,0.05693405041180183,0.3911866816105666,0.4481207320223684,108,46,0.15404664216675015,0.15423962118922782,3997,1,0.2,2
"[{'1010'}, {'1005'}, {'1055'}]",0.12710286357257736,131,0.07723325918118162,0.35357386370499927,0.4308071228861809,81,50,0.12953635893210705,0.17142475383863529,3997,1,0.2,2
"[{'2000'}, {'1996'}, {'1012'}]",0.12709519292257215,62,0.10162911181640777,0.3268375314620076,0.4284666432784154,49,13,0.13677834420220955,0.1752821491056122,3997,1,0.2,2
"[{'2009'}, {'2003'}, {'2025'}]",0.12709411427877698,66,0.06692729124835889,0.3966458883940005,0.4635731796423594,51,15,0.152333159808246,0.1571030564120553,3997,1,0.2,2
"[{'1000'}, {'1037'}]",0.12707041680139244,70,0.08338304823581649,0.3366837931029937,0.42006684133881017,51,19,0.11203562164983165,0.15233277147773147,3997,1,0.2,2
"[{'1011'}, {'1011'}, {'1011'}]",0.12703931526648365,101,0.08088649456317609,0.34246255695819855,0.42334905152137464,75,26,0.10809537143749498,0.1400097026139415,3997,1,0.2,2
"[{'1005'}, {'2222'}]",0.12703344756166116,83,0.0963849156273282,0.34073577870110994,0.43712069432843814,61,22,0.14280675641080148,0.18225626649428894,3997,1,0.2,2
[{'2037'}],0.12702518766397053,828,0.05920089994069955,0.3733318976268468,0.43253279756754637,604,224,0.14737171629805731,0.16572002854531662,3997,1,0.2,2
"[{'1010'}, {'15667'}]",0.12699464367732732,100,0.08735882500781872,0.4505672204116034,0.3632083954037847,63,37,0.16835730848679947,0.12995765703340717,3997,1,0.2,2
"[{'1996'}, {'2168'}]",0.1269564149566472,267,0.07258557671250437,0.3627598431614256,0.43534541987393,194,73,0.14561617679624117,0.17310269679261614,3997,1,0.2,2
"[{'2009'}, {'2022'}]",0.12694334024856962,98,0.07655533729242542,0.33899454142845853,0.41554987872088395,71,27,0.1477237462262173,0.14720716013250523,3997,1,0.2,2
"[{'1010'}, {'5637'}, {'1010'}]",0.12688375592694812,113,0.06796262276220516,0.32903089113982326,0.3969935139020284,83,30,0.12633479098128625,0.1548463315685228,3997,1,0.2,2
"[{'1997'}, {'2000'}]",0.12685800222954818,74,0.0802888927120034,0.3066638253869549,0.3869527180989583,62,12,0.12211957382464679,0.15501277888328266,3997,1,0.2,2
"[{'1996'}, {'1000'}]",0.12680414698675346,252,0.0690251567050853,0.3647144278916328,0.4337395845967181,184,68,0.14498532687483986,0.1598712319086224,3997,1,0.2,2
"[{'2045'}, {'2003'}]",0.12680380852884757,236,0.06483294254979172,0.3770789788604456,0.44191192141023733,177,59,0.15047383102591366,0.16196950082657358,3997,1,0.2,2
"[{'2035'}, {'1996'}]",0.12679360144970048,172,0.06284935027360916,0.3844241052865982,0.44727345556020737,128,44,0.1531088007512436,0.16254264110707653,3997,1,0.2,2
"[{'2031'}, {'1037'}]",0.12678399777808075,196,0.06589794057090959,0.374216985765037,0.44011492633594657,143,53,0.14852487490053778,0.1625790650958859,3997,1,0.2,2
"[{'3475'}, {'1056'}]",0.12677068410941025,132,0.06728643544555934,0.37716201178191866,0.444448447227478,97,35,0.16224641927035977,0.16244641823452052,3997,1,0.2,2
"[{'1029'}, {'1996'}]",0.12675932633048206,107,0.08496197884281476,0.34275762538115184,0.4277196042239666,75,32,0.13846923925603918,0.16814590830815593,3997,1,0.2,2
[{'2089'}],0.1267119867417005,151,0.08441538004433119,0.33673735964493673,0.4211527396892679,122,29,0.1287729549658461,0.14754827761540285,3997,1,0.2,2
[{'2903'}],0.12668623910086818,199,0.07927781684231633,0.34797833597576117,0.4272561528180775,142,57,0.14401190582369125,0.16276730836208236,3997,1,0.2,2
"[{'2025'}, {'1037'}]",0.12668485149562025,218,0.07466403877160782,0.35146946698809284,0.42613350575970066,156,62,0.13459221392021958,0.1518877977748968,3997,1,0.2,2
"[{'1000'}, {'5637'}, {'1000'}]",0.12665948108747482,111,0.06883821645122029,0.4679476775420018,0.3991094610907815,78,33,0.1694833923049969,0.13791409761080722,3997,1,0.2,2
"[{'1000'}, {'2017'}]",0.1266555241358187,84,0.0716054330134796,0.37786434969659577,0.44946978271007537,59,25,0.15073586488452648,0.18511457777711585,3997,1,0.2,2
"[{'2008'}, {'1010'}]",0.1266359939935295,154,0.08816226938013305,0.34215379140134583,0.4303160607814789,118,36,0.14186022969077058,0.16468984490628655,3997,1,0.2,2
"[{'1000'}, {'15667'}]",0.12656955684334772,66,0.08395386299662688,0.45755381986152294,0.37359995686489605,43,23,0.17394943382913358,0.13514309972742955,3997,1,0.2,2
"[{'2115'}, {'1012'}]",0.12655677304239998,85,0.06744151507814727,0.3865267756084601,0.4539682906866074,60,25,0.1542689699624159,0.18700945722354764,3997,1,0.2,2
"[{'2000'}, {'2079'}]",0.12653378141304206,181,0.055435197155185634,0.33172933534899757,0.3871645325041832,134,47,0.13766024846363675,0.1359036635735209,3997,1,0.2,2
"[{'1999'}, {'1997'}]",0.12649970587574907,99,0.09066208798588415,0.3406426918048125,0.43130477979069665,78,21,0.14918645023387717,0.15119842436016714,3997,1,0.2,2
"[{'3475'}, {'1005'}, {'1056'}]",0.12649602144971414,126,0.06788728568968772,0.37232734102715725,0.44021462671684497,93,33,0.1562622622433141,0.15580032194511964,3997,1,0.2,2
"[{'3475'}, {'1005'}]",0.12649602144971414,126,0.06788728568968772,0.37232734102715725,0.44021462671684497,93,33,0.1562622622433141,0.15580032194511964,3997,1,0.2,2
"[{'2008'}, {'1055'}]",0.12649308651988514,179,0.06789296327365768,0.36751099303364754,0.4354039563073052,116,63,0.1400521827086133,0.1824130947837299,3997,1,0.2,2
"[{'2027'}, {'2031'}]",0.12643507658064143,109,0.06442308591677198,0.37626941865071273,0.4406925045674847,78,31,0.15087729698555333,0.15409119014582257,3997,1,0.2,2
[{'2011'}],0.1264246862116008,738,0.05877322729902179,0.3739375575481217,0.4327107848471435,549,189,0.15313651257728256,0.1683281741765391,3997,1,0.2,2
"[{'2108'}, {'5637'}]",0.1264023144667064,141,0.07753281568392334,0.44760704948299235,0.370074233799069,87,54,0.162901706017469,0.16517101510431126,3997,1,0.2,2
"[{'2002'}, {'2001'}]",0.1263790621375036,126,0.0692262143071446,0.3664920962946389,0.4357183106017835,93,33,0.13874605137588417,0.1500528181778522,3997,1,0.2,2
"[{'1996'}, {'1999'}]",0.12632468848345468,140,0.07487773941793147,0.35796670528870184,0.4328444447066333,103,37,0.14104967322995157,0.15950883011038283,3997,1,0.2,2
[{'2069'}],0.1263197600633326,362,0.06589191508039027,0.36628033344944316,0.43217224852983344,276,86,0.15526933953074398,0.15626443203358084,3997,1,0.2,2
"[{'15667'}, {'2015'}, {'1010'}]",0.12631949611667492,74,0.09662694375623354,0.4388070587407459,0.34218011498451234,44,30,0.1528312430688691,0.1401321583617266,3997,1,0.2,2
"[{'1996'}, {'2015'}]",0.12628603924221216,132,0.05146888541796851,0.3998165609108077,0.4512854463287762,90,42,0.16290573972948594,0.14720841465563111,3997,1,0.2,2
"[{'2003'}, {'1010'}]",0.1262789136315591,176,0.07109698316171059,0.3452165586253007,0.4163135417870113,120,56,0.12727573045360632,0.16400607251745986,3997,1,0.2,2
[{'2002'}],0.1262752125095637,718,0.0627513759300451,0.361115618494519,0.4238669944245641,513,205,0.14489369358430407,0.16337551350343005,3997,1,0.2,2
"[{'1996'}, {'2451'}]",0.12626762597978058,100,0.05803596557607993,0.3917186494967709,0.4497546150728508,73,27,0.1533219036336218,0.15494168249029813,3997,1,0.2,2
"[{'1010'}, {'2009'}]",0.12626752797453963,380,0.06946852796511677,0.36332822667092696,0.4327967546360437,294,86,0.15008333623706796,0.16386229341165814,3997,1,0.2,2
[{'2465'}],0.1262629770936965,68,0.08587655746783146,0.35124671215913733,0.4371232696269688,49,19,0.14047187799695213,0.17841229934175792,3997,1,0.2,2
"[{'2045'}, {'1005'}]",0.12624393082312416,67,0.08486663732888566,0.35634796883700026,0.4412146061658859,53,14,0.13248536079468465,0.15482505820721176,3997,1,0.2,2
"[{'1997'}, {'1037'}]",0.12618095737534146,231,0.07615825392151504,0.34795037467600937,0.4241086285975244,177,54,0.14445963761660455,0.14737573959163594,3997,1,0.2,2
[{'2127'}],0.12617274275110135,98,0.10286098495125773,0.3361400686204433,0.43900105357170105,80,18,0.12903748087205208,0.17893821431483634,3997,1,0.2,2
[{'2134'}],0.12616187639245657,126,0.08066708118180788,0.34858701766833017,0.42925409885013804,92,34,0.14320812758087006,0.16283525536941337,3997,1,0.2,2
"[{'2003'}, {'2000'}]",0.12615476515843238,264,0.06434988502842265,0.36822658424314697,0.4325764692715696,190,74,0.1446524260247913,0.16449421565012196,3997,1,0.2,2
[{'2031'}],0.12614840389370008,1219,0.05772646578217572,0.36721631980391667,0.4249427855860924,902,317,0.14935909846657539,0.16422211243518992,3997,1,0.2,2
[{'2129'}],0.12613857858930683,460,0.06593851425222585,0.36140563108704304,0.4273441453392689,330,130,0.14594281300747275,0.17131512133602533,3997,1,0.2,2
[{'2097'}],0.12608058235392644,497,0.06481312760849917,0.3501564230261407,0.41496955063463986,359,138,0.1416350591737213,0.15886274767185124,3997,1,0.2,2
"[{'1010'}, {'2009'}, {'1005'}]",0.1260606007688992,97,0.06500633377581833,0.33735755980014803,0.40236389357596636,65,32,0.12608386828565285,0.16026452781356762,3997,1,0.2,2
[{'2043'}],0.1260561973827107,521,0.06230467138613455,0.3617076962457403,0.42401236763187483,368,153,0.14065176762965026,0.1600285039448364,3997,1,0.2,2
"[{'1996'}, {'2040'}]",0.12605537112485785,89,0.0726323017553121,0.37570184293915243,0.44833414469446453,68,21,0.13349715327429929,0.17494722885692676,3997,1,0.2,2
"[{'1012'}, {'2026'}]",0.12605237747652034,103,0.08907347897908607,0.3321153182017652,0.4211887971808513,79,24,0.11523596003276801,0.19516652349708646,3997,1,0.2,2
"[{'2008'}, {'2003'}]",0.1260422025161937,404,0.060627746494477275,0.36953788270686294,0.4301656292013402,298,106,0.14703428063898918,0.15713328755314884,3997,1,0.2,2
"[{'2000'}, {'2007'}]",0.1260200162845389,165,0.07217757249612455,0.34250332915880644,0.414680901654931,122,43,0.13587628359847462,0.15902698756453135,3997,1,0.2,2
[{'2196'}],0.1260031808093968,206,0.06150207377965505,0.3843131189384768,0.44581519271813186,155,51,0.15946525506562015,0.1758057956514964,3997,1,0.2,2
"[{'2134'}, {'1056'}]",0.12600048630327448,123,0.07803814979830248,0.35121594905183556,0.42925409885013804,89,34,0.14461773811446632,0.16283525536941337,3997,1,0.2,2
"[{'1997'}, {'1998'}]",0.12599116340913413,156,0.06538370274094235,0.3410151547711828,0.4063988575121252,115,41,0.14562608979526484,0.14760986899078407,3997,1,0.2,2
"[{'1999'}, {'1996'}, {'1010'}]",0.1259781652365331,68,0.07974532100499843,0.3552172899830575,0.43496261098805594,51,17,0.1546782579086972,0.13034867418135657,3997,1,0.2,2
"[{'1012'}, {'2008'}]",0.12590622952467848,352,0.061984757831179293,0.365066731474789,0.4270514893059683,251,101,0.13705654820232485,0.15830667935614604,3997,1,0.2,2
"[{'1012'}, {'1996'}]",0.12586426585626528,884,0.06521293441395226,0.3571007921059329,0.42231372651988514,665,219,0.14483686554268754,0.1655401159110093,3997,1,0.2,2
"[{'1996'}, {'2126'}]",0.12583973356535227,120,0.07770728477138872,0.36731859550371276,0.4450258802751015,91,29,0.15727759080256076,0.1985017903457234,3997,1,0.2,2
[{'1011'}],0.1258103853360437,1361,0.05640451842532057,0.3662545677705027,0.42265908619582326,995,366,0.1491744590714057,0.16728600201362423,3997,1,0.2,2
"[{'1998'}, {'2031'}]",0.12580233204884686,82,0.06757002265164347,0.37225054601828256,0.439820568669926,60,22,0.1486870406974928,0.1587743982214244,3997,1,0.2,2
[{'2109'}],0.1258012800483198,111,0.06240395663782605,0.33529342295125475,0.3976973795890808,86,25,0.12395165806463512,0.13388097081400463,3997,1,0.2,2
[{'3234'}],0.12579794412984374,240,0.08592263236474906,0.3473940133741221,0.4333166457388712,194,46,0.15036680899224836,0.17662915434336368,3997,1,0.2,2
"[{'2005'}, {'1012'}]",0.12578447281242314,181,0.07180239449904374,0.3539483316184938,0.42575072611753756,129,52,0.15916692596252377,0.15506908614940593,3997,1,0.2,2
"[{'2038'}, {'2042'}]",0.12572102684041334,132,0.07503763020647786,0.3596211452000212,0.43465877540649905,101,31,0.15218809542461972,0.16452004991977065,3997,1,0.2,2
"[{'1012'}, {'1045'}]",0.1256899066031996,752,0.061639028399718965,0.3588738487505608,0.42051287715027974,547,205,0.13927609792392745,0.15859395838807377,3997,1,0.2,2
"[{'1037'}, {'1997'}]",0.12568240351391996,389,0.06822329091052415,0.3579305887021601,0.42615387961268425,297,92,0.14506026629483856,0.1591647217191382,3997,1,0.2,2
"[{'2079'}, {'2017'}]",0.12567032699600625,149,0.05383768098014663,0.3865010485637422,0.4403387295438888,102,47,0.15822572485445965,0.16128995895398202,3997,1,0.2,2
[{'2022'}],0.1256573932697317,1351,0.055785386742714826,0.36620484556980115,0.421990232312516,986,365,0.14838302862679736,0.16695126403666627,3997,1,0.2,2
[{'1055'}],0.12561592805917268,1309,0.05302638335589388,0.36833082133076034,0.4213572046866542,929,380,0.14654448382859034,0.16338985514096602,3997,1,0.2,2
[{'2360'}],0.12561212582277845,314,0.0598007924198124,0.3688264889894305,0.4286272814092429,222,92,0.15228426881423118,0.1630534770889368,3997,1,0.2,2
[{'1999'}],0.12560466464038703,2257,0.05086017470713072,0.36820526584408,0.4190654405512107,1633,624,0.1487146774319094,0.1608447362113947,3997,1,0.2,2
"[{'1037'}, {'1999'}]",0.12560132648573283,83,0.07842036592426582,0.33276017499503807,0.4111805409193039,67,16,0.12572538416127346,0.15167511202415374,3997,1,0.2,2
[{'2100'}],0.12559979029890853,246,0.08605548896086518,0.43704175509703463,0.35098626613616946,156,90,0.17664942832616415,0.14354481761759322,3997,1,0.2,2
"[{'1012'}, {'1998'}]",0.12558414820366726,353,0.053088414672315454,0.3778500391377343,0.43093845381004975,252,101,0.15110467672634076,0.1535238691551203,3997,1,0.2,2
[{'2085'}],0.12552052776735204,277,0.05665149232993821,0.36994431072727163,0.42659580305720984,188,89,0.14621606049904137,0.15429135932262505,3997,1,0.2,2
"[{'1005'}, {'1055'}, {'1996'}]",0.12550172552818578,91,0.055526302683921114,0.39433131118615466,0.4498576138700758,63,28,0.15317746435182866,0.17612674301070777,3997,1,0.2,2
"[{'1011'}, {'1011'}]",0.12545727795787937,278,0.0542299223088083,0.3459519523240271,0.4001818746328354,210,68,0.12779302756306954,0.12991277360146317,3997,1,0.2,2
"[{'1012'}, {'2004'}]",0.1254568893838014,152,0.08523970643929951,0.34866637960682073,0.43390608604612024,123,29,0.11978128507980192,0.169671657003046,3997,1,0.2,2
"[{'2008'}, {'1005'}, {'1055'}]",0.12542537082777494,209,0.05898171012288178,0.37125279316465365,0.43023450328753543,131,78,0.14467883703295847,0.17786315604246572,3997,1,0.2,2
"[{'1012'}, {'2003'}, {'1037'}]",0.1254131323565888,117,0.06517560955830465,0.3675034764621939,0.43267908602049854,84,33,0.1470190851578988,0.15898519714882653,3997,1,0.2,2
[{'2060'}],0.12540724636340636,431,0.06128421175884846,0.3644038563131527,0.42568806807200116,314,117,0.1418391020010529,0.16513416967960648,3997,1,0.2,2
"[{'2027'}, {'1005'}, {'2128'}]",0.1253986894217173,62,0.05483860962770204,0.3951039791784503,0.44994258880615234,44,18,0.1585386835861039,0.1455371346843713,3997,1,0.2,2
"[{'2008'}, {'1996'}]",0.12536905891197028,400,0.06499773645010148,0.36197720086965407,0.42697493731975555,305,95,0.15452316647564157,0.16330240716516634,3997,1,0.2,2
"[{'1997'}, {'2607'}]",0.12536604224379924,116,0.08173972416831099,0.35245989586995996,0.43419962003827095,92,24,0.13046712622685605,0.1670745230828479,3997,1,0.2,2
[{'2926'}],0.12536183795022482,69,0.08478899704280246,0.3477698035684286,0.4325588006112311,51,18,0.14397219442751813,0.1782475839712569,3997,1,0.2,2
"[{'1045'}, {'2000'}]",0.12533524132971943,83,0.07053446098320226,0.35820220461336233,0.4287366655965646,59,24,0.1300482656406487,0.15303574085605623,3997,1,0.2,2
[{'2054'}],0.12532346826721152,856,0.056170913765641095,0.36728451527378286,0.42345542903942396,619,237,0.15401526908795227,0.1696629272988053,3997,1,0.2,2
"[{'2006'}, {'5637'}]",0.12531997724137256,66,0.09437658167369822,0.337533527387763,0.4319101090614612,53,13,0.1559594730074957,0.17186845139150977,3997,1,0.2,2
"[{'2021'}, {'2003'}]",0.12531210861079287,66,0.06844589670523021,0.3724206235944008,0.440866520299631,49,17,0.142321742992189,0.16454345048682664,3997,1,0.2,2
[{'2185'}],0.12530222947256503,74,0.04176392925028899,0.32657095181698703,0.368334881067276,49,25,0.11819415182905989,0.1300316367428239,3997,1,0.2,2
[{'2016'}],0.12530205271021133,158,0.0630080412075556,0.33860693120655894,0.40161497241411453,119,39,0.13103905743695013,0.1582418821686954,3997,1,0.2,2
"[{'1012'}, {'1996'}, {'2277'}]",0.12529552146278444,60,0.0793035876750946,0.3656906682252884,0.444994255900383,50,10,0.1452490851312339,0.13522858268950336,3997,1,0.2,2
"[{'1045'}, {'1037'}]",0.12527458179003095,73,0.08119256634693628,0.3446345235462542,0.42582708989319046,54,19,0.12591682831885073,0.16363970445847592,3997,1,0.2,2
"[{'2111'}, {'1010'}]",0.12524786204542915,94,0.06947164156384045,0.35908194991850084,0.4285535914823413,62,32,0.14391008476992592,0.17056849945393607,3997,1,0.2,2
[{'2607'}],0.1252337081644118,121,0.0806672420940901,0.3494210842408632,0.4300883263349533,95,26,0.1295414092743437,0.16170122241772708,3997,1,0.2,2
"[{'2003'}, {'2005'}]",0.12521492533522496,78,0.0733391016169831,0.34917128637984945,0.42251038799683255,54,24,0.13524009334995848,0.15338431525625545,3997,1,0.2,2
"[{'1029'}, {'2054'}]",0.12521472305090667,68,0.05692008901387452,0.3961477195844054,0.45306780859827994,48,20,0.16584692525082817,0.18159215946744203,3997,1,0.2,2
"[{'1012'}, {'2054'}]",0.125163277393695,177,0.06086496047258644,0.3713265228374251,0.43219148331001156,116,61,0.14323253784101833,0.18558252572645742,3997,1,0.2,2
[{'2156'}],0.12513272156831812,206,0.06465622911565405,0.3637743218212712,0.4284305509369252,147,59,0.14758903568947201,0.17183236775735922,3997,1,0.2,2
"[{'2000'}, {'2037'}]",0.125116539816383,158,0.059898602718383265,0.37359028748635736,0.43348889020474063,112,46,0.15199418733658704,0.16838031671602804,3997,1,0.2,2
[{'2009'}],0.1250953294978437,1792,0.04712320565117328,0.3748144455049641,0.4219376511561374,1312,480,0.1543789322502657,0.16206029598996705,3997,1,0.2,2
"[{'2058'}, {'1996'}]",0.12508920699912812,66,0.06743933541291042,0.3412147565763824,0.4086540919892928,49,17,0.14495532239320896,0.11990959570784131,3997,1,0.2,2
[{'3601'}],0.12508381678809813,103,0.06037350795029295,0.37964968364685775,0.4400231915971507,80,23,0.1301084794099589,0.14733078196720256,3997,1,0.2,2
"[{'1037'}, {'2843'}, {'1997'}]",0.12507297437217668,63,0.07406855085674596,0.3658994454510358,0.4399679963077818,49,14,0.14276974959991537,0.16340884454880725,3997,1,0.2,2
"[{'1012'}, {'1045'}, {'2572'}]",0.12506235465742713,74,0.0798926502297827,0.3389371941655369,0.4188298443953196,59,15,0.13100137272988893,0.15502527998016905,3997,1,0.2,2
[{'2042'}],0.12499510128228236,360,0.06043430626979601,0.368762405145736,0.429196711415532,273,87,0.1519553601186441,0.16731380657175932,3997,1,0.2,2
"[{'2009'}, {'1037'}]",0.1249911253010785,134,0.08105469905493556,0.36623356229903403,0.4472882613539696,114,20,0.1413480660806136,0.1733851440244167,3997,1,0.2,2
"[{'2134'}, {'1005'}]",0.1249877555335315,118,0.07000490451985286,0.34949367274256316,0.419498577262416,85,33,0.14441901380738947,0.15518707452388705,3997,1,0.2,2
"[{'2134'}, {'1005'}, {'1056'}]",0.1249877555335315,118,0.07000490451985286,0.34949367274256316,0.419498577262416,85,33,0.14441901380738947,0.15518707452388705,3997,1,0.2,2
"[{'2843'}, {'1997'}]",0.12498608303620666,65,0.07418994046225935,0.3657780558455224,0.4399679963077818,51,14,0.13994515823219766,0.16340884454880725,3997,1,0.2,2
"[{'2017'}, {'1996'}]",0.12497851238344168,103,0.05903625603712781,0.3753460708638312,0.434382326900959,71,32,0.1536345819414007,0.16442571872612238,3997,1,0.2,2
[{'4013'}],0.12497207261276803,120,0.06173138121763866,0.3778155595064163,0.439546940724055,90,30,0.14013794789047976,0.16976941695748618,3997,1,0.2,2
[{'5248'}],0.12496784880781261,97,0.0901230632814009,0.43591428692661116,0.34579122364521026,67,30,0.15192390629293254,0.11976500682858805,3997,1,0.2,2
[{'2114'}],0.12496096871917492,323,0.044882379180626486,0.40207956110944554,0.446961940290072,245,78,0.1532350176047621,0.16520106160710638,3997,1,0.2,2
"[{'1996'}, {'3234'}, {'2277'}]",0.12493821497435698,60,0.08852965295314791,0.36823379337787626,0.45676344633102417,50,10,0.16278284135089102,0.20255626226666443,3997,1,0.2,2
"[{'5637'}, {'1000'}]",0.12493302736121426,172,0.061349689344274594,0.4475065536864169,0.3861568643421423,111,61,0.16431367210049502,0.1484172072362875,3997,1,0.2,2
"[{'2027'}, {'2064'}]",0.12492195373444427,76,0.0699985290625516,0.34845047224970427,0.4184490013122559,51,25,0.1577437419388838,0.1607791415537818,3997,1,0.2,2
"[{'1012'}, {'1045'}, {'1005'}]",0.12488759988860161,208,0.05632940750247112,0.37162380703061604,0.42795321453308716,139,69,0.1491724631676834,0.16793888085808115,3997,1,0.2,2
"[{'1045'}, {'2079'}]",0.12485231377081946,60,0.04877519375748102,0.3268742743465636,0.3756494681040446,45,15,0.12345474352395559,0.13102060137807037,3997,1,0.2,2
[{'1045'}],0.12484134166513461,1614,0.05034363797012642,0.36604407579222353,0.41638771376234995,1156,458,0.1481422258584767,0.15994608467744265,3997,1,0.2,2
"[{'1010'}, {'1005'}]",0.12482998500980698,280,0.0533502193852704,0.3733398049567523,0.4266900243420227,178,102,0.151670723569483,0.17354101594796872,3997,1,0.2,2
"[{'1999'}, {'1996'}, {'1012'}]",0.12481775200345879,100,0.047609430775282235,0.3950386612272974,0.44264809200257965,67,33,0.1538567803054218,0.16066210172051187,3997,1,0.2,2
"[{'2021'}, {'2009'}]",0.12475163755721438,81,0.09020760754744211,0.35177121063073474,0.44197881817817686,66,15,0.12977284385834195,0.19939552432556512,3997,1,0.2,2
[{'2183'}],0.12469956126218862,163,0.06019118835312737,0.3521318829577902,0.41232307131091755,115,48,0.14612528235069047,0.14566282013596069,3997,1,0.2,2
[{'8656'}],0.1246957106609242,184,0.07739742179451448,0.4363876900683015,0.35899026827378705,118,66,0.16958920918949347,0.13671515963169978,3997,1,0.2,2
"[{'1997'}, {'15667'}]",0.12469214056699371,107,0.0828309667316866,0.44080233496504945,0.35797136823336284,77,30,0.1598322324760829,0.12546308142897558,3997,1,0.2,2
[{'2216'}],0.12468923044808024,400,0.05605365917315258,0.3746794145984618,0.4307330737716144,303,97,0.15568787298476022,0.17263404062110424,3997,1,0.2,2
"[{'2000'}, {'1999'}]",0.12465678921134432,132,0.058108118146785126,0.3451056856858103,0.4032138038325954,95,37,0.15213580824838047,0.1396095906337219,3997,1,0.2,2
"[{'2903'}, {'2008'}]",0.12465065465123439,65,0.07499646130535337,0.35060618784692554,0.4256026491522789,45,20,0.1425756273953059,0.1690520885932064,3997,1,0.2,2
"[{'2031'}, {'2053'}]",0.12464634909300762,66,0.07668955913848347,0.3505158709983031,0.4272054301367866,48,18,0.151204728361896,0.16709685075658764,3997,1,0.2,2
"[{'2005'}, {'2000'}]",0.12463044243904148,74,0.07249012367200042,0.3425863526635251,0.4150764763355255,59,15,0.1226001212034321,0.1424253923908181,3997,1,0.2,2
[{'2293'}],0.12460670533910038,161,0.040018402749186555,0.4119920652163656,0.45201046796555217,114,47,0.15232808011284463,0.16528249254710414,3997,1,0.2,2
[{'2619'}],0.12457759551268968,194,0.06271581043348168,0.37222244729598364,0.4349382577294653,150,44,0.14819100270620708,0.17594528442004187,3997,1,0.2,2
"[{'1012'}, {'1045'}, {'1005'}, {'1056'}]",0.12457561709240664,94,0.05992750255834489,0.34687055221625734,0.40679805477460224,70,24,0.13563011674822126,0.12844748714025164,3997,1,0.2,2
"[{'2024'}, {'5637'}]",0.1245730025489136,146,0.0720128630775781,0.41504498784031185,0.34303212476273376,98,48,0.15214357095679404,0.1289086399976326,3997,1,0.2,2
[{'2040'}],0.12457146951144832,1011,0.04296450066243235,0.38230503451179815,0.4252695351742305,703,308,0.14678324156373582,0.1679545833887353,3997,1,0.2,2
[{'3291'}],0.12456461911247271,112,0.07420880737758823,0.35360907798721675,0.427817885364805,84,28,0.1347491096465483,0.17461782375704274,3997,1,0.2,2
"[{'1010'}, {'2008'}]",0.12454487569319551,286,0.06865392994824182,0.35267995107230415,0.421333881020546,211,75,0.1455340692473942,0.1765239506546422,3997,1,0.2,2
"[{'1010'}, {'2053'}]",0.1245432793240344,90,0.06741942894278152,0.34912756649833737,0.4165469954411189,66,24,0.1400229057611072,0.14973751237659289,3997,1,0.2,2
"[{'2515'}, {'2025'}]",0.12454046415638663,159,0.06487098014162435,0.36811311567021954,0.4329840958118439,124,35,0.14269174493598766,0.16639223415014387,3997,1,0.2,2
"[{'1000'}, {'1012'}]",0.12453995552799693,312,0.04982734114373777,0.3796091143964627,0.4294364555402005,218,94,0.141280296435873,0.16764663261820925,3997,1,0.2,2
"[{'1055'}, {'1996'}]",0.12452433033142721,97,0.04956843084362894,0.39625880253665585,0.4458272333802848,68,29,0.15368544370148443,0.17437254311865782,3997,1,0.2,2
"[{'2360'}, {'2008'}]",0.12449004946421321,65,0.06536611151065885,0.3538123315998486,0.41917844311050745,42,23,0.13877715785331055,0.1455470605455096,3997,1,0.2,2
"[{'2029'}, {'2003'}]",0.12445788543227258,110,0.07131231605793842,0.3514401548239122,0.42275247088185064,83,27,0.14860433513041854,0.15128873155759787,3997,1,0.2,2
"[{'1010'}, {'2030'}]",0.12443068833524142,259,0.052363818764810555,0.37573136508783556,0.4280951838526461,187,72,0.15145083167723233,0.16079787857957129,3997,1,0.2,2
"[{'1998'}, {'2005'}]",0.12440835400800837,64,0.07380071444944902,0.3505847206847234,0.42438543513417243,44,20,0.12803195081231208,0.17036669345278024,3997,1,0.2,2
"[{'2008'}, {'1012'}]",0.12437630794345034,187,0.0597005616532551,0.3642583949797189,0.423958956632974,134,53,0.16090657893011814,0.15941674588429616,3997,1,0.2,2
[{'2667'}],0.1243707279856882,83,0.08387322558478999,0.3436211490205356,0.4274943746053256,70,13,0.13608290769091086,0.14196410952142374,3997,1,0.2,2
"[{'2009'}, {'1012'}]",0.12436738536976122,271,0.06110947002645545,0.3545722679206819,0.41568173794713736,198,73,0.13390816008965764,0.15679199415829928,3997,1,0.2,2
"[{'2022'}, {'1012'}]",0.12436618282148082,170,0.059619484034647285,0.350230068859891,0.4098495528945383,117,53,0.13726403134250792,0.16678309784236375,3997,1,0.2,2
"[{'1010'}, {'2061'}]",0.12436376350412587,139,0.06453505879893379,0.3404948552725492,0.405029914071483,108,31,0.1468290439511754,0.16803728187337066,3997,1,0.2,2
[{'2030'}],0.12434261103111253,1141,0.04746906615015284,0.3749760538339615,0.4224451199841143,873,268,0.15457137675653268,0.15812561605152248,3997,1,0.2,2
"[{'2000'}, {'2033'}]",0.12434021732014086,82,0.05985295451406775,0.36674739369030657,0.4266003482043743,58,24,0.14559506546907003,0.1485885960346805,3997,1,0.2,2
[{'2428'}],0.12431667272737482,210,0.05223380416244655,0.37851714381536883,0.4307509479778154,154,56,0.15733058386486795,0.16136448460387706,3997,1,0.2,2
"[{'1045'}, {'2052'}]",0.12430135013791203,94,0.06887652418572149,0.3560444988084562,0.42492102299417767,66,28,0.12641477270856052,0.17259322065924854,3997,1,0.2,2
"[{'1000'}, {'1000'}]",0.12429994456188717,480,0.04764644833690573,0.38142378325249826,0.429070231589404,359,121,0.15757855383404884,0.16254511484143924,3997,1,0.2,2
"[{'1000'}, {'1045'}]",0.12429925128895314,117,0.06866985329741926,0.35554432089245597,0.4242141741898752,86,31,0.13389226260465287,0.16491559555883056,3997,1,0.2,2
[{'1049'}],0.12428486069712233,238,0.04512026001805369,0.3851078829810589,0.4302281429991126,158,80,0.15702510761896285,0.1624441341219575,3997,1,0.2,2
"[{'1010'}, {'2057'}]",0.12425683989819812,136,0.07536252707058844,0.3520015716842077,0.42736409875479614,103,33,0.14621195084010763,0.18971680894101606,3997,1,0.2,2
"[{'1996'}, {'2277'}]",0.12423353973105322,351,0.06477947823952562,0.3559806243305313,0.4207601025700569,269,82,0.14194890144011743,0.16676939887841571,3997,1,0.2,2
"[{'1005'}, {'1055'}]",0.12423119918650236,1188,0.0465599700313043,0.37102273871146496,0.41758270874276926,840,348,0.14678022815115646,0.1636778839378817,3997,1,0.2,2
[{'2087'}],0.12423079628885815,266,0.06158049945928612,0.3557843509681371,0.4173648504274232,196,70,0.13074658643564877,0.15488944907998237,3997,1,0.2,2
"[{'2041'}, {'1997'}]",0.1242189172142998,127,0.049635574177495756,0.39409460550860353,0.4437301796860993,95,32,0.17014052159628199,0.16661502800448422,3997,1,0.2,2
"[{'2064'}, {'1005'}]",0.12418965061058693,148,0.05229732043515839,0.373993644588872,0.4262909650240304,95,53,0.16018143030355955,0.16596349091565193,3997,1,0.2,2
"[{'2064'}, {'1005'}, {'1056'}]",0.12418965061058693,148,0.05229732043515839,0.373993644588872,0.4262909650240304,95,53,0.16018143030355955,0.16596349091565193,3997,1,0.2,2
"[{'2055'}, {'5637'}]",0.12415998654833232,62,0.03434702882712537,0.4419947572052479,0.47634178603237326,40,22,0.18815596412249466,0.180809979044643,3997,1,0.2,2
[{'2062'}],0.12415805106945078,465,0.04849919310877027,0.3786794922840288,0.4271786853927991,349,116,0.15330170348021474,0.16156191378132245,3997,1,0.2,2
"[{'2015'}, {'2024'}]",0.12415663075518539,157,0.06666944675736414,0.43584164086076405,0.3691721941033999,97,60,0.15841396871224836,0.11787415293535959,3997,1,0.2,2
"[{'1010'}, {'2025'}]",0.12415651205332623,258,0.07209986319241957,0.350124559931311,0.42222442312373054,204,54,0.1358684435692151,0.17651294823717983,3997,1,0.2,2
"[{'1012'}, {'1012'}, {'1012'}]",0.12415240852562613,447,0.05070496629610283,0.37004421435811985,0.4207491806542227,318,129,0.1397078054432533,0.1595897095061675,3997,1,0.2,2
[{'2589'}],0.12412782407951607,68,0.055357872465121694,0.3308991362463753,0.386257008711497,53,15,0.13456713285893404,0.15105473888238913,3997,1,0.2,2
"[{'2092'}, {'1010'}]",0.12410446030157413,65,0.05968643764131948,0.36613931506872177,0.42582575271004125,46,19,0.14265122760248272,0.14562628508946882,3997,1,0.2,2
[{'2149'}],0.12409281866791516,245,0.06016693960027719,0.36554484810463334,0.4257117877049105,189,56,0.15051670062052888,0.16314360414700396,3997,1,0.2,2
"[{'2008'}, {'1005'}]",0.12408163205396332,276,0.05011735654808186,0.37337239446875814,0.42348975101684,182,94,0.14441415494184762,0.16927099398783446,3997,1,0.2,2
"[{'1012'}, {'2045'}, {'2024'}]",0.12407504703992121,61,0.05511477194270309,0.33269088365593735,0.38780565559864044,49,12,0.13310273178144852,0.132977693078427,3997,1,0.2,2
[{'2204'}],0.12404686405991308,249,0.05258179238956906,0.35164815851527714,0.4042299509048462,184,65,0.12703009807397136,0.14755768406615336,3997,1,0.2,2
"[{'1000'}, {'1997'}]",0.12403837984482302,85,0.06567962052392179,0.3535572927994806,0.4192369133234024,61,24,0.12129972987776202,0.1501321588997882,3997,1,0.2,2
"[{'1012'}, {'1012'}]",0.12403348437411169,654,0.047992743038481334,0.37032003659429324,0.4183127796327746,469,185,0.14548462109889224,0.15540311805571516,3997,1,0.2,2
"[{'1012'}, {'2061'}]",0.12402480246559305,156,0.0563620467062424,0.3679383971861431,0.42430044389238547,105,51,0.1376345191097801,0.17137142959410123,3997,1,0.2,2
"[{'1010'}, {'1998'}]",0.1240177640975384,875,0.053631674578433375,0.36301947589935063,0.416651150477784,651,224,0.1421459004452057,0.16611867046486595,3997,1,0.2,2
"[{'2008'}, {'1037'}]",0.12401470366733017,119,0.07401934651618308,0.35152000220532115,0.42553934872150423,94,25,0.12864782337957875,0.1654895830973825,3997,1,0.2,2
[{'2469'}],0.12398589277835231,126,0.056314309010672026,0.365302933683229,0.42161724269390105,86,40,0.13548982421266026,0.15327661845501148,3997,1,0.2,2
"[{'1012'}, {'1045'}, {'2123'}]",0.12396706086762298,75,0.06724151681389728,0.35596209555341485,0.42320361236731213,57,18,0.1445680049946768,0.11513479715296153,3997,1,0.2,2
"[{'1045'}, {'2113'}]",0.1239597697380529,88,0.05951074528552236,0.37091994906465214,0.4304306943501745,60,28,0.1356377438712107,0.18288543907527496,3997,1,0.2,2
"[{'15667'}, {'4490'}]",0.12393930500666654,64,0.06372495697460312,0.44961870915215946,0.38589375217755634,46,18,0.15564091866907334,0.14530138089779168,3997,1,0.2,2
[{'2059'}],0.12392546903262984,328,0.051449989383519745,0.3688888199530639,0.42033880933658363,231,97,0.15111357233115696,0.1601297169340569,3997,1,0.2,2
"[{'2064'}, {'1056'}]",0.1239137681258881,153,0.052380235432976374,0.3711539832028476,0.42353421863582397,99,54,0.1578439410707387,0.16563994066522802,3997,1,0.2,2
"[{'1037'}, {'2000'}]",0.12390179627851615,144,0.05831305453410518,0.3612237125635147,0.4195367670976199,105,39,0.14386390636250737,0.1345814587881366,3997,1,0.2,2
"[{'2015'}, {'1999'}]",0.12390110463111663,104,0.0668884362934799,0.4413033923212911,0.3744149560278112,71,33,0.1624722250124329,0.13681293808061606,3997,1,0.2,2
"[{'1010'}, {'2009'}, {'1005'}, {'1055'}]",0.1239004090813041,77,0.05228152642047951,0.3459028049061696,0.3981843313266491,48,29,0.13438170815831105,0.16316853436046122,3997,1,0.2,2
[{'2025'}],0.12389995073387376,1610,0.04337485817878417,0.37453744217181245,0.4179123003505966,1198,412,0.1545705600753206,0.1606381865516831,3997,1,0.2,2
"[{'2006'}, {'1012'}]",0.12389921951441397,106,0.0595337272518211,0.3572331993944115,0.4167669266462326,72,34,0.1421728859218844,0.14466880851960093,3997,1,0.2,2
"[{'2015'}, {'1012'}]",0.12389003390508559,354,0.06618046349313061,0.43204660004403395,0.36586613655090333,229,125,0.16949165106889133,0.15207030959371118,3997,1,0.2,2
"[{'1012'}, {'1012'}, {'1012'}, {'1012'}]",0.12388917008906017,195,0.05097171613316742,0.37305120802182945,0.42402292415499687,139,56,0.13817968000883296,0.15410718950217456,3997,1,0.2,2
"[{'1012'}, {'2023'}, {'2003'}]",0.1238876148957385,99,0.051234912575639724,0.3779919145198969,0.4292268270955366,65,34,0.16247298308635666,0.1661381766495107,3997,1,0.2,2
"[{'1012'}, {'1045'}, {'1005'}, {'1049'}]",0.12388177684591771,79,0.053356652664651394,0.37081865674775577,0.42417530941240716,46,33,0.15188292586362845,0.16077386924716497,3997,1,0.2,2
[{'2039'}],0.12386167846568091,346,0.0562015605779414,0.36166743517887256,0.41786899575681397,247,99,0.14462098655049538,0.16531129568491762,3997,1,0.2,2
"[{'2008'}, {'2031'}]",0.12383769426888516,63,0.06340950874181894,0.3627492105960846,0.42615871933790356,50,13,0.12915025348273965,0.12951055596170413,3997,1,0.2,2
[{'1056'}],0.12382806154613708,1170,0.041718353918635764,0.37598215735774754,0.4177005112763833,818,352,0.15380552639174047,0.16168571678403446,3997,1,0.2,2
[{'1024'}],0.12382300207494239,482,0.05412963348777511,0.362321420708734,0.41645105419650913,356,126,0.14594487523330898,0.15627772419296873,3997,1,0.2,2
"[{'4424'}, {'10296'}]",0.12381964965227411,92,0.07192902801720585,0.3568646672206956,0.42879369523790145,74,18,0.13490752841363135,0.16134399431826582,3997,1,0.2,2
"[{'1006'}, {'1998'}]",0.12378952007506683,64,0.0757016716286158,0.36804720730735707,0.44374887893597287,52,12,0.1476354956544632,0.19975295635676713,3997,1,0.2,2
[{'2019'}],0.12377649085446654,635,0.055143797297054487,0.36388043165831696,0.41902422895537145,477,158,0.14527319647237263,0.1756843208921444,3997,1,0.2,2
"[{'2292'}, {'1055'}]",0.12375978222741801,61,0.053109113203715363,0.3777106204315236,0.43081973363523896,38,23,0.13312587946624094,0.17259598516194663,3997,1,0.2,2
"[{'1010'}, {'2115'}]",0.12370669561441058,60,0.05993544920561039,0.3500664882563256,0.410001937461936,37,23,0.14552255633312863,0.17212737602381264,3997,1,0.2,2
[{'2164'}],0.12368289498045817,76,0.06069156219987787,0.339389779557616,0.4000813417574939,59,17,0.12966891084408355,0.1643405683696064,3997,1,0.2,2
[{'2515'}],0.12363903230600905,355,0.053079093283840806,0.36909099477921087,0.4221700880630517,274,81,0.14560897912200252,0.15755589482662952,3997,1,0.2,2
"[{'1037'}, {'2008'}]",0.12358117375859061,124,0.05340529176729181,0.34839071565204194,0.40179600741933374,90,34,0.1345365467297157,0.15876110455169615,3997,1,0.2,2
"[{'1012'}, {'1045'}, {'2123'}, {'1005'}, {'1056'}]",0.12357247313832678,70,0.062077896717267156,0.361125715650045,0.42320361236731213,52,18,0.15010025329367654,0.11513479715296153,3997,1,0.2,2
"[{'1012'}, {'1045'}, {'2123'}, {'1005'}]",0.12357247313832678,70,0.062077896717267156,0.361125715650045,0.42320361236731213,52,18,0.15010025329367654,0.11513479715296153,3997,1,0.2,2
"[{'2000'}, {'2022'}]",0.12355084127818508,542,0.04997891332971793,0.3689131390199103,0.41889205234962823,393,149,0.15068303877049805,0.17235602809082592,3997,1,0.2,2
"[{'1012'}, {'2045'}, {'2003'}]",0.12347490751931123,80,0.045226727740897366,0.3917114149060166,0.43693814264691394,57,23,0.14708029800149908,0.16111939323929828,3997,1,0.2,2
[{'2138'}],0.12343930544620195,534,0.04289750771752249,0.378572168876417,0.42146967659393947,384,150,0.1521597014353143,0.16316330635524276,3997,1,0.2,2
[{'2175'}],0.12342122207739584,251,0.0461455269834295,0.34998723474699395,0.39613276173042344,172,79,0.1450524408493276,0.17198374292135568,3997,1,0.2,2
[{'2027'}],0.12337020414645063,1155,0.040364644503858016,0.37714284799244413,0.41750749249630215,836,319,0.14993714768665928,0.16351441837567435,3997,1,0.2,2
"[{'1012'}, {'2003'}]",0.12334959824642912,563,0.04001154808658597,0.3824200093141062,0.42243155740069216,394,169,0.15520950955654658,0.16703312468490458,3997,1,0.2,2
"[{'2017'}, {'2064'}]",0.12334499407914484,106,0.052680431424665275,0.35195593253986257,0.40463636396452785,74,32,0.14594240092894184,0.15780466512580849,3997,1,0.2,2
[{'5121'}],0.12331479029200805,78,0.061125038792529396,0.377841170276365,0.4389662090688944,62,16,0.14563361989759083,0.1852993414593379,3997,1,0.2,2
[{'2058'}],0.12330305833629263,273,0.052694555380179975,0.3692091961845684,0.42190375156474835,207,66,0.15158072597805852,0.165920287376378,3997,1,0.2,2
"[{'2039'}, {'1996'}]",0.12325607306288013,63,0.05578566392262779,0.3441398610671361,0.3999255249897639,45,18,0.14460171935980676,0.1736943570391556,3997,1,0.2,2
"[{'1998'}, {'2015'}]",0.12324603965651407,133,0.0376236389740251,0.39495667898922826,0.43258031796325336,89,44,0.15074305568198124,0.15663778032868497,3997,1,0.2,2
"[{'2017'}, {'2113'}]",0.12324456593594459,80,0.05046623472480988,0.3747526575934212,0.42521889231823107,53,27,0.15953527724529104,0.16558361283618311,3997,1,0.2,2
"[{'1010'}, {'2065'}]",0.12323946740316706,152,0.061928254691348716,0.3556809439484415,0.41760919863979024,116,36,0.1320029238992235,0.16152698936192886,3997,1,0.2,2
[{'3287'}],0.12323652938826098,155,0.0650458010457085,0.4288566913835856,0.3638108903378771,98,57,0.15053492977313285,0.1488575356975998,3997,1,0.2,2
"[{'3234'}, {'2277'}]",0.12320262126261831,62,0.07164368994945725,0.36991966705696255,0.4415633570064198,51,11,0.16161926971909116,0.19902149096763216,3997,1,0.2,2
"[{'1011'}, {'1998'}]",0.12319275470348426,117,0.061064206144381405,0.3587659467898664,0.4198301529342478,84,33,0.1396628298588903,0.17534545661455544,3997,1,0.2,2
"[{'1012'}, {'1996'}, {'1997'}]",0.12319109988847575,97,0.056617704940536084,0.35428379241909297,0.41090149735962905,70,27,0.1475730235613188,0.15669866299222543,3997,1,0.2,2
"[{'1045'}, {'1005'}]",0.123165591271908,492,0.043177025304631356,0.37459936170978886,0.4177763870144202,339,153,0.1521318347090993,0.16724773407237267,3997,1,0.2,2
"[{'2025'}, {'2008'}]",0.12315703439422701,71,0.06489572829023044,0.35356214381100837,0.4184578721012388,57,14,0.13331398466349043,0.13627310950405713,3997,1,0.2,2
"[{'2667'}, {'2000'}]",0.12314309339891684,80,0.07259645977733181,0.3468257296173012,0.419422189394633,68,12,0.13676023008108448,0.1448661801867869,3997,1,0.2,2
"[{'1011'}, {'1010'}]",0.12312053994387495,112,0.04678197344402213,0.34995408898050134,0.3967360624245235,77,35,0.14808318621135508,0.15907772069882722,3997,1,0.2,2
[{'2057'}],0.12311818154264004,587,0.043434463818191216,0.37682316925790577,0.420257633076097,450,137,0.14787297867542956,0.15661518089488122,3997,1,0.2,2
"[{'1998'}, {'2003'}]",0.12311040612803519,123,0.05469374874673694,0.37313712309015556,0.4278308718368925,94,29,0.14765855919847076,0.17208052898948512,3997,1,0.2,2
"[{'2054'}, {'2003'}]",0.12310380974387386,113,0.050937781156785045,0.3771245723747345,0.42806235353151956,83,30,0.17161639216364308,0.160851914422276,3997,1,0.2,2
[{'2000'}],0.12310324760372442,2937,0.03689988782122511,0.3739629928795796,0.41086288070080473,2120,817,0.1527118858508578,0.16012138290266592,3997,1,0.2,2
[{'2053'}],0.1230761262689376,758,0.043143038855461835,0.3713655968958681,0.41450863575132996,550,208,0.1517679503301897,0.1587031475332843,3997,1,0.2,2
"[{'1045'}, {'2123'}]",0.12306681324366905,169,0.056162965769506856,0.36492653359147836,0.4210894993609852,133,36,0.14720062838357995,0.15285455095013525,3997,1,0.2,2
"[{'1045'}, {'1005'}, {'1056'}]",0.12305248369897719,225,0.055097335945909265,0.35772570671393855,0.4128230426598478,171,54,0.1429093909713277,0.15662224113813117,3997,1,0.2,2
"[{'8292'}, {'29521'}]",0.12305053279449345,69,0.03327944399409705,0.433325703900594,0.46660514789469104,52,17,0.15474321471355426,0.17454038124018334,3997,1,0.2,2
"[{'1012'}, {'2043'}]",0.1230445922956826,113,0.047596265740094734,0.37297182465776985,0.4205680903978646,81,32,0.1437601075173284,0.13659816649418643,3997,1,0.2,2
"[{'1045'}, {'2123'}, {'1005'}, {'1056'}]",0.12303689857800162,157,0.05427999903516073,0.3692220140521119,0.42350201308727264,123,34,0.15072159935103924,0.1568985091103114,3997,1,0.2,2
"[{'1045'}, {'2123'}, {'1005'}]",0.12303689857800162,157,0.05427999903516073,0.3692220140521119,0.42350201308727264,123,34,0.15072159935103924,0.1568985091103114,3997,1,0.2,2
"[{'1010'}, {'2009'}, {'2003'}]",0.12303671182661256,115,0.05236430874649889,0.38492059769729775,0.43728490644379664,96,19,0.15115575550379545,0.14108191838017384,3997,1,0.2,2
"[{'1010'}, {'2040'}]",0.1230079740552279,100,0.03706623164305911,0.4008516980640924,0.4379179297071515,67,33,0.16985385932760796,0.15694175843360367,3997,1,0.2,2
"[{'1045'}, {'2123'}, {'1056'}]",0.12300389350670841,159,0.05417838072776793,0.3693236323595047,0.42350201308727264,125,34,0.14981454061032384,0.1568985091103114,3997,1,0.2,2
"[{'1005'}, {'1056'}]",0.122978673646931,1102,0.03708889389430603,0.37783488202452037,0.4149237759188264,768,334,0.15493551233653183,0.1618063871079266,3997,1,0.2,2
"[{'2023'}, {'2003'}]",0.12297561264809839,241,0.04284392773111195,0.3759093301976385,0.41875325792875046,163,78,0.15535972596983902,0.15814365633082025,3997,1,0.2,2
[{'2035'}],0.12296508156726099,848,0.037834193846972675,0.3789601695170617,0.41679436336403436,601,247,0.1494159073605261,0.16154749089175424,3997,1,0.2,2
"[{'1010'}, {'2011'}]",0.12295838705358109,60,0.04317473351955414,0.4283395078778267,0.47151424139738085,50,10,0.1741645064264274,0.1781141206225699,3997,1,0.2,2
"[{'1010'}, {'1012'}]",0.12295477088655281,233,0.047226541428174396,0.3672309155049531,0.4144574569331275,161,72,0.15162690785067987,0.14788002809752407,3997,1,0.2,2
"[{'1996'}, {'3234'}]",0.12289872398584713,85,0.06785618244182495,0.3655073346836226,0.4333635171254476,70,15,0.16482896857372215,0.1879704228621068,3997,1,0.2,2
"[{'1998'}, {'2111'}]",0.12288840356667284,67,0.03988832551561772,0.39924886790306674,0.43913719341868446,46,21,0.15309379131613418,0.17295148446564235,3997,1,0.2,2
[{'2066'}],0.12287359904520608,547,0.03690707376316521,0.3839068170159291,0.4208138907790943,390,157,0.15439379025592154,0.162076528804254,3997,1,0.2,2
"[{'2015'}, {'1029'}]",0.12284915136099878,76,0.05511166218837554,0.4398894255811518,0.38477776339277625,44,32,0.1755457413477976,0.15099387914398166,3997,1,0.2,2
[{'2200'}],0.12283793755826306,257,0.05530289131551025,0.3601988834173729,0.41550177473288313,192,65,0.14524401777647172,0.17013827312081192,3997,1,0.2,2
[{'2228'}],0.1228353429928252,360,0.04756103751304308,0.36066981672330667,0.40823085423634975,262,98,0.13851661986810251,0.15866994878575963,3997,1,0.2,2
"[{'1012'}, {'1012'}, {'1012'}, {'1012'}, {'1012'}]",0.1228172334945679,89,0.05007154618409532,0.3683821876518062,0.4184537338359015,61,28,0.12813114321286284,0.1544595351665278,3997,1,0.2,2
"[{'2026'}, {'1012'}]",0.12280293846144498,64,0.04993495962449479,0.3902674213051796,0.4402023809296744,50,14,0.15755272718407226,0.1774416981749574,3997,1,0.2,2
[{'2116'}],0.1227850626693348,378,0.044315401742114235,0.3795864328891537,0.42390183463126796,299,79,0.15399066853255822,0.1605306751966717,3997,1,0.2,2
"[{'1037'}, {'15667'}]",0.12278412886271135,94,0.07770244609345184,0.42921686148832716,0.3515144153948753,63,31,0.17604052080672206,0.15308289661703872,3997,1,0.2,2
"[{'1999'}, {'2037'}]",0.12270591016334088,82,0.06948126186778891,0.3517109649394875,0.4211922268072764,67,15,0.1301889286159982,0.16628843203816432,3997,1,0.2,2
"[{'2111'}, {'2040'}]",0.12269537767042765,118,0.05003658140273759,0.3760771443334858,0.4261137257362234,89,29,0.15698525876865124,0.17317308815922494,3997,1,0.2,2
"[{'1029'}, {'2003'}]",0.12269467472137091,81,0.0348295728773923,0.3960830425878741,0.4309126154652664,53,28,0.14640948539010645,0.15025230728163022,3997,1,0.2,2
"[{'1998'}, {'2040'}]",0.12269448639444165,60,0.044968237597791005,0.37643016697395415,0.42139840457174516,42,18,0.11447729995672036,0.1387427941753003,3997,1,0.2,2
"[{'1996'}, {'1000'}, {'1000'}]",0.12269445987823127,86,0.04395620841622927,0.38512970838281846,0.42908591679904773,63,23,0.15764915129735746,0.16042691670332054,3997,1,0.2,2
"[{'5637'}, {'2015'}, {'1998'}]",0.12266846803767459,81,0.044788955939265906,0.3803259513850482,0.4251149073243141,53,28,0.14143569274027298,0.17306308481470783,3997,1,0.2,2
"[{'2007'}, {'1012'}]",0.1226259837226347,129,0.05331683111088026,0.3707956846058369,0.42411251571671715,100,29,0.15663368020891527,0.1725411322138281,3997,1,0.2,2
"[{'1003'}, {'1997'}]",0.12261146677302076,60,0.06384114074436104,0.4395780106159774,0.37573686987161636,44,16,0.1650419908209253,0.10905773360857195,3997,1,0.2,2
[{'2008'}],0.12260617437126752,2413,0.03499462686465915,0.3736883079988419,0.40868293486350105,1730,683,0.15408550798709036,0.15738645604509047,3997,1,0.2,2
"[{'2005'}, {'5637'}]",0.12258040870458925,195,0.040423714947971756,0.381916730150358,0.42234044509832974,134,61,0.14865527074218615,0.17067999367184244,3997,1,0.2,2
"[{'1996'}, {'2060'}]",0.12257272997250462,92,0.045237947942522894,0.38308877698958865,0.42832672493211155,63,29,0.13954633135535444,0.18808166170365206,3997,1,0.2,2
[{'2074'}],0.12255453032527351,567,0.03554299740911737,0.38095680919319097,0.41649980660230834,404,163,0.1542424592649048,0.15453183537471973,3997,1,0.2,2
"[{'5637'}, {'2024'}]",0.12254979357357053,123,0.058164233917539776,0.42457879334688187,0.3664145594293421,68,55,0.14069800892589696,0.1254621287205041,3997,1,0.2,2
"[{'1012'}, {'2008'}, {'2003'}]",0.12254722098940166,99,0.0511852155129115,0.36628957092761993,0.41747478644053143,72,27,0.1384239003733689,0.15625202491014292,3997,1,0.2,2
[{'2045'}],0.12254041649808314,653,0.04426338915783029,0.3658919223484113,0.41015531150624157,493,160,0.1428297226150866,0.14942806561921093,3997,1,0.2,2
"[{'1045'}, {'1049'}]",0.12253548872583572,220,0.03524206224822063,0.38803064190361597,0.4232727041518366,146,74,0.15846686265448243,0.16382319802755269,3997,1,0.2,2
"[{'5637'}, {'2015'}]",0.12253051485335406,522,0.046078879036158094,0.4285793474993523,0.3825004684631942,339,183,0.15947035355695446,0.14771696056129094,3997,1,0.2,2
"[{'1010'}, {'2031'}]",0.12251544499033631,119,0.05810195969396764,0.3549111632818586,0.41301312297582626,89,30,0.1449067128706834,0.1862137693557224,3997,1,0.2,2
[{'1997'}],0.12249307897465055,2676,0.03213398874692064,0.3786642099248952,0.41079819867181583,1943,733,0.1550468354294233,0.16004282804575234,3997,1,0.2,2
"[{'1010'}, {'1045'}, {'1005'}]",0.12248355470703307,101,0.05959319881288522,0.3572778074772327,0.4168710062901179,77,24,0.14737534785948217,0.16968493168476,3997,1,0.2,2
"[{'1996'}, {'2111'}]",0.12248153717602854,85,0.060393767102676243,0.3600412232472616,0.42043499034993786,68,17,0.14898719715482373,0.1583262726960124,3997,1,0.2,2
[{'1038'}],0.12247462696935471,107,0.06036108579915683,0.41217354415119556,0.3518124583520387,69,38,0.15269108692583325,0.12217363344954028,3997,1,0.2,2
"[{'2045'}, {'1037'}]",0.12243981983004584,96,0.04525309801868599,0.37092121612669815,0.41617431414538414,67,29,0.1450295055379618,0.14567132610055453,3997,1,0.2,2
"[{'2003'}, {'1996'}]",0.12243322809644638,438,0.04327076141160113,0.3705378220033792,0.41380858341498034,326,112,0.1496709708721248,0.1599218973319067,3997,1,0.2,2
"[{'2027'}, {'2000'}]",0.12243188513475381,102,0.04256645503143469,0.37774099099139374,0.42030744602282843,72,30,0.13866626422283707,0.1519921963441317,3997,1,0.2,2
"[{'2052'}, {'2022'}]",0.12242602991461425,217,0.05407673275863478,0.35988172932073126,0.41395846207936604,172,45,0.14244794471959696,0.15534633630549816,3997,1,0.2,2
"[{'1000'}, {'1010'}]",0.12242123426001596,186,0.04489077074539055,0.3732148955623023,0.41810566630769286,139,47,0.14651385426860206,0.1562281298213167,3997,1,0.2,2
"[{'2009'}, {'2025'}]",0.12241729207618564,128,0.04458733708745216,0.3857696262352607,0.43035696332271284,102,26,0.15776183046715123,0.16195655620913987,3997,1,0.2,2
"[{'2000'}, {'1012'}]",0.12241557510135812,283,0.04303619174362944,0.37150494260105055,0.41454113434468,199,84,0.15235229760495328,0.16405578515157263,3997,1,0.2,2
[{'2512'}],0.12240923226826486,108,0.033041726709121755,0.4123894653859593,0.44543119209508103,84,24,0.15463701212811662,0.1603888775033291,3997,1,0.2,2
[{'4895'}],0.1224052230646151,145,0.04671441580889357,0.35692676339509355,0.4036411792039871,106,39,0.13467961344797624,0.1602839665950834,3997,1,0.2,2
"[{'5637'}, {'2015'}, {'2024'}]",0.12240411586176389,60,0.05836655310222083,0.4130627112729209,0.35469615817070005,35,25,0.12729471536609893,0.10634839177311985,3997,1,0.2,2
"[{'1997'}, {'5637'}]",0.12239882651068976,286,0.028105122243103242,0.4032977398288877,0.43140286207199097,190,96,0.16567466299637487,0.16947841279213416,3997,1,0.2,2
"[{'1012'}, {'2023'}]",0.12239050357994583,209,0.044821010269974704,0.3600801768518934,0.4049011871218681,149,60,0.15812349002989584,0.1600615366344235,3997,1,0.2,2
"[{'1997'}, {'2015'}]",0.12238855286218552,134,0.0417342575772961,0.4426744342832775,0.4009401767059814,91,43,0.1624900848421355,0.15055046038658393,3997,1,0.2,2
"[{'5637'}, {'1999'}]",0.12238122269305261,126,0.043923872047000434,0.3792945702870687,0.42321844233406913,90,36,0.14526581373426722,0.1747782544888034,3997,1,0.2,2
"[{'2027'}, {'2020'}]",0.12237487306781157,89,0.05256048827240728,0.3775197336935017,0.430080221965909,73,16,0.14437242098761638,0.1629915152747777,3997,1,0.2,2
"[{'2025'}, {'5637'}]",0.12233761547777308,85,0.0638335298820229,0.43153709306248594,0.36770356318046304,56,29,0.1770659310524463,0.14337620016296337,3997,1,0.2,2
"[{'2070'}, {'1997'}]",0.12233090425578705,98,0.055441631328098595,0.37192775384534765,0.42736938517344625,79,19,0.1431228539793409,0.1784227567239686,3997,1,0.2,2
"[{'1010'}, {'2066'}]",0.12231541910529524,71,0.04223700185262019,0.40090733846383436,0.44314434031645455,56,15,0.17495371695225256,0.18076309861045642,3997,1,0.2,2
"[{'2183'}, {'2000'}]",0.12229936061205766,122,0.03484739226660705,0.35164190880183516,0.3864893010684422,87,35,0.13982596617698972,0.13240503859742836,3997,1,0.2,2
"[{'1996'}, {'15667'}]",0.12228316850613279,84,0.04690736601139378,0.43969743263046696,0.3927900666190732,53,31,0.17120911917437684,0.16954426274704648,3997,1,0.2,2
[{'1037'}],0.12227999653626503,2630,0.03465605920868009,0.37132565896980013,0.4059817181784802,1871,759,0.15000319939308182,0.16128500249008995,3997,1,0.2,2
"[{'2025'}, {'1999'}]",0.12227059339444567,66,0.052833763058615424,0.36210228692977986,0.4149360499883953,47,19,0.15646244140112872,0.14639916388543345,3997,1,0.2,2
"[{'1010'}, {'2138'}]",0.12225963591548493,77,0.03614295274019241,0.39415934469018665,0.43030229743037907,49,28,0.16337964374708958,0.17800209388499572,3997,1,0.2,2
[{'2177'}],0.12225447879132721,128,0.042912903412119285,0.37164864177445334,0.4145615451865726,83,45,0.1252853241633668,0.16050298793246087,3997,1,0.2,2
"[{'2031'}, {'2042'}]",0.12224933370032091,163,0.051868314426096684,0.3623273721526539,0.4141956865787506,126,37,0.1478965269767393,0.1553804705964924,3997,1,0.2,2
"[{'1005'}, {'1049'}]",0.12222684387082837,211,0.03330006744775127,0.38857161269771107,0.42187168014546234,139,72,0.1607115291761142,0.16483614378333816,3997,1,0.2,2
"[{'1045'}, {'1005'}, {'1049'}]",0.12222684387082837,211,0.03330006744775127,0.38857161269771107,0.42187168014546234,139,72,0.1607115291761142,0.16483614378333816,3997,1,0.2,2
"[{'2001'}, {'1037'}]",0.12221588866174907,157,0.043597996426702756,0.36029079266354047,0.4038887890902432,113,44,0.14068544653873805,0.15238962520529928,3997,1,0.2,2
"[{'2008'}, {'2045'}]",0.12220214142798841,69,0.05459635754426323,0.36362554132938385,0.4182218988736471,54,15,0.14248903100859722,0.15097109935648273,3997,1,0.2,2
"[{'1012'}, {'2017'}]",0.12219835924643896,435,0.03689499766299348,0.37531691301145303,0.4122119106744465,302,133,0.15272377788214736,0.15621088799003707,3997,1,0.2,2
"[{'1997'}, {'2008'}]",0.1221838455373984,74,0.03898906904762073,0.34921936791832164,0.38820843696594237,59,15,0.11713842137513353,0.12204408706934644,3997,1,0.2,2
"[{'2017'}, {'1010'}]",0.12218042676087318,90,0.04027557231131057,0.35389033432990785,0.3941659066412184,63,27,0.14643317231847897,0.15456849644812587,3997,1,0.2,2
"[{'5637'}, {'1010'}]",0.12218003618624751,565,0.034045819148300016,0.38114213342873415,0.41518795257703417,392,173,0.15650618663056545,0.16649984850996563,3997,1,0.2,2
"[{'2022'}, {'5637'}]",0.12217330686928474,67,0.060461578570006114,0.42909482541756755,0.36863324684756144,39,28,0.16880696414480198,0.14463309599930427,3997,1,0.2,2
"[{'1996'}, {'2069'}]",0.12217044177263273,85,0.05431231241377571,0.3656308116420867,0.4199431240558624,63,22,0.1493611063407615,0.18618292767827604,3997,1,0.2,2
"[{'2003'}, {'2062'}]",0.12215431653873116,61,0.04244099563878512,0.39083171182352566,0.4332727074623108,46,15,0.17503418143609079,0.13263447613234378,3997,1,0.2,2
"[{'2123'}, {'1005'}, {'1056'}, {'2000'}]",0.12215355874296459,64,0.03549721153267532,0.39563682817277457,0.4311340397054499,42,22,0.17281720731894362,0.16655976886451757,3997,1,0.2,2
"[{'2004'}, {'2092'}]",0.12215040458573684,84,0.054383691004538715,0.37079725870445596,0.42518094970899467,67,17,0.14893390933544115,0.17754300142417717,3997,1,0.2,2
"[{'8761'}, {'2098'}]",0.12214795816106598,67,0.06847064379675716,0.4193387087069306,0.3508680649101734,51,16,0.1438046411702482,0.11618793995268853,3997,1,0.2,2
"[{'2112'}, {'1997'}]",0.12214013089112126,96,0.05351375574048706,0.3589454749961952,0.4124592307366823,77,19,0.14060952672993687,0.14156412687233105,3997,1,0.2,2
"[{'4995'}, {'1005'}]",0.12213759752707211,64,0.036930316077037284,0.3899258276955648,0.42685614377260206,44,20,0.1581208374076648,0.14271552548168837,3997,1,0.2,2
[{'2128'}],0.12210662328647803,310,0.04434563361463095,0.3658655332530149,0.41021116686764586,217,93,0.1523577149139907,0.16833631253443854,3997,1,0.2,2
"[{'2061'}, {'1010'}]",0.12209947967787625,92,0.04422848478153152,0.38356078203235355,0.42778926681388507,70,22,0.1455006220783705,0.17807312246386844,3997,1,0.2,2
"[{'2003'}, {'1037'}]",0.1220922777290396,594,0.03639932912383981,0.37265990165850293,0.40905923078234274,416,178,0.14747028397772044,0.1522667544579755,3997,1,0.2,2
[{'2106'}],0.12209045696084114,262,0.05043759057207425,0.358594300198894,0.40903189077096824,211,51,0.14807172576940933,0.16523879981523878,3997,1,0.2,2
[{'2130'}],0.12207376347895613,327,0.03839023472957537,0.35677430475417804,0.3951645394837534,253,74,0.14385918283887347,0.15432256627729296,3997,1,0.2,2
"[{'2008'}, {'2000'}]",0.12202533495184935,95,0.039082561697449614,0.38639604915743286,0.4254786108548825,69,26,0.16917045416897064,0.16227304174749912,3997,1,0.2,2
"[{'1997'}, {'1010'}]",0.12202531312993786,286,0.037873360582190596,0.358611438662634,0.3964847992448246,218,68,0.1492497189507267,0.14910091888500812,3997,1,0.2,2
"[{'1010'}, {'2001'}]",0.12201779639933763,102,0.040644997587570786,0.3538021452915974,0.3944471428791682,78,24,0.14515566143766545,0.13921420166643605,3997,1,0.2,2
"[{'1012'}, {'1005'}]",0.1220101368377135,440,0.032331923720143596,0.3860631206039497,0.4183950443240933,307,133,0.1534868732656928,0.17215253521969387,3997,1,0.2,2
"[{'2030'}, {'1010'}]",0.12200217402332392,89,0.05178501040722838,0.3581342117887148,0.4099192221959432,71,18,0.1467366268657485,0.12959404600944013,3997,1,0.2,2
[{'2079'}],0.12199753391949228,728,0.037537009677920286,0.3712348061878578,0.4087718158657781,531,197,0.15416043221741646,0.1574731366258609,3997,1,0.2,2
"[{'2008'}, {'2002'}]",0.12198373010775426,114,0.040701334178447734,0.3660857230424881,0.40678705722093583,74,40,0.13858603544155604,0.13874546828638776,3997,1,0.2,2
"[{'1010'}, {'2027'}]",0.1219798845837516,252,0.04387318789958955,0.36680837507758823,0.4106815629771778,182,70,0.14323801691285568,0.16191818613127332,3997,1,0.2,2
"[{'2079'}, {'2025'}]",0.12196938675676791,146,0.04603360047959676,0.3608687637304818,0.4069023642100786,108,38,0.13576699984015247,0.1622526976115568,3997,1,0.2,2
"[{'5637'}, {'2158'}]",0.12196433057623794,72,0.04633221659395431,0.43687185611989765,0.39053963952594334,45,27,0.17110822618652363,0.14062167162763012,3997,1,0.2,2
[{'2572'}],0.12196305122786438,233,0.041286449701877836,0.3641161430020665,0.40540259270394435,172,61,0.14310663862318201,0.14708608768664497,3997,1,0.2,2
"[{'1998'}, {'2017'}]",0.12192580346141986,99,0.059251312107320764,0.4137414093055422,0.35449009719822144,63,36,0.16098088325369744,0.12787135375508848,3997,1,0.2,2
"[{'4995'}, {'1005'}, {'1056'}]",0.12190493311408726,63,0.03398335108230277,0.3928727926902993,0.42685614377260206,43,20,0.15874987621450082,0.14271552548168837,3997,1,0.2,2
"[{'1056'}, {'2113'}]",0.12186052270021366,64,0.0294104038447901,0.4024194815131121,0.4318298853579022,43,21,0.1522931776645605,0.1572550172606314,3997,1,0.2,2
"[{'1005'}, {'1056'}, {'2113'}]",0.12184888067850706,61,0.030130291021451705,0.4020103081697371,0.4321405991911888,41,20,0.15570316269798432,0.16113215095539887,3997,1,0.2,2
"[{'1012'}, {'5637'}]",0.12184581421503332,143,0.061189663442936526,0.42083365691232155,0.359643993469385,91,52,0.15389729235398916,0.13989633391506062,3997,1,0.2,2
"[{'2062'}, {'2084'}]",0.12181578040132425,112,0.030089293826710106,0.40345403958450665,0.43354333341121676,77,35,0.15852424783196786,0.18407563166359867,3997,1,0.2,2
[{'2084'}],0.12177942579693932,371,0.033793029361296356,0.38500009968502974,0.4187931290463261,279,92,0.15395810341831828,0.16907153733826633,3997,1,0.2,2
"[{'1010'}, {'2123'}, {'1005'}]",0.12177882951647713,87,0.04011741630767346,0.38125678258282797,0.42137419889050143,56,31,0.16857778637422818,0.1966246200695991,3997,1,0.2,2
"[{'1010'}, {'2123'}, {'1005'}, {'1056'}]",0.12177882951647713,87,0.04011741630767346,0.38125678258282797,0.42137419889050143,56,31,0.16857778637422818,0.1966246200695991,3997,1,0.2,2
"[{'1012'}, {'2116'}]",0.12177419327379971,68,0.043416953780814616,0.39351737917515267,0.4369343329559673,57,11,0.14588628484136276,0.16366923891959,3997,1,0.2,2
"[{'1010'}, {'2003'}]",0.12177289636496051,342,0.035965825816397734,0.3755586577451181,0.41152448356151583,247,95,0.15635650594770953,0.15599575300111698,3997,1,0.2,2
"[{'1012'}, {'2079'}]",0.12176536497643323,103,0.042532792498528094,0.37111470271164265,0.41364749521017075,71,32,0.15299246014045528,0.16577630469228172,3997,1,0.2,2
"[{'1012'}, {'2057'}]",0.12172601572819775,172,0.03509185586001845,0.38551901051631343,0.4206108663763319,130,42,0.15900932118477976,0.13564699090366494,3997,1,0.2,2
"[{'1005'}, {'1056'}, {'2009'}]",0.12166173342772793,62,0.04012215679342096,0.36823225021362305,0.3281100934202021,51,11,0.14487987406724137,0.08559628936174056,3997,1,0.2,2
"[{'1037'}, {'5637'}]",0.12163681488459263,342,0.030800867868199966,0.38259262311407644,0.4133934909822764,234,108,0.15153982919031944,0.16085812266708951,3997,1,0.2,2
[{'3723'}],0.12161956568978388,67,0.05834175527095797,0.42964292943477633,0.37130117416381836,50,17,0.15837570945012006,0.12825960315211515,3997,1,0.2,2
[{'2339'}],0.1216193552208554,369,0.029750366631549452,0.38650116823062824,0.4162515348621777,257,112,0.16068960394217294,0.168236355978429,3997,1,0.2,2
"[{'1012'}, {'1012'}, {'1996'}]",0.12161741412529381,64,0.03235702673245594,0.35184132125642564,0.3841983479888816,45,19,0.13651960158159135,0.1483350983230367,3997,1,0.2,2
"[{'1999'}, {'1010'}]",0.12161475314077513,185,0.040598841936776375,0.37148216434500436,0.41208100628178074,132,53,0.13974413173946587,0.17224071359305915,3997,1,0.2,2
[{'2115'}],0.12158390558936133,644,0.03267561505836836,0.3738202812401599,0.4064958962985283,437,207,0.15839103715417224,0.16014165861911614,3997,1,0.2,2
[{'2091'}],0.12157593764132203,136,0.035627961920743634,0.3780634386295622,0.41369140055030584,88,48,0.14305196489651673,0.16914046890989748,3997,1,0.2,2
"[{'2045'}, {'2003'}, {'1037'}]",0.1215635771944123,63,0.036086820672003306,0.38368816809220746,0.41977498876421077,44,19,0.15425205265755149,0.15981840332299763,3997,1,0.2,2
[{'2107'}],0.1215569207295294,209,0.034557011425803696,0.3842021992302829,0.4187592106560866,161,48,0.15637032908077433,0.15980041740903952,3997,1,0.2,2
"[{'1999'}, {'5637'}]",0.12154195594239328,63,0.03566759938828684,0.3849306079474362,0.42059820733572306,44,19,0.16080553270895584,0.16260101790471876,3997,1,0.2,2
"[{'2000'}, {'2008'}]",0.12153611977412239,188,0.03852459308486317,0.3699441572030385,0.4084687502879017,135,53,0.14967563377691653,0.1447280387505805,3997,1,0.2,2
"[{'1012'}, {'1011'}]",0.12150747874869568,65,0.04354155590136849,0.35661200553178785,0.40015356143315634,50,15,0.1333167333829372,0.16031509479439335,3997,1,0.2,2
"[{'2002'}, {'1005'}]",0.1215061763878402,132,0.03413893130015244,0.37935997190123255,0.413498903201385,88,44,0.15289761644057118,0.16058795743009335,3997,1,0.2,2
[{'2391'}],0.12148991592155632,160,0.0455139671860178,0.364033516910341,0.4095474840963588,126,34,0.15500167071975954,0.1572836653330207,3997,1,0.2,2
"[{'1012'}, {'2009'}]",0.12148941208516889,550,0.03506136131621562,0.37313688309104354,0.40819824440725916,405,145,0.15321637152339346,0.16369599424696088,3997,1,0.2,2
"[{'1997'}, {'2037'}]",0.12148506501540686,101,0.03859911931912291,0.3881253843443303,0.4267245036634532,79,22,0.15978702103708783,0.18370385277608842,3997,1,0.2,2
"[{'2057'}, {'2031'}]",0.12148217744704144,83,0.03788146938183412,0.3517701234390487,0.3896515928208828,67,16,0.14460790505518784,0.12725271963444082,3997,1,0.2,2
[{'1996'}],0.12147578868914458,3314,0.025568234589102845,0.3785027075857178,0.40407094217482065,2348,966,0.1542805909743556,0.1573994277938533,3997,1,0.2,2
[{'2498'}],0.12147198617759192,160,0.029737348921397733,0.3530716100921396,0.38280895901353734,122,38,0.13553225636313398,0.14714763650578364,3997,1,0.2,2
[{'8761'}],0.12146623223995325,78,0.05741724678149501,0.4239111119195035,0.36649386513800847,57,21,0.14476464196597458,0.12847956146488002,3997,1,0.2,2
[{'3348'}],0.12145094111719879,429,0.03923427418677711,0.4239890769523679,0.3847548027655908,261,168,0.17012564843333675,0.16191439988517917,3997,1,0.2,2
"[{'1997'}, {'2111'}]",0.12142298922343682,129,0.03497063772945569,0.39129296645522116,0.42626360418467685,100,29,0.16169544043250214,0.1819726439845282,3997,1,0.2,2
"[{'1010'}, {'2035'}]",0.12141159215196207,80,0.03290049694361735,0.3903163925840937,0.423216889527711,58,22,0.16747617462367345,0.16003064320970867,3997,1,0.2,2
"[{'2000'}, {'15667'}]",0.1214061193841139,75,0.048208064527488215,0.4298800755949581,0.3816720110674699,51,24,0.169902632329687,0.12187150595544954,3997,1,0.2,2
[{'1003'}],0.12139878787500236,103,0.02183281771882234,0.42044445813486453,0.44227727585368687,76,27,0.1628517680753443,0.14666845229549705,3997,1,0.2,2
"[{'5637'}, {'2111'}]",0.12138371119543577,264,0.03852594416842242,0.42659542130099404,0.3880694771325716,171,93,0.16527377000250015,0.16057679052534882,3997,1,0.2,2
"[{'2000'}, {'2022'}, {'1012'}]",0.12138341687473156,69,0.038661453431966364,0.36033485799419634,0.3989963114261627,49,20,0.14657437230028905,0.16099532152569512,3997,1,0.2,2
"[{'1999'}, {'1012'}]",0.12136855072427674,193,0.03985898024611356,0.3673901665602287,0.4072491468063423,137,56,0.1530963098845292,0.16799257332682166,3997,1,0.2,2
"[{'2002'}, {'2003'}]",0.12134786135707522,143,0.03762086794949043,0.3689056672155857,0.40652653516507614,92,51,0.1599141469484399,0.15528400001142414,3997,1,0.2,2
"[{'2045'}, {'2003'}, {'2053'}]",0.1213417853643828,83,0.031747777664537014,0.3904072571484769,0.4221550348130139,61,22,0.16030714992403589,0.13854674994908545,3997,1,0.2,2
[{'2020'}],0.12134154407220235,476,0.03321557816071519,0.3776383287208603,0.41085390688157547,374,102,0.14873426387738997,0.1521770903363009,3997,1,0.2,2
"[{'1000'}, {'5637'}]",0.12128116208073378,174,0.03836019609644914,0.4308430436448973,0.39248284754844814,122,52,0.16834257609698677,0.14672821832351984,3997,1,0.2,2
"[{'1037'}, {'2843'}]",0.1212763920334427,85,0.030836931909575593,0.39672363594625937,0.42756056785583496,66,19,0.16161986836295686,0.15697640571639654,3997,1,0.2,2
[{'1998'}],0.12127406027142851,2821,0.026703674758471407,0.37421202113678503,0.40091569589525644,1998,823,0.1522006198293558,0.15834473129794766,3997,1,0.2,2
[{'2113'}],0.12127239407052307,364,0.02447481819480246,0.3923502486431971,0.4168250668379996,256,108,0.15424594761478763,0.16131611206973806,3997,1,0.2,2
"[{'1996'}, {'2051'}]",0.12126838689828089,73,0.030829533640491347,0.34699909232164683,0.3778286259621382,57,16,0.15313427629802562,0.14546802361634062,3997,1,0.2,2
"[{'1012'}, {'2129'}]",0.1212432116949785,99,0.04052783278702515,0.36497341777597153,0.4055012505629967,70,29,0.14213796034783382,0.171629619567346,3997,1,0.2,2
"[{'1045'}, {'2572'}]",0.12122490410877798,207,0.03381371548861678,0.3670323806536662,0.400846096142283,154,53,0.14337159630164006,0.14469816651883047,3997,1,0.2,2
"[{'2025'}, {'2022'}]",0.12121905978774512,109,0.038097672625666545,0.35899166567694574,0.3970893383026123,84,25,0.1486730262040504,0.16694475292140462,3997,1,0.2,2
[{'4268'}],0.12117328799578958,63,0.04485063893454416,0.3610453541789736,0.40589599311351776,49,14,0.12908704579728716,0.16717033772769968,3997,1,0.2,2
[{'2068'}],0.1211642251536969,526,0.024434789112533273,0.3883065532568577,0.412741342369391,379,147,0.15481233138918593,0.15756965911176452,3997,1,0.2,2
"[{'2030'}, {'5637'}]",0.1211596514079323,76,0.034194178748549076,0.35975394332618044,0.3939481220747295,57,19,0.14945005599905314,0.13473585706707847,3997,1,0.2,2
[{'1005'}],0.12115712298025394,2200,0.022308864343315138,0.38323007548505894,0.4055389398283741,1521,679,0.1569613417487019,0.16064782280417447,3997,1,0.2,2
"[{'1997'}, {'1012'}]",0.12115659352664122,377,0.026289299255688015,0.3615151743443919,0.3878044736000799,284,93,0.1500773281183836,0.14825658342995635,3997,1,0.2,2
[{'5860'}],0.12115585072599834,127,0.02410570572140397,0.40087607006231946,0.4249817757837234,96,31,0.13681406936685467,0.14631352234752193,3997,1,0.2,2
"[{'2003'}, {'2053'}]",0.12114589326241594,119,0.026571983715583503,0.39811050295829775,0.42468248667388125,90,29,0.15879912328919574,0.15510255376442633,3997,1,0.2,2
[{'3308'}],0.12113544797364062,146,0.0347943504919877,0.36565431751109456,0.40044866800308226,111,35,0.1423734506043359,0.14494029264278355,3997,1,0.2,2
"[{'2138'}, {'1996'}]",0.12112793374833922,63,0.03538454612907099,0.35604528687438186,0.39142983300345285,49,14,0.12918600678300496,0.15272237194911384,3997,1,0.2,2
[{'2931'}],0.12112505179229675,89,0.03750968305721214,0.36853246170966353,0.40604214476687567,61,28,0.13091421364223949,0.15383730178791627,3997,1,0.2,2
"[{'2175'}, {'2000'}]",0.12112377939292761,64,0.030060567897586987,0.35564789661894675,0.38570846451653373,46,18,0.13920867112551646,0.15395944256089267,3997,1,0.2,2
"[{'2987'}, {'1005'}, {'1056'}]",0.12112211384849288,142,0.028153252537571227,0.36292128205889523,0.39107453459646646,101,41,0.14314295147146014,0.13513010957740781,3997,1,0.2,2
"[{'1012'}, {'2045'}]",0.12109713677305486,202,0.0336676827587542,0.36740038224628996,0.40106806500504416,154,48,0.14367992701407375,0.14381197191536055,3997,1,0.2,2
"[{'1044'}, {'22571'}, {'10085'}]",0.12107961284955022,64,0.043265693821012974,0.424313030205667,0.38104733638465405,32,32,0.1553108404651531,0.16305643223767396,3997,1,0.2,2
"[{'1011'}, {'5637'}]",0.12107550695913907,142,0.031550632698839065,0.365135666943088,0.3966862996419271,97,45,0.14942869982810658,0.16265894386663057,3997,1,0.2,2
"[{'2009'}, {'1996'}]",0.12101860311000107,122,0.03548770102982718,0.3671232933799426,0.4026109944097698,90,32,0.1506741846499258,0.15400193694796388,3997,1,0.2,2
"[{'5860'}, {'20026'}, {'14776'}]",0.12100801339168762,64,0.015718622807648464,0.42307531313840735,0.4387939359460558,43,21,0.13072489693850484,0.13952041810679902,3997,1,0.2,2
"[{'2017'}, {'2123'}, {'1005'}, {'1056'}]",0.12100483983717843,67,0.032830549306880286,0.3917210850180412,0.4245516343249215,49,18,0.1704798211260099,0.20038085785208393,3997,1,0.2,2
"[{'2017'}, {'2123'}, {'1005'}]",0.12100483983717843,67,0.032830549306880286,0.3917210850180412,0.4245516343249215,49,18,0.1704798211260099,0.20038085785208393,3997,1,0.2,2
[{'2987'}],0.12100426405076405,157,0.028934329808949943,0.3651024296618344,0.39403675947078437,114,43,0.14545608971733623,0.13265703904939705,3997,1,0.2,2
"[{'2342'}, {'2000'}]",0.12098444879555685,93,0.025852110176723175,0.35213150786502023,0.3779836180417434,70,23,0.1299010871702417,0.15305990527880423,3997,1,0.2,2
"[{'2003'}, {'2009'}]",0.12098309366331404,99,0.03443081279820448,0.374489273245518,0.4089200860437225,65,34,0.15011677481648458,0.17403690395895044,3997,1,0.2,2
"[{'2024'}, {'1996'}]",0.12097592320892175,136,0.022591694629946257,0.3985859516846097,0.42117764631455595,92,44,0.1592332175963217,0.16660345020903505,3997,1,0.2,2
"[{'2003'}, {'2008'}]",0.12097522069909693,225,0.03228172129484186,0.3713887167774188,0.40367043807226066,157,68,0.15315518494499772,0.14591599155425408,3997,1,0.2,2
"[{'2061'}, {'1012'}]",0.12095578977935238,62,0.04217721873038521,0.39802410715335124,0.355846888422966,37,25,0.1585525746790038,0.11426615132822093,3997,1,0.2,2
"[{'2987'}, {'1056'}]",0.12095458416984493,152,0.028217985672891743,0.3658187737978926,0.39403675947078437,109,43,0.14470327871427532,0.13265703904939705,3997,1,0.2,2
"[{'2009'}, {'1010'}]",0.12095251157811669,110,0.03795809000211309,0.3696564497744165,0.40761453977652956,82,28,0.16052495628899183,0.13850324151817595,3997,1,0.2,2
"[{'1037'}, {'2158'}]",0.12093219674808542,131,0.027201449047259185,0.3844913919766744,0.4116928410239336,90,41,0.15170086859086004,0.15579862349497584,3997,1,0.2,2
"[{'2003'}, {'1037'}, {'1997'}]",0.12092980325734438,63,0.027851401239025353,0.350318360997706,0.3781697622367314,49,14,0.15173045277412042,0.12360042948462349,3997,1,0.2,2
[{'2046'}],0.1209180276560258,227,0.031727145427403736,0.3735021527376643,0.40522929816506803,163,64,0.15335973881805173,0.15487710497390275,3997,1,0.2,2
"[{'2017'}, {'2025'}]",0.12091203541171505,72,0.03564875475384971,0.36952973932027816,0.40517849407412787,50,22,0.1499102558102724,0.14587168605437215,3997,1,0.2,2
"[{'1005'}, {'1040'}]",0.1209056697615124,67,0.025514412477038062,0.35373146892810353,0.3792458814051416,49,18,0.14475874511475192,0.1508640291747147,3997,1,0.2,2
[{'2153'}],0.12089217984760739,98,0.025786400101948603,0.39365812596203625,0.41944452606398486,69,29,0.15293939356154163,0.17065025827185806,3997,1,0.2,2
"[{'2008'}, {'1997'}]",0.12089020437997956,83,0.03139940861269441,0.38707915716804564,0.41847856578074005,64,19,0.16645129473884152,0.160030884781793,3997,1,0.2,2
"[{'2017'}, {'2031'}]",0.12086664343942491,139,0.024997342901352082,0.36156912028789523,0.3865664631892473,100,39,0.1417427345798142,0.14872270966586473,3997,1,0.2,2
"[{'1012'}, {'2074'}]",0.12086172467593577,114,0.02545238116087345,0.3945612418300965,0.42001362299096995,85,29,0.16317888030890307,0.1592056591065843,3997,1,0.2,2
[{'20026'}],0.12085239672055266,126,0.019120531008981367,0.405178827436074,0.42429935844505534,92,34,0.13719328311459966,0.1441791702145212,3997,1,0.2,2
"[{'1056'}, {'2031'}]",0.12082693088428849,76,0.028183797906552066,0.38857199757226873,0.4167557954788208,56,20,0.16025836656487635,0.14270518060788684,3997,1,0.2,2
"[{'2017'}, {'2123'}]",0.1208090718267787,69,0.027867784719718125,0.39673984825611114,0.42460763297582926,50,19,0.1723842024678698,0.19503654987341706,3997,1,0.2,2
[{'3084'}],0.12079353669056118,98,0.052520977812153924,0.4192665753620011,0.3667455975498472,70,28,0.16593105000088398,0.10399086544065965,3997,1,0.2,2
"[{'1011'}, {'1996'}]",0.1207871390312637,83,0.020799370107378756,0.34563637682885834,0.3664357469362371,66,17,0.1347317237547458,0.09915683261626873,3997,1,0.2,2
"[{'2017'}, {'1037'}]",0.12077324508717827,93,0.027681551093146906,0.3673877261933826,0.3950692772865295,63,30,0.13295599147413126,0.14721281145921533,3997,1,0.2,2
"[{'1996'}, {'1997'}, {'5637'}]",0.12076345624946601,79,0.02877930839175502,0.3681013456856211,0.3968806540773761,48,31,0.1571810777683298,0.158972896018298,3997,1,0.2,2
"[{'2123'}, {'1056'}]",0.1207527730127626,506,0.021898015111854352,0.3875762379505265,0.40947425306238083,355,151,0.15682637149655085,0.16644786721881294,3997,1,0.2,2
"[{'2987'}, {'1005'}]",0.12072036658338157,144,0.024850357197738537,0.3662241773987279,0.39107453459646646,103,41,0.14418580543221673,0.13513010957740781,3997,1,0.2,2
"[{'1996'}, {'2755'}]",0.12071484607941162,98,0.031929418910039586,0.37480539573382027,0.40673481464385985,73,25,0.14813555006604412,0.1368728021138661,3997,1,0.2,2
"[{'2024'}, {'1999'}]",0.12070820142557981,92,0.024049825199386643,0.39483333269462867,0.4188831578940153,68,24,0.16086596630759778,0.15071831289162638,3997,1,0.2,2
"[{'2027'}, {'1005'}]",0.12070254600444216,199,0.027382687357293933,0.3785913187092629,0.4059740060665568,138,61,0.15085526563244123,0.16060570273548963,3997,1,0.2,2
[{'2442'}],0.12069784121254484,124,0.038867370028129844,0.3685227790751408,0.40739014910327065,97,27,0.14708996501183028,0.17533916225679286,3997,1,0.2,2
"[{'2008'}, {'2111'}]",0.12069749460661568,89,0.032506610788404944,0.3749630516394973,0.4074696624279022,64,25,0.13867345766421835,0.16323271749031526,3997,1,0.2,2
"[{'2087'}, {'1997'}]",0.12069226773343668,67,0.032009510834719646,0.3743163677407246,0.4063258785754442,51,16,0.13169671585863535,0.13119039151122805,3997,1,0.2,2
"[{'3348'}, {'1012'}]",0.12068366655964947,94,0.055254516688485966,0.4175239549949765,0.36226943830649055,64,30,0.18084810562313,0.1490178838204704,3997,1,0.2,2
"[{'2024'}, {'2017'}]",0.12067818570160918,91,0.05318414419110917,0.41698219806983555,0.3637980538787264,58,33,0.17922038445684413,0.12009661148136108,3997,1,0.2,2
"[{'1005'}, {'2310'}]",0.12066205916372924,114,0.01636550869596637,0.41262954532315854,0.4289950540191249,76,38,0.16997324451652374,0.1661363487629213,3997,1,0.2,2
"[{'2114'}, {'5637'}]",0.12065434770076491,67,0.026377687818117224,0.4032091090701661,0.42958679688828333,53,14,0.1539396714754807,0.18636021020464844,3997,1,0.2,2
"[{'2017'}, {'1005'}, {'1056'}]",0.12065255920464002,113,0.021869322934199853,0.3958253709501342,0.41769469388433406,76,37,0.1745740696032689,0.17539091413603028,3997,1,0.2,2
"[{'1998'}, {'1999'}]",0.12064691657088178,103,0.0323895535025841,0.362850604340052,0.3952401578426361,78,25,0.14477167466890334,0.18375963468668746,3997,1,0.2,2
"[{'2111'}, {'1012'}]",0.12064318130388675,119,0.02504521419843997,0.43532303532204,0.4102778211236,83,36,0.16741851756668105,0.16850219077594,3997,1,0.2,2
"[{'2009'}, {'2003'}, {'1037'}]",0.1206391974819106,81,0.037015006036469456,0.3756401647220958,0.4126551707585653,66,15,0.12874135649653182,0.16726816424530838,3997,1,0.2,2
"[{'2106'}, {'2025'}]",0.12063580867797871,84,0.04716990229432527,0.3615295024405063,0.4086994047348316,71,13,0.1364342220714905,0.1909754504843037,3997,1,0.2,2
"[{'1005'}, {'1056'}, {'2031'}]",0.12060302056558726,70,0.023799537420272854,0.39295625805854795,0.4167557954788208,50,20,0.16238312608348654,0.14270518060788684,3997,1,0.2,2
"[{'2298'}, {'2012'}]",0.12060092559018944,63,0.0265988529640801,0.3982517971676223,0.4248506501317024,49,14,0.15294334149114455,0.18274131184322692,3997,1,0.2,2
[{'2003'}],0.12059375170020833,2430,0.019166097195453702,0.38128843612016194,0.40045453331561565,1697,733,0.15654886650141767,0.15803799168416524,3997,1,0.2,2
[{'2610'}],0.12058475144874309,65,0.02337805881644739,0.39168471639806574,0.4150627752145131,44,21,0.1422488829057815,0.16305010933649772,3997,1,0.2,2
"[{'2748'}, {'1010'}]",0.12057526813685844,96,0.03673148283913391,0.4192441061400531,0.3825126233009192,57,39,0.1580205219279727,0.1529123469015425,3997,1,0.2,2
[{'4424'}],0.12057069211441869,329,0.04523831416335372,0.41108525541093616,0.36584694124758244,225,104,0.15330531056515007,0.1390714932851563,3997,1,0.2,2
"[{'2024'}, {'1997'}]",0.12056933048230256,61,0.02033884657955748,0.4044797951128425,0.42481864169239997,41,20,0.1809616941245303,0.15975825444634414,3997,1,0.2,2
"[{'2024'}, {'1010'}]",0.1205547826491596,120,0.023704895053143382,0.3919525777780882,0.41565747283123156,93,27,0.14556014969342987,0.15479453321361303,3997,1,0.2,2
[{'1010'}],0.12055348308193319,3128,0.020059782090556533,0.3779210191162837,0.3979808012068402,2214,914,0.1539398800324196,0.15817046756103992,3997,1,0.2,2
"[{'2009'}, {'2003'}]",0.12054271363211222,473,0.018100058579237688,0.3954860798261139,0.4135861384053516,356,117,0.15813238836475604,0.15557403415383653,3997,1,0.2,2
[{'2061'}],0.12052782802113067,778,0.022182383937958128,0.37895142739519067,0.4011338113331488,545,233,0.15354925053750865,0.1569794709012078,3997,1,0.2,2
"[{'1044'}, {'22571'}]",0.12051399372318988,65,0.0380550984744773,0.41910243485913135,0.38104733638465405,33,32,0.1557540164561697,0.16305643223767396,3997,1,0.2,2
[{'2655'}],0.12050745474525772,104,0.023744578546936235,0.38679785475338974,0.41054243330032597,73,31,0.1516814429285919,0.16142780116103161,3997,1,0.2,2
[{'2123'}],0.12050307622475696,538,0.01998038985438272,0.38685858713862786,0.4068389769930106,382,156,0.15735984032191197,0.16466805998847023,3997,1,0.2,2
"[{'2027'}, {'1996'}]",0.12049851649143566,63,0.04454379383214685,0.4059009448040363,0.3613571509718895,43,20,0.1549535786097232,0.12678980840089082,3997,1,0.2,2
"[{'1045'}, {'2017'}]",0.12048675250636329,62,0.024784248623282046,0.36267051608725026,0.3874547647105323,44,18,0.15357179454054143,0.16087028554504143,3997,1,0.2,2
"[{'2057'}, {'1005'}]",0.12046984814354407,94,0.025494858099998963,0.38634687026633935,0.4118417283663383,68,26,0.15797828884998874,0.17405395497302298,3997,1,0.2,2
"[{'1012'}, {'2339'}]",0.12044941286148782,100,0.027943694310079037,0.3776613517083984,0.4056050460184774,69,31,0.1582264769314541,0.17041175693441907,3997,1,0.2,2
"[{'1012'}, {'2027'}]",0.12043010399795402,303,0.01958662772169323,0.3869083882637427,0.4064950159854359,213,90,0.1519819512410251,0.15270382037403923,3997,1,0.2,2
[{'2111'}],0.1204258437298682,953,0.017386614100634745,0.3885307899073643,0.405917404007999,680,273,0.1543045221496531,0.16397686655248866,3997,1,0.2,2
"[{'1998'}, {'2027'}]",0.12041540799594233,107,0.0256774881951064,0.36697965895845774,0.39265714715356415,84,23,0.13691389902095152,0.1420838000641877,3997,1,0.2,2
"[{'2004'}, {'1012'}]",0.12037925016377092,82,0.03153028284961529,0.3870141372084618,0.3554838543588465,60,22,0.15448152429384723,0.14940411113239735,3997,1,0.2,2
"[{'2009'}, {'1005'}]",0.12034281507556006,423,0.02089250466569248,0.38143195471677344,0.4023244593824659,304,119,0.1510187158034977,0.1542734085047161,3997,1,0.2,2
"[{'1998'}, {'2008'}]",0.12033876711221937,164,0.016616867809760905,0.36082626334050805,0.37744313115026895,123,41,0.14152168008513227,0.11208318294400567,3997,1,0.2,2
[{'999'}],0.120332502941661,350,0.04107090409093461,0.41043999379304186,0.36936908970210725,199,151,0.15911857011223765,0.15923201861186403,3997,1,0.2,2
"[{'1012'}, {'2123'}]",0.12031400593175114,129,0.02305803773757803,0.3717130058875648,0.3947710436251428,93,36,0.14685314436408445,0.1463920700582213,3997,1,0.2,2
"[{'5637'}, {'1012'}]",0.12031059908634789,585,0.03947103650445105,0.4071606353986861,0.367689598894235,379,206,0.16727329819997988,0.15398464309167215,3997,1,0.2,2
"[{'2009'}, {'1005'}, {'1055'}, {'1037'}]",0.12028296034622263,62,0.022709964027895047,0.3830882123736448,0.40579817640153987,43,19,0.145287968530771,0.13946203036963176,3997,1,0.2,2
[{'2205'}],0.12026114744128148,172,0.019577838499180822,0.3849911587470669,0.40456899724624773,118,54,0.1492415987123938,0.15166530104299586,3997,1,0.2,2
"[{'15667'}, {'1998'}]",0.12026018077685968,87,0.013954523778722971,0.4423016591463238,0.42834713536760083,64,23,0.16346799438589277,0.12773861425129895,3997,1,0.2,2
"[{'5637'}, {'2015'}, {'1010'}]",0.12025919287214738,95,0.03130396183047979,0.42299150760684695,0.39168754577636716,70,25,0.1662423796116678,0.14311989919279575,3997,1,0.2,2
"[{'2308'}, {'1010'}]",0.12025472365442559,84,0.014816948312532607,0.4056766715488936,0.4204936198614262,57,27,0.16359425578589748,0.1619501569493128,3997,1,0.2,2
"[{'1045'}, {'1005'}, {'2310'}]",0.12025443064093026,67,0.018448317008359083,0.429965367274625,0.4115170502662659,42,25,0.1630123622976674,0.16402989043501462,3997,1,0.2,2
"[{'2054'}, {'2017'}]",0.12025307175333319,97,0.017485720747047018,0.4058292797870106,0.42331500053405763,72,25,0.1646624888286683,0.18632092298642966,3997,1,0.2,2
"[{'1012'}, {'1037'}]",0.12024067949634958,237,0.02341431374608477,0.37396162730806015,0.3973759410541449,170,67,0.15215272469646188,0.16675506747636593,3997,1,0.2,2
"[{'5637'}, {'1998'}]",0.12023866120043444,368,0.021469232763383417,0.37856481271603754,0.40003404547942095,252,116,0.16355345777829938,0.16356595408419866,3997,1,0.2,2
"[{'1000'}, {'1000'}, {'1012'}]",0.12023377498352074,69,0.025097381834890298,0.3704904399666132,0.3955878218015035,51,18,0.14393036702994844,0.15215734213218934,3997,1,0.2,2
"[{'2045'}, {'2024'}]",0.12021405371405208,162,0.019284956119258845,0.3674930314863882,0.386777987605647,124,38,0.1454530629936991,0.12762840781030413,3997,1,0.2,2
"[{'1012'}, {'2017'}, {'1005'}]",0.12017772310589607,62,0.024534609796139695,0.3702837337807911,0.3948183435769308,41,21,0.15605762778737012,0.18011528195736454,3997,1,0.2,2
"[{'2003'}, {'1998'}]",0.12016573423753048,92,0.01584967571399709,0.3968579258882638,0.4127076016022609,66,26,0.14657368573571788,0.14723781793734392,3997,1,0.2,2
"[{'2003'}, {'1997'}]",0.12016328611227298,75,0.02362468782625471,0.37786731439141125,0.40149200221766596,52,23,0.1404371911008778,0.1485519022936762,3997,1,0.2,2
"[{'2030'}, {'1037'}]",0.12015555319625293,61,0.024801877750591783,0.3791732066734271,0.40397508442401886,44,17,0.1344820209765841,0.158127915050154,3997,1,0.2,2
"[{'2022'}, {'1037'}]",0.12015184990901402,138,0.018577314215627583,0.3843972281637517,0.4029745423793793,88,50,0.15454162068559568,0.14687355222368506,3997,1,0.2,2
"[{'1010'}, {'1011'}]",0.12013124882694497,91,0.024010718736987013,0.3757432737087799,0.3997539924457669,59,32,0.1410510452389317,0.16482011864190532,3997,1,0.2,2
"[{'2008'}, {'5637'}]",0.12013105387416129,157,0.029918690859748576,0.41348215892910956,0.383563468069361,100,57,0.14359299179242385,0.13873407309682534,3997,1,0.2,2
[{'2502'}],0.12012611615456965,153,0.014561060450538343,0.4273700388864829,0.41280897843594455,104,49,0.16817260516718224,0.15706040977038033,3997,1,0.2,2
"[{'1056'}, {'1012'}]",0.12011754271741562,79,0.015529068452971306,0.35865727066993713,0.37418633912290844,58,21,0.15597647172307544,0.12857158888872913,3997,1,0.2,2
"[{'2008'}, {'2024'}]",0.12010791622980148,139,0.021379381927455476,0.37583041943254925,0.35445103750509377,105,34,0.14861895771768288,0.13215421147948897,3997,1,0.2,2
"[{'2000'}, {'2079'}, {'2007'}]",0.12010782289886675,77,0.012635336951775988,0.3548692697828466,0.3422339328310706,55,22,0.14595596855834878,0.10459976166866598,3997,1,0.2,2
"[{'1000'}, {'2003'}]",0.12010393045265128,159,0.021762845791005514,0.3778169665824283,0.3995798123734338,110,49,0.14117457837771558,0.15571046284828308,3997,1,0.2,2
"[{'1005'}, {'1056'}, {'1012'}]",0.12009342605927682,74,0.015531605182652286,0.3576454769481312,0.3731770821307835,55,19,0.1584958655636893,0.1338053477229102,3997,1,0.2,2
"[{'1997'}, {'5637'}, {'2015'}]",0.12008652578471546,63,0.013478886959857717,0.43842073443324064,0.4249418474733829,43,20,0.1662168075202232,0.18369880685193568,3997,1,0.2,2
"[{'2123'}, {'1005'}, {'1056'}]",0.12008558523003435,486,0.014403879289042576,0.39098920723681607,0.40539308652585865,339,147,0.15801384638372207,0.16632315288957583,3997,1,0.2,2
[{'2125'}],0.1200783360369652,149,0.030191198882399795,0.39383258774876595,0.36364138886636616,100,49,0.16299038629290732,0.14468171820957865,3997,1,0.2,2
"[{'2015'}, {'2008'}]",0.12007485133251557,64,0.022248252605398477,0.37647596560418606,0.39872421820958454,40,24,0.1508658778287301,0.15015609244511405,3997,1,0.2,2
"[{'2015'}, {'1998'}]",0.12006882449228783,273,0.014420508366564055,0.38989850975897,0.40431901812553406,184,89,0.15117896304806838,0.14891246335768402,3997,1,0.2,2
"[{'2015'}, {'2000'}]",0.12005940651395224,116,0.017864668096968295,0.37348597516884674,0.39135064326581503,74,42,0.14890814053194248,0.15499451294075733,3997,1,0.2,2
"[{'1996'}, {'5637'}]",0.12004908966183724,296,0.01081762830177263,0.3999286814714256,0.4107463097731982,184,112,0.15229258451909955,0.1578638162599344,3997,1,0.2,2
"[{'2008'}, {'1999'}]",0.120047684944598,72,0.016498482243262502,0.4002684856002981,0.4167669678435606,55,17,0.1655350330486429,0.13240498697251218,3997,1,0.2,2
"[{'2053'}, {'1010'}]",0.12004566586539435,107,0.022054796092077777,0.37150451191413547,0.39355930800621325,81,26,0.14696015756081127,0.1641862857207262,3997,1,0.2,2
"[{'2001'}, {'1012'}]",0.1200453629728654,74,0.014021326353152563,0.36785285621881486,0.3818741825719674,50,24,0.1308597519113134,0.12753243023874455,3997,1,0.2,2
"[{'1012'}, {'2009'}, {'1005'}, {'1055'}]",0.12004368131250266,122,0.032932533852515655,0.415239617228508,0.38230708337599234,91,31,0.1525041249404891,0.14091521175511104,3997,1,0.2,2
"[{'2123'}, {'1005'}]",0.12004006161898219,491,0.0139671973112101,0.3907821186256131,0.4047493159368232,343,148,0.15784552554017817,0.16594396387272703,3997,1,0.2,2
"[{'1012'}, {'2009'}, {'1055'}]",0.12003885742811073,130,0.03415254858444344,0.41438968541081417,0.3802371368263707,97,33,0.1525302981191457,0.1368722322316296,3997,1,0.2,2
"[{'2015'}, {'1996'}]",0.1200143755903453,169,0.02007236392455064,0.4186502461676049,0.39857788224305424,113,56,0.15966615853462357,0.1399559080551072,3997,1,0.2,2
"[{'1029'}, {'2017'}]",0.12000892375460993,94,0.01397267758688181,0.399307702596371,0.4132803801832528,65,29,0.16651953592183946,0.16010184590393048,3997,1,0.2,2
"[{'2308'}, {'1998'}]",0.12000608525642513,70,0.017291752232445612,0.42326401306523215,0.40597226083278654,45,25,0.15655482575728719,0.1655351106386941,3997,1,0.2,2
"[{'11690'}, {'2015'}]",0.1199996854278341,88,0.008745398023419393,0.4201841828999696,0.428929580923389,54,34,0.16679976815394407,0.16789328826720348,3997,1,0.2,2
[{'2672'}],0.11999960796905947,75,0.020470589846628195,0.37385582811427565,0.39432641796090384,53,22,0.14455629407410353,0.15473818893183663,3997,1,0.2,2
"[{'2055'}, {'1012'}]",0.11999738013103675,89,0.023831080931883575,0.3763393794114773,0.4001704603433609,65,24,0.14353595204667385,0.1634837610333133,3997,1,0.2,2
"[{'1012'}, {'2027'}, {'2024'}]",0.11997688828776154,75,0.016010277338472045,0.371793030815966,0.35578275347749394,51,24,0.1414595521375864,0.14088266231583113,3997,1,0.2,2
"[{'2111'}, {'2024'}]",0.11997156797137883,115,0.017124500578525048,0.3913414173266467,0.4084659179051717,85,30,0.15055397489127914,0.17335585820393826,3997,1,0.2,2
"[{'2079'}, {'1012'}]",0.11996798258574554,80,0.01504894989168537,0.36708540883329177,0.3520364589416064,54,26,0.16107753158722962,0.1298396774804728,3997,1,0.2,2
"[{'2033'}, {'1012'}]",0.1199578319012261,61,0.014486760517115449,0.3664562116528666,0.3809429721699821,43,18,0.14390899015606395,0.10106657409723735,3997,1,0.2,2
[{'6550'}],0.11995331405512262,71,0.017773006051054807,0.36850205952158344,0.38627506557263824,52,19,0.13612855331870713,0.1616907856800823,3997,1,0.2,2
"[{'1012'}, {'2035'}]",0.11995281249671216,96,0.019375509249441536,0.3815565206336253,0.4009320298830668,66,30,0.14873746142040278,0.16145382292132182,3997,1,0.2,2
"[{'2000'}, {'2041'}]",0.11994638580216005,67,0.028099389708772016,0.3887091893322614,0.3606097996234894,49,18,0.16280808313752015,0.11699929911512622,3997,1,0.2,2
"[{'1998'}, {'1012'}]",0.11994061150376062,270,0.016729236545805437,0.37783753669074693,0.39456677323655237,191,79,0.14302412410916415,0.14833085046916766,3997,1,0.2,2
"[{'1999'}, {'2755'}]",0.1199185379232066,64,0.020213318881932785,0.37256587611304387,0.39277919499497665,45,19,0.12882247965077392,0.174385033504349,3997,1,0.2,2
"[{'5637'}, {'2003'}]",0.11991534048270741,135,0.03365541093489699,0.4103638207211214,0.3767084097862244,85,50,0.16122878007981045,0.1473350402746202,3997,1,0.2,2
"[{'1010'}, {'2043'}]",0.11991064244493836,75,0.010605350596827101,0.36093045996045164,0.37153581055727875,53,22,0.13184559737957388,0.1364645941727863,3997,1,0.2,2
"[{'3424'}, {'1011'}]",0.11990135776413721,149,0.01688743354845007,0.37671951755233435,0.3936069511007844,92,57,0.14967423660548318,0.1686610592785854,3997,1,0.2,2
[{'2467'}],0.11987995931870492,124,0.019780354085543517,0.3802142377863539,0.3999945918718974,94,30,0.15708778907327944,0.13933254177330295,3997,1,0.2,2
"[{'3424'}, {'5637'}]",0.11984769716921911,107,0.018083668672545128,0.3779840945745959,0.39606776324714105,66,41,0.15099743011225622,0.1728162414665713,3997,1,0.2,2
"[{'1998'}, {'2060'}]",0.11984591995440196,67,0.0093928906549825,0.40657378474007483,0.41596667539505733,46,21,0.13834841433328557,0.1424515765299229,3997,1,0.2,2
[{'2755'}],0.11984161146220984,199,0.013240472020309424,0.37306484640861043,0.38630531842891985,147,52,0.1456575911171727,0.14393226800773729,3997,1,0.2,2
"[{'2030'}, {'2025'}]",0.11982496289287466,73,0.017932570334578568,0.3617607987215442,0.34382822838696564,62,11,0.15874297807854615,0.11576464717049037,3997,1,0.2,2
"[{'2015'}, {'1010'}]",0.11981837697006015,313,0.03578386964929886,0.406501886711273,0.37071801706197416,219,94,0.16027930923240016,0.13800609930220636,3997,1,0.2,2
"[{'2079'}, {'2007'}]",0.11979957137543241,80,0.007492501066769963,0.3497264338978406,0.3422339328310706,58,22,0.14409556455293523,0.10459976166866598,3997,1,0.2,2
"[{'2024'}, {'1037'}]",0.1197981642170071,102,0.011541871354778188,0.41888718929753377,0.4073453179427556,67,35,0.15163729202008297,0.16561372925097978,3997,1,0.2,2
"[{'2001'}, {'5637'}]",0.11979807398440553,74,0.02630202229935802,0.4133630099777992,0.38706098767844116,52,22,0.15036679433060207,0.1515614637105141,3997,1,0.2,2
"[{'2012'}, {'1012'}]",0.11979234062702088,62,0.022399004002412126,0.37476578533649446,0.3971647893389066,50,12,0.14668470737399777,0.15978207825140542,3997,1,0.2,2
"[{'1029'}, {'1010'}]",0.11976665328492751,60,0.012859872457656019,0.396029879423705,0.408889751881361,44,16,0.16019087317335245,0.15211874047163468,3997,1,0.2,2
"[{'1055'}, {'1037'}]",0.11974665658211434,143,0.01467017939016535,0.37882132931511003,0.3934915087052754,101,42,0.14843210358156422,0.13497871552183782,3997,1,0.2,2
"[{'2007'}, {'1010'}]",0.11974569637257128,77,0.012991443235839562,0.36819910771887876,0.3811905509547183,58,19,0.1402037818548891,0.15893331225400026,3997,1,0.2,2
"[{'1996'}, {'2755'}, {'2008'}]",0.11973179933211972,73,0.015619176626205433,0.3832639455795288,0.39888312220573424,53,20,0.1467560871365921,0.1376197285171768,3997,1,0.2,2
"[{'1010'}, {'2308'}]",0.1197272877858657,62,0.01813645553267862,0.38046837823335516,0.3986048337660338,43,19,0.1575462591299944,0.17529921906992177,3997,1,0.2,2
"[{'1012'}, {'2123'}, {'1005'}, {'1056'}]",0.1197262479705607,118,0.014081282702898101,0.3776041522976898,0.3916854350005879,84,34,0.14930552955848667,0.1463353410259561,3997,1,0.2,2
[{'4676'}],0.11972580681476494,125,0.010495482285817426,0.4143672486146291,0.40387176632881167,75,50,0.16706355929251007,0.14756996409100304,3997,1,0.2,2
[{'3111'}],0.11969084735037164,61,0.030858995098816733,0.4096357822418213,0.37877678714300456,42,19,0.14699476454489802,0.1583018792132454,3997,1,0.2,2
"[{'5860'}, {'20026'}, {'2114'}]",0.11968656063607618,73,0.004967944070978003,0.43545594389708536,0.44042388796806337,53,20,0.13044334453356252,0.15584399566665266,3997,1,0.2,2
"[{'2004'}, {'5637'}]",0.11968416020640642,89,0.03098962413003814,0.39997432896724117,0.368984704837203,65,24,0.1575607683554512,0.13116508051058479,3997,1,0.2,2
[{'1029'}],0.11968121696903329,1262,0.007350509026434748,0.39420862270589546,0.4015591317323302,873,389,0.16387979856214552,0.15996154086013306,3997,1,0.2,2
[{'2015'}],0.11966628132854971,1675,0.011614295205486513,0.40268217864120254,0.391067883435716,1111,564,0.1605556843982964,0.15116006070654708,3997,1,0.2,2
[{'2995'}],0.11966008704136347,122,0.016526006318259512,0.37058313841958646,0.38710914473784597,103,19,0.15169384895007818,0.1717416008519563,3997,1,0.2,2
[{'2691'}],0.1196569452568299,63,0.010312542273448078,0.36348101377487185,0.3531684715014238,50,13,0.14712865757260737,0.09687121028778496,3997,1,0.2,2
"[{'1010'}, {'2023'}]",0.11965456039764594,65,0.009558597601615537,0.3710444509348971,0.3806030485365126,47,18,0.13282122976070948,0.09616684847640536,3997,1,0.2,2
[{'2812'}],0.11965261946900957,126,0.015292305416531038,0.38149183111058343,0.3661995256940524,90,36,0.15572831460417658,0.1513513643146815,3997,1,0.2,2
"[{'1012'}, {'2123'}, {'1005'}]",0.11964557093231924,119,0.011750699969984235,0.3776041522976898,0.389354852267674,84,35,0.14930552955848667,0.1448684834126078,3997,1,0.2,2
[{'3973'}],0.11964312127711955,64,0.01717089976583208,0.37851848125457765,0.39568938102040974,50,14,0.15272739164224963,0.13514204219415962,3997,1,0.2,2
[{'2178'}],0.11964018227963329,162,0.010220148726406253,0.3755304456776024,0.38575059440400866,117,45,0.14398887620548112,0.14816389615343997,3997,1,0.2,2
"[{'2108'}, {'1037'}]",0.11958095868677206,60,0.029930000786076882,0.40804755653847347,0.3781175557523966,44,16,0.15297459192024893,0.1445121159722899,3997,1,0.2,2
[{'2017'}],0.11958051767550856,1486,0.007443764863331093,0.3810057707701779,0.388449535633509,1018,468,0.16061876880533638,0.15769554009157002,3997,1,0.2,2
"[{'1012'}, {'2009'}, {'2003'}]",0.11957598855210463,165,0.012152062373387673,0.38212989061548,0.39428195298886765,114,51,0.1570447682349477,0.15871762556784486,3997,1,0.2,2
[{'3424'}],0.11956562932214394,186,0.009486345247479933,0.37942985850468014,0.3889162037521601,114,72,0.1448194997563347,0.16812525214513863,3997,1,0.2,2
"[{'2008'}, {'2017'}]",0.11956178145293025,138,0.013748560262762999,0.3842179211585418,0.3704693608957788,92,46,0.1643219760382464,0.14930862021260113,3997,1,0.2,2
"[{'2111'}, {'1996'}]",0.11955062080525815,69,0.008123245564374104,0.3730811449614438,0.3812043905258179,44,25,0.14215847509379562,0.1587070050161554,3997,1,0.2,2
"[{'2057'}, {'2024'}]",0.1195489189547655,84,0.013233163349541555,0.3843637684216866,0.3975969317712282,65,19,0.14368496656693192,0.16095544592115826,3997,1,0.2,2
"[{'2025'}, {'1012'}]",0.1195480980295131,203,0.00935744192396365,0.3768947482682191,0.36753730634425547,156,47,0.15014938179023263,0.13284074227135767,3997,1,0.2,2
"[{'1012'}, {'2024'}]",0.11954169675441094,263,0.010442104145637288,0.38478705554436415,0.39522915969000144,195,68,0.15435294626931842,0.15618758576002792,3997,1,0.2,2
"[{'1010'}, {'2015'}]",0.11954091520944679,128,0.02207680382890259,0.3936900020037827,0.3716131981748801,76,52,0.15319816601342132,0.13154355645169016,3997,1,0.2,2
[{'2453'}],0.11953670232068747,99,0.008776031296562237,0.3757061010433568,0.36693006974679454,72,27,0.14815916554154454,0.12022495266829608,3997,1,0.2,2
"[{'1012'}, {'2115'}]",0.11953303109036785,102,0.014139664478791059,0.3826810815013372,0.3685414170225461,78,24,0.15273507193765745,0.15450043323610246,3997,1,0.2,2
[{'2098'}],0.11953199383452845,255,0.007142880850190658,0.3959350441582501,0.40307792500844075,192,63,0.14506686859902926,0.15629617713431415,3997,1,0.2,2
"[{'2017'}, {'1012'}]",0.11952915732876047,124,0.010411305268674786,0.38305903953023074,0.3934703447989055,82,42,0.14556624415688543,0.13697859798538098,3997,1,0.2,2
"[{'1998'}, {'5637'}]",0.11952398305652313,198,0.0030973058081034677,0.35050902797868755,0.353606333786791,132,66,0.14541034993073526,0.14345317517870135,3997,1,0.2,2
"[{'2009'}, {'1055'}]",0.11951392698377832,378,0.00608664704595141,0.3950010362859076,0.401087683331859,267,111,0.15613898163457757,0.15048323907570893,3997,1,0.2,2
"[{'3424'}, {'1011'}, {'5637'}]",0.11951136259733593,86,0.00937671265887019,0.3793975730549614,0.3887742857138316,53,33,0.15567449860112081,0.16717684090955334,3997,1,0.2,2
"[{'5860'}, {'20026'}]",0.11950779304378502,113,0.004339480376147842,0.41192806862204906,0.4162675489981969,83,30,0.13563779357165726,0.14059574974576183,3997,1,0.2,2
"[{'15667'}, {'1010'}]",0.11949142409711352,175,0.010618506785379123,0.3844060981172626,0.3737875913318835,118,57,0.14073276927070796,0.16149289660749036,3997,1,0.2,2
[{'11690'}],0.11948897965402883,202,0.0061789789090719305,0.395053567615018,0.4012325465240899,134,68,0.1582533393995057,0.1647222484013383,3997,1,0.2,2
[{'3046'}],0.11948240347773896,76,0.02807914260113137,0.4053399340838802,0.3772607914827488,49,27,0.1664414436186006,0.1216800528969516,3997,1,0.2,2
"[{'2017'}, {'2008'}]",0.11947377029996922,117,0.008544334198957615,0.38854224722326536,0.397086581422223,81,36,0.16794823778185505,0.16206077596386814,3997,1,0.2,2
"[{'1012'}, {'2111'}]",0.11947056584746421,70,0.0105399576160643,0.3829569992091921,0.39349695682525637,45,25,0.14480365381404245,0.16523700825503157,3997,1,0.2,2
"[{'1005'}, {'1037'}]",0.11946696915216139,163,0.02171045428560686,0.39326803584893544,0.3715575815633286,120,43,0.1642049586613332,0.13579578385857313,3997,1,0.2,2
"[{'2008'}, {'1029'}]",0.11945849951627813,70,0.01263437880697138,0.384196505242703,0.3715621264357316,51,19,0.16490796911442052,0.15021583317511195,3997,1,0.2,2
[{'3209'}],0.11945003897191195,129,0.02706213409448671,0.40440691939809104,0.3773447853036043,88,41,0.16247977464939134,0.14536477951911014,3997,1,0.2,2
[{'15949'}],0.11944879402021381,262,0.020801513459833942,0.40588792528382583,0.3850864118239919,201,61,0.15482808963653943,0.1368203097062063,3997,1,0.2,2
"[{'2015'}, {'2040'}]",0.11944863453848435,60,0.006244611936611133,0.3968757681357555,0.4031203800723666,39,21,0.1229206103269256,0.16780669555535296,3997,1,0.2,2
"[{'2002'}, {'1005'}, {'1055'}]",0.11944384035121393,74,0.014762243799779584,0.40214128891626993,0.38737904511649035,45,29,0.1576005881400917,0.15194246775741088,3997,1,0.2,2
[{'2108'}],0.11943474800237372,490,0.004791551232337932,0.39472216363464085,0.3995137148669788,350,140,0.1530339719079467,0.15885129527850778,3997,1,0.2,2
"[{'1012'}, {'2009'}, {'1005'}]",0.1194307383007632,147,0.00875396952704266,0.40258071994459305,0.3938267504175504,111,36,0.15192113170137952,0.15298574535427573,3997,1,0.2,2
"[{'1056'}, {'2009'}]",0.11942940109030667,65,0.007129373790333127,0.37049581869593207,0.36336644490559894,53,12,0.15130062703727282,0.1427910286997666,3997,1,0.2,2
"[{'2017'}, {'1005'}, {'2128'}]",0.11942736916064442,121,0.020088287482767586,0.3930974612767632,0.3730091737939956,74,47,0.16210404098089048,0.16383036811512924,3997,1,0.2,2
"[{'1005'}, {'1012'}]",0.11942671865073143,86,0.004924089011255184,0.3680488299864989,0.3631247409752437,65,21,0.1488656649987397,0.14537712638326394,3997,1,0.2,2
"[{'2003'}, {'2019'}]",0.1194258367059728,118,0.006079362835330004,0.3936000232455097,0.3996793860808397,79,39,0.14799898037471124,0.172297433642886,3997,1,0.2,2
[{'2748'}],0.11942209982398055,147,0.005822823668012844,0.39096840182129217,0.396791225489305,98,49,0.15193627787105562,0.1504121556109048,3997,1,0.2,2
[{'5637'}],0.11942098224830268,2878,0.014858217303719612,0.394494584008504,0.3796363667047844,1933,945,0.16390372111228402,0.15379383087842316,3997,1,0.2,2
"[{'1000'}, {'1029'}]",0.11941737406868078,79,0.004402926596610457,0.3659331388771534,0.37033606547376385,56,23,0.16312678348054083,0.15521659767252027,3997,1,0.2,2
"[{'2027'}, {'1005'}, {'1056'}]",0.11941445558116243,109,0.003753641670780683,0.36582101803076894,0.3695746597015496,76,33,0.14134091574899516,0.15432019864623214,3997,1,0.2,2
[{'1012'}],0.11941350347291671,3772,0.009678927117614922,0.3925309436563796,0.38285201653876466,2605,1167,0.16161482608369074,0.153760648987538,3997,1,0.2,2
"[{'2005'}, {'2015'}]",0.11940926229933477,63,0.006998573243618023,0.4070777763923009,0.4000792031486829,45,18,0.15421872442955514,0.17762664456908744,3997,1,0.2,2
"[{'1010'}, {'5637'}, {'2015'}]",0.11940675472384994,75,0.01154676487380607,0.3894467607457587,0.3778999958719526,47,28,0.14661963807073303,0.13968166728364995,3997,1,0.2,2
"[{'1037'}, {'2030'}]",0.11940537477643073,64,0.01727245728939003,0.38825083008179295,0.3709783727924029,52,12,0.15661414631887374,0.1336579205781545,3997,1,0.2,2
"[{'1005'}, {'1055'}, {'1037'}]",0.11940518508397134,138,0.006730702565032609,0.38229503254501185,0.38902573511004446,98,40,0.1492387588538332,0.13415537751712803,3997,1,0.2,2
[{'2024'}],0.11940399066161925,1661,0.006189794323511688,0.3957705687794645,0.3895807744559528,1180,481,0.15945785471189522,0.15266525437307263,3997,1,0.2,2
"[{'2030'}, {'1012'}]",0.11940299100891975,127,0.005769394445642895,0.4093516661663248,0.4035822717206819,99,28,0.17024227584067309,0.15261791745337044,3997,1,0.2,2
[{'2336'}],0.11939868108772574,180,0.0036225075958870034,0.4048145931446925,0.4084371007405795,128,52,0.16728388250499787,0.15441745859279152,3997,1,0.2,2
"[{'2755'}, {'2008'}]",0.11938954621231246,85,0.009122343510389319,0.3866049937903881,0.3774826502799988,60,25,0.1491074002049449,0.13140766117810998,3997,1,0.2,2
"[{'2040'}, {'2024'}]",0.11938720233326787,156,0.025105834775278224,0.40307278803416663,0.3779669532588884,105,51,0.15980474498129738,0.1365293384145508,3997,1,0.2,2
"[{'1012'}, {'2025'}]",0.1193748291967609,96,0.005696870666524523,0.380695099483675,0.3749982288171505,67,29,0.15505323363453358,0.1405595782694175,3997,1,0.2,2
"[{'2027'}, {'2024'}]",0.11937308724214402,330,0.01018415486647023,0.3968439033875863,0.38665974852111606,240,90,0.15188987923572114,0.15848341723626966,3997,1,0.2,2
[{'4496'}],0.11936957657581586,64,0.004779089368574796,0.39570647014511956,0.40048555951369436,45,19,0.15699232832765866,0.1226318224875367,3997,1,0.2,2
"[{'1010'}, {'2017'}]",0.11936879117592294,320,0.0041183253693286015,0.37957197561392336,0.38369030098325196,223,97,0.15238215870587618,0.15713546690577085,3997,1,0.2,2
"[{'2024'}, {'2025'}]",0.11936619719317502,151,0.005947569624133897,0.3877765461106167,0.3937241157347506,107,44,0.1616681045747211,0.1531016530490486,3997,1,0.2,2
"[{'2008'}, {'2015'}]",0.1193623079504997,76,0.00414660838685299,0.400367729539095,0.396221121152242,43,33,0.13826478736035502,0.13959486935417004,3997,1,0.2,2
"[{'5637'}, {'2030'}]",0.11936116607931554,140,0.02230908263569803,0.4041569507065809,0.3818478680708829,106,34,0.17182169137564565,0.14199743763986325,3997,1,0.2,2
"[{'2009'}, {'1005'}, {'1055'}]",0.11936072356874476,360,0.0034049978531141,0.3956593764511493,0.3990643743042634,253,107,0.1561078554271134,0.15009662264727655,3997,1,0.2,2
[{'2317'}],0.1193511912914461,143,0.012707682044217072,0.39659172973849555,0.3838840476942785,77,66,0.1396886844539136,0.1571411926862997,3997,1,0.2,2
[{'2919'}],0.11934688892471221,87,0.008226121625592608,0.39745541926353206,0.38922929763793945,62,25,0.1475565169536255,0.1580488883436267,3997,1,0.2,2
"[{'1012'}, {'1005'}, {'1055'}]",0.11934099974033079,248,0.00427801882904949,0.3892612515038319,0.3935392703328814,178,70,0.1471469621550225,0.14675387413823252,3997,1,0.2,2
"[{'1012'}, {'2052'}]",0.11933804105064404,84,0.009196985280141234,0.3881742691155523,0.37897728383541107,64,20,0.1504305593721908,0.15817330203782098,3997,1,0.2,2
[{'2308'}],0.11933707783680722,388,0.0026757017971231756,0.40460008943652753,0.40192438763940436,271,117,0.16410418926758633,0.16836947636246638,3997,1,0.2,2
[{'2122'}],0.11933496576174613,280,0.005699589011293971,0.38564109194900187,0.39134068096029584,211,69,0.15409720265725224,0.16408821307068494,3997,1,0.2,2
"[{'1010'}, {'2024'}]",0.11933050868942566,163,0.00422574340776638,0.40011078819759893,0.39588504478983255,117,46,0.150460663250467,0.16740671646045152,3997,1,0.2,2
"[{'2003'}, {'1012'}]",0.11932258221647259,247,0.004889983635139428,0.38542757397410515,0.3903175576092446,174,73,0.16931608278613344,0.15704327230654655,3997,1,0.2,2
"[{'1998'}, {'15667'}]",0.11931993139760899,60,0.0030499190589429737,0.3766504678784347,0.37360054881949173,41,19,0.128924870317521,0.13899843874895274,3997,1,0.2,2
"[{'2003'}, {'5637'}]",0.11931912627678828,125,0.017126236302266562,0.3992611068404383,0.38213487053817174,72,53,0.17200876797803574,0.15610184105210692,3997,1,0.2,2
[{'2843'}],0.1193185425880529,97,0.002424419486433016,0.4124200508782738,0.41484447036470684,76,21,0.16801993543945298,0.15472117114895484,3997,1,0.2,2
[{'2041'}],0.11931517649763271,495,0.003480154951529313,0.38428697809993223,0.38776713305146154,358,137,0.15377885948619396,0.14255768839666155,3997,1,0.2,2
"[{'1037'}, {'1012'}]",0.1193138495540673,292,0.0021054133838421807,0.3748676728936705,0.37276225950982833,202,90,0.1477418472996362,0.1403386702335123,3997,1,0.2,2
"[{'1005'}, {'2128'}]",0.1193128580142457,204,0.004431855347421465,0.3948771076069938,0.39044525225957233,135,69,0.160850230742783,0.1611289790624641,3997,1,0.2,2
[{'3168'}],0.11930231346540933,70,0.0020615164077643078,0.36006514592604205,0.36212666233380636,55,15,0.1544088449011283,0.13811118485562832,3997,1,0.2,2
[{'3442'}],0.11929842008794456,236,0.0012201102035730993,0.42308893172364487,0.42186882152007177,171,65,0.16420572329065966,0.17180082694629448,3997,1,0.2,2
"[{'2017'}, {'2024'}]",0.1192945257001577,248,0.002431232404536632,0.3977892159246931,0.39535798352015644,153,95,0.16498168500468668,0.1614653916914798,3997,1,0.2,2
[{'2075'}],0.11928929381739646,308,0.0029070591098854792,0.38418255522497385,0.38708961433485933,213,95,0.15743431000802416,0.16292881974948673,3997,1,0.2,2
"[{'2024'}, {'2000'}]",0.11928913742736783,172,0.004135178793378214,0.38707988189549003,0.3829447031021118,119,53,0.16633167031941487,0.15077551028019975,3997,1,0.2,2
[{'2158'}],0.11928862250631457,241,0.0034002670300951054,0.393429961356317,0.3900296943262219,161,80,0.1567014509321457,0.14663676978665544,3997,1,0.2,2
"[{'1010'}, {'5637'}]",0.11928577227842062,295,0.0018316316579891634,0.37640544501881973,0.3782370766768089,204,91,0.16154017898539827,0.14346136223411526,3997,1,0.2,2
"[{'2035'}, {'1012'}]",0.1192755702727423,102,0.0034568332549598235,0.3861077156745725,0.38956454892953235,72,30,0.1483010632339234,0.15648129744085942,3997,1,0.2,2
"[{'2138'}, {'2027'}]",0.11927409779084391,106,0.0018884547828853515,0.4057230284171445,0.4076114832000299,84,22,0.16786656986880719,0.15538994868357675,3997,1,0.2,2
"[{'2003'}, {'2054'}]",0.11926880345849307,70,0.0015639060735702648,0.37018811762332915,0.3717520236968994,50,20,0.15858963613067614,0.15505239218737335,3997,1,0.2,2
"[{'2068'}, {'1012'}]",0.11926861944512798,146,0.0028488814722800737,0.3879912947507008,0.38514241327842075,92,54,0.14699212041486207,0.13456797747705626,3997,1,0.2,2
"[{'2024'}, {'1012'}]",0.11925778458707981,144,0.002402344422733904,0.3926110474430785,0.3902087030203446,98,46,0.15533936024183953,0.15010847325636936,3997,1,0.2,2
"[{'4424'}, {'1012'}]",0.1192527952561313,68,0.02143406955308691,0.4005295547635056,0.3790954852104187,43,25,0.14242304631576408,0.16454657698927871,3997,1,0.2,2
"[{'2003'}, {'1996'}, {'1997'}]",0.11924778411019599,79,0.022058843019785335,0.40049312792041086,0.37843428490062553,55,24,0.1720828779449443,0.14282670962869126,3997,1,0.2,2
"[{'1998'}, {'1005'}]",0.11923848691978126,150,0.0014188308914813708,0.39578685793307944,0.39436802704159807,109,41,0.15228837927237418,0.17727729151948943,3997,1,0.2,2
"[{'2216'}, {'2040'}]",0.11923259960522828,150,0.0012197106278304948,0.39205172512911063,0.3932714357569411,113,37,0.1589332413891804,0.15605454235087324,3997,1,0.2,2
"[{'2009'}, {'2003'}, {'1996'}]",0.11922665347493097,63,0.0010096338267127636,0.39762003750850755,0.3986296713352203,48,15,0.158582674693742,0.18452594111678328,3997,1,0.2,2
[{'2304'}],0.11922056880823219,126,0.000616849560133137,0.39405177344738596,0.3934349238872528,71,55,0.13329396389606973,0.17472296199522455,3997,1,0.2,2
"[{'2113'}, {'2008'}]",0.11921883425766047,70,0.0009081741605980187,0.38875173971704813,0.38965991387764615,46,24,0.15735318265891646,0.17299192023013593,3997,1,0.2,2
"[{'2017'}, {'1005'}]",0.11920307664663952,270,5.428392414963401e-06,0.39149331116262887,0.3914878827702139,173,97,0.16605932016972905,0.16567903955324892,3997,1,0.2,2
